{
"type": "FeatureCollection",
"name": "iris-paris-wgs84",
"crs": { "type": "name", "properties": { "name": "urn:ogc:def:crs:OGC:1.3:CRS84" } },
"features": [
{ "type": "Feature", "properties": { "code_iris": "751010102", "nom_iris": "Saint-Germain l'Auxerrois 2", "type_iris": "A", "arr": "1er", "n": 21, "prix_med": 450.0, "pct_multi": 66.7, "pct_entire": 100.0, "ratio_lh": 1.62 }, "geometry": { "type": "MultiPolygon", "coordinates": [ [ [ [ 2.346476434928995, 48.856189716530338 ], [ 2.345836666383354, 48.855257189636411 ], [ 2.344918495507247, 48.854356410656663 ], [ 2.343376823687082, 48.855026073122744 ], [ 2.341288823638048, 48.856862766863536 ], [ 2.341545478906288, 48.857152871351659 ], [ 2.343995773891932, 48.856850656770106 ], [ 2.345144661828362, 48.856639306489811 ], [ 2.346476434928995, 48.856189716530338 ] ] ] ] } },
{ "type": "Feature", "properties": { "code_iris": "751010103", "nom_iris": "Saint-Germain l'Auxerrois 3", "type_iris": "A", "arr": "1er", "n": 19, "prix_med": 225.0, "pct_multi": 36.8, "pct_entire": 78.9, "ratio_lh": 1.06 }, "geometry": { "type": "MultiPolygon", "coordinates": [ [ [ [ 2.340845071494255, 48.860911896782461 ], [ 2.343980671322331, 48.859890378684781 ], [ 2.343212327141845, 48.859101931307393 ], [ 2.342671643109269, 48.858419953093794 ], [ 2.34247309405207, 48.858492609042685 ], [ 2.339860690568446, 48.858996252171551 ], [ 2.340845071494255, 48.860911896782461 ] ] ] ] } },
{ "type": "Feature", "properties": { "code_iris": "751010104", "nom_iris": "Saint-Germain l'Auxerrois 4", "type_iris": "A", "arr": "1er", "n": 14, "prix_med": 183.0, "pct_multi": 57.1, "pct_entire": 100.0, "ratio_lh": 1.08 }, "geometry": { "type": "MultiPolygon", "coordinates": [ [ [ [ 2.339130016712214, 48.861476222413486 ], [ 2.340845071494255, 48.860911896782461 ], [ 2.339860690568446, 48.858996252171551 ], [ 2.336388456215045, 48.859370962946869 ], [ 2.334768505532421, 48.859745991301509 ], [ 2.333352924835915, 48.860125733790333 ], [ 2.330694738835292, 48.860678386228571 ], [ 2.330141936118199, 48.860844370984907 ], [ 2.330081294199133, 48.861002317087667 ], [ 2.331489536803284, 48.863004048246644 ], [ 2.331967861218245, 48.863651551440121 ], [ 2.332106845826641, 48.863762047527317 ], [ 2.339130016712214, 48.861476222413486 ] ] ] ] } },
{ "type": "Feature", "properties": { "code_iris": "751010205", "nom_iris": "Les Halles 5", "type_iris": "A", "arr": "1er", "n": 47, "prix_med": 189.0, "pct_multi": 57.4, "pct_entire": 89.4, "ratio_lh": 1.04 }, "geometry": { "type": "MultiPolygon", "coordinates": [ [ [ [ 2.348444771796439, 48.862379879657169 ], [ 2.347747960057199, 48.860986592113328 ], [ 2.347661823737401, 48.861007706964855 ], [ 2.345431886084228, 48.861549529099001 ], [ 2.344852766340415, 48.861643489702644 ], [ 2.342298098201258, 48.862205958993485 ], [ 2.342215626500065, 48.862260365923397 ], [ 2.342323325111831, 48.862259159135263 ], [ 2.34244383634635, 48.862322775667906 ], [ 2.342554649228628, 48.862506851338786 ], [ 2.34237634772353, 48.86259400773065 ], [ 2.34230843703951, 48.862682669913461 ], [ 2.342274010730002, 48.862818282130235 ], [ 2.342202555599268, 48.862863756101198 ], [ 2.34224101537026, 48.862948506104438 ], [ 2.342310801707241, 48.863035226941946 ], [ 2.342650180331437, 48.863145912487759 ], [ 2.34297580348559, 48.863158492748362 ], [ 2.343149856392409, 48.863516488746896 ], [ 2.343871841076282, 48.863336982485549 ], [ 2.344285208026899, 48.86330956960127 ], [ 2.34502471284832, 48.863145441271769 ], [ 2.345536078757462, 48.863129352524361 ], [ 2.345881928302091, 48.862942380551338 ], [ 2.348444771796439, 48.862379879657169 ] ] ] ] } },
{ "type": "Feature", "properties": { "code_iris": "751010206", "nom_iris": "Les Halles 6", "type_iris": "A", "arr": "1er", "n": 55, "prix_med": 197.0, "pct_multi": 47.3, "pct_entire": 90.9, "ratio_lh": 1.1 }, "geometry": { "type": "MultiPolygon", "coordinates": [ [ [ [ 2.341202420510689, 48.86574425590851 ], [ 2.343082571546486, 48.865285132427069 ], [ 2.34497496823186, 48.864825147078335 ], [ 2.342742145050976, 48.863635662108614 ], [ 2.34237553907866, 48.863845893927582 ], [ 2.340446294578857, 48.864740918842301 ], [ 2.341202420510689, 48.86574425590851 ] ] ] ] } },
{ "type": "Feature", "properties": { "code_iris": "751010302", "nom_iris": "Palais Royal 2", "type_iris": "A", "arr": "1er", "n": 18, "prix_med": 174.0, "pct_multi": 38.9, "pct_entire": 88.9, "ratio_lh": 1.0 }, "geometry": { "type": "MultiPolygon", "coordinates": [ [ [ [ 2.338668944584592, 48.866336441993312 ], [ 2.341202420510689, 48.86574425590851 ], [ 2.340446294578857, 48.864740918842301 ], [ 2.339770386093294, 48.863541061577706 ], [ 2.338157156657303, 48.86391527270559 ], [ 2.33924479120029, 48.865968193164846 ], [ 2.338554390577688, 48.866125362313518 ], [ 2.338668944584592, 48.866336441993312 ] ] ] ] } },
{ "type": "Feature", "properties": { "code_iris": "751010303", "nom_iris": "Palais Royal 3", "type_iris": "A", "arr": "1er", "n": 25, "prix_med": 306.0, "pct_multi": 68.0, "pct_entire": 100.0, "ratio_lh": 1.04 }, "geometry": { "type": "MultiPolygon", "coordinates": [ [ [ [ 2.339143935838259, 48.862205670628413 ], [ 2.339469249651607, 48.862134619419308 ], [ 2.339130016712214, 48.861476222413486 ], [ 2.332106845826641, 48.863762047527317 ], [ 2.332703105123855, 48.864568490355992 ], [ 2.33557160770686, 48.86314369605288 ], [ 2.339143935838259, 48.862205670628413 ] ] ] ] } },
{ "type": "Feature", "properties": { "code_iris": "751010402", "nom_iris": "Place Vendôme 2", "type_iris": "A", "arr": "1er", "n": 122, "prix_med": 260.0, "pct_multi": 65.6, "pct_entire": 97.5, "ratio_lh": 1.4 }, "geometry": { "type": "MultiPolygon", "coordinates": [ [ [ [ 2.325888016639641, 48.869576523709988 ], [ 2.327999372502886, 48.869921153111648 ], [ 2.330284399564853, 48.868317840692505 ], [ 2.333660618265889, 48.867506590183552 ], [ 2.331943434473313, 48.864918594811996 ], [ 2.328541015134628, 48.866610110397119 ], [ 2.326976410522479, 48.867216474567236 ], [ 2.325876347626611, 48.867528651756054 ], [ 2.324584010884946, 48.8679494539983 ], [ 2.325318661731757, 48.869012125439745 ], [ 2.325166186173741, 48.869416869784203 ], [ 2.325888016639641, 48.869576523709988 ] ] ] ] } },
{ "type": "Feature", "properties": { "code_iris": "751020501", "nom_iris": "Gaillon 1", "type_iris": "A", "arr": "2e", "n": 93, "prix_med": 248.0, "pct_multi": 68.8, "pct_entire": 94.6, "ratio_lh": 1.39 }, "geometry": { "type": "MultiPolygon", "coordinates": [ [ [ [ 2.335874392590844, 48.866979288028773 ], [ 2.333660618265889, 48.867506590183552 ], [ 2.332460764805722, 48.870289666388317 ], [ 2.332659457141542, 48.870316855249747 ], [ 2.336779626833816, 48.869543838262224 ], [ 2.336692678508776, 48.868877843074117 ], [ 2.335874392590844, 48.866979288028773 ] ] ] ] } },
{ "type": "Feature", "properties": { "code_iris": "751020502", "nom_iris": "Gaillon 2", "type_iris": "A", "arr": "2e", "n": 63, "prix_med": 240.0, "pct_multi": 90.5, "pct_entire": 96.8, "ratio_lh": 1.8 }, "geometry": { "type": "MultiPolygon", "coordinates": [ [ [ [ 2.333660618265889, 48.867506590183552 ], [ 2.330284399564853, 48.868317840692505 ], [ 2.327999372502886, 48.869921153111648 ], [ 2.329973073724776, 48.870264974521106 ], [ 2.332522410349862, 48.870692015935795 ], [ 2.332659457141542, 48.870316855249747 ], [ 2.332460764805722, 48.870289666388317 ], [ 2.333660618265889, 48.867506590183552 ] ] ] ] } },
{ "type": "Feature", "properties": { "code_iris": "751020503", "nom_iris": "Gaillon 3", "type_iris": "A", "arr": "2e", "n": 33, "prix_med": 283.0, "pct_multi": 75.8, "pct_entire": 93.9, "ratio_lh": 1.43 }, "geometry": { "type": "MultiPolygon", "coordinates": [ [ [ [ 2.332522410349862, 48.870692015935795 ], [ 2.334154842936358, 48.870968212371416 ], [ 2.336996437232553, 48.871467831145758 ], [ 2.336779626833816, 48.869543838262224 ], [ 2.332659457141542, 48.870316855249747 ], [ 2.332522410349862, 48.870692015935795 ] ] ] ] } },
{ "type": "Feature", "properties": { "code_iris": "751020602", "nom_iris": "Vivienne 2", "type_iris": "A", "arr": "2e", "n": 137, "prix_med": 255.0, "pct_multi": 66.4, "pct_entire": 94.2, "ratio_lh": 1.36 }, "geometry": { "type": "MultiPolygon", "coordinates": [ [ [ [ 2.336996437232553, 48.871467831145758 ], [ 2.337122942617793, 48.87149011596378 ], [ 2.340041163195277, 48.871972099433272 ], [ 2.343050733348993, 48.871485024609157 ], [ 2.342631945605392, 48.87020835990721 ], [ 2.341881329123523, 48.868545848907672 ], [ 2.336779626833816, 48.869543838262224 ], [ 2.336996437232553, 48.871467831145758 ] ] ] ] } },
{ "type": "Feature", "properties": { "code_iris": "751020704", "nom_iris": "Mail 4", "type_iris": "A", "arr": "2e", "n": 49, "prix_med": 185.0, "pct_multi": 46.9, "pct_entire": 95.9, "ratio_lh": 1.09 }, "geometry": { "type": "MultiPolygon", "coordinates": [ [ [ [ 2.343050733348993, 48.871485024609157 ], [ 2.346736617803734, 48.87087565961599 ], [ 2.345852416994523, 48.869200754693544 ], [ 2.344595184850581, 48.869550016236722 ], [ 2.342794933935584, 48.869932257872478 ], [ 2.342631945605392, 48.87020835990721 ], [ 2.343050733348993, 48.871485024609157 ] ] ] ] } },
{ "type": "Feature", "properties": { "code_iris": "751041304", "nom_iris": "Saint-Merri 4", "type_iris": "A", "arr": "4e", "n": 49, "prix_med": 271.0, "pct_multi": 59.2, "pct_entire": 95.9, "ratio_lh": 1.29 }, "geometry": { "type": "MultiPolygon", "coordinates": [ [ [ [ 2.347329473251235, 48.857180960984913 ], [ 2.347573942712776, 48.857358566935332 ], [ 2.348223210390838, 48.858516871074343 ], [ 2.34959327774872, 48.858058462138459 ], [ 2.352386110558266, 48.857282180948538 ], [ 2.353717716870589, 48.85695212366241 ], [ 2.35300710809706, 48.855566879944945 ], [ 2.35260331445759, 48.85526790977967 ], [ 2.352057909980124, 48.855506883431957 ], [ 2.351976531089452, 48.855584686373717 ], [ 2.351172606954423, 48.85589780120938 ], [ 2.348925891243127, 48.856712102084316 ], [ 2.347329473251235, 48.857180960984913 ] ] ] ] } },
{ "type": "Feature", "properties": { "code_iris": "751041305", "nom_iris": "Saint-Merri 5", "type_iris": "A", "arr": "4e", "n": 12, "prix_med": 240.5, "pct_multi": 41.7, "pct_entire": 100.0, "ratio_lh": 1.0 }, "geometry": { "type": "MultiPolygon", "coordinates": [ [ [ [ 2.353015452158459, 48.857968192111997 ], [ 2.35423824021852, 48.857511631745268 ], [ 2.353892663363194, 48.856912597614063 ], [ 2.353717716870589, 48.85695212366241 ], [ 2.352386110558266, 48.857282180948538 ], [ 2.353015452158459, 48.857968192111997 ] ] ] ] } },
{ "type": "Feature", "properties": { "code_iris": "751041603", "nom_iris": "Notre-Dame 3", "type_iris": "A", "arr": "4e", "n": 8, "prix_med": 240.5, "pct_multi": 37.5, "pct_entire": 62.5, "ratio_lh": 1.0 }, "geometry": { "type": "MultiPolygon", "coordinates": [ [ [ [ 2.351597982626872, 48.851614687402076 ], [ 2.349933698541125, 48.852076019583961 ], [ 2.3490238379796, 48.852363363209186 ], [ 2.346673612596327, 48.853399201077615 ], [ 2.344634297019093, 48.854088645694546 ], [ 2.344918495507247, 48.854356410656663 ], [ 2.345836666383354, 48.855257189636411 ], [ 2.346476434928995, 48.856189716530338 ], [ 2.349533077968109, 48.855347490004299 ], [ 2.350282054202625, 48.855069162429508 ], [ 2.349175941989934, 48.853606199043192 ], [ 2.352196915137621, 48.852657585740786 ], [ 2.352173091532276, 48.852491076187128 ], [ 2.351597982626872, 48.851614687402076 ] ] ] ] } },
{ "type": "Feature", "properties": { "code_iris": "751051706", "nom_iris": "Saint-Victor 6", "type_iris": "A", "arr": "5e", "n": 19, "prix_med": 186.0, "pct_multi": 68.4, "pct_entire": 100.0, "ratio_lh": 1.19 }, "geometry": { "type": "MultiPolygon", "coordinates": [ [ [ [ 2.356039827496007, 48.849370500848472 ], [ 2.356790270839716, 48.849405115715065 ], [ 2.357464664102292, 48.849197390559212 ], [ 2.35771717562445, 48.849053949949507 ], [ 2.360987538112927, 48.846847350818003 ], [ 2.356980360073035, 48.844823007119061 ], [ 2.355251330835264, 48.846023340340167 ], [ 2.355209085356635, 48.846133733867276 ], [ 2.354961541597278, 48.846316768111585 ], [ 2.354540002228952, 48.846575308743141 ], [ 2.354445906390378, 48.846581096561223 ], [ 2.353400158815481, 48.847286842103436 ], [ 2.353105939214732, 48.847386879129829 ], [ 2.355339542637769, 48.848806430287766 ], [ 2.355971521517203, 48.849273902019753 ], [ 2.356039827496007, 48.849370500848472 ] ] ] ] } },
{ "type": "Feature", "properties": { "code_iris": "751052005", "nom_iris": "Sorbonne 5", "type_iris": "A", "arr": "5e", "n": 19, "prix_med": 225.0, "pct_multi": 57.9, "pct_entire": 89.5, "ratio_lh": 1.06 }, "geometry": { "type": "MultiPolygon", "coordinates": [ [ [ [ 2.34488577406675, 48.849587848122091 ], [ 2.346648201339913, 48.84912172514764 ], [ 2.346270738771676, 48.848577350431363 ], [ 2.346566432858769, 48.848361321043413 ], [ 2.347071213444796, 48.848097866783903 ], [ 2.346393840855248, 48.846693865976654 ], [ 2.345521917524655, 48.846895952043738 ], [ 2.344890804099697, 48.847128130111422 ], [ 2.343508441151609, 48.847392159277959 ], [ 2.342438862676042, 48.847813481158234 ], [ 2.343653661173407, 48.849927347998943 ], [ 2.34488577406675, 48.849587848122091 ] ] ] ] } },
{ "type": "Feature", "properties": { "code_iris": "751072507", "nom_iris": "Saint-Thomas d'Aquin 7", "type_iris": "A", "arr": "7e", "n": 5, "prix_med": 537.0, "pct_multi": 80.0, "pct_entire": 100.0, "ratio_lh": 1.0 }, "geometry": { "type": "MultiPolygon", "coordinates": [ [ [ [ 2.326814484762852, 48.851581240650113 ], [ 2.326867309541756, 48.851395370799608 ], [ 2.324162209437006, 48.850235238210288 ], [ 2.323516200569286, 48.851709233353255 ], [ 2.326768856571145, 48.851737472143455 ], [ 2.326814484762852, 48.851581240650113 ] ] ] ] } },
{ "type": "Feature", "properties": { "code_iris": "751072508", "nom_iris": "Saint-Thomas d'Aquin 8", "type_iris": "A", "arr": "7e", "n": 6, "prix_med": 176.0, "pct_multi": 50.0, "pct_entire": 100.0, "ratio_lh": 1.0 }, "geometry": { "type": "MultiPolygon", "coordinates": [ [ [ [ 2.324584325774488, 48.860039691827929 ], [ 2.325305164582824, 48.860792017796008 ], [ 2.32929029412567, 48.859553529807549 ], [ 2.328758729688885, 48.858812181934987 ], [ 2.324584325774488, 48.860039691827929 ] ] ] ] } },
{ "type": "Feature", "properties": { "code_iris": "751072605", "nom_iris": "Invalides 5", "type_iris": "A", "arr": "7e", "n": 0, "prix_med": 0.0, "pct_multi": 0.0, "pct_entire": 0.0, "ratio_lh": 0.0 }, "geometry": { "type": "MultiPolygon", "coordinates": [ [ [ [ 2.314959943070394, 48.860976969642486 ], [ 2.315189660196816, 48.862892102044285 ], [ 2.317847685076611, 48.862893791959223 ], [ 2.318446419937379, 48.862764099522614 ], [ 2.319039006863441, 48.862583106190627 ], [ 2.319284615584906, 48.862459493879143 ], [ 2.319667988850566, 48.862119921018845 ], [ 2.318815117735038, 48.8607327678925 ], [ 2.318022271013671, 48.860802898422612 ], [ 2.314959943070394, 48.860976969642486 ] ] ] ] } },
{ "type": "Feature", "properties": { "code_iris": "751072707", "nom_iris": "École Militaire 7", "type_iris": "A", "arr": "7e", "n": 9, "prix_med": 179.0, "pct_multi": 33.3, "pct_entire": 77.8, "ratio_lh": 1.0 }, "geometry": { "type": "MultiPolygon", "coordinates": [ [ [ [ 2.306041515788186, 48.847979336062892 ], [ 2.303659545504422, 48.849505204220968 ], [ 2.301227956943836, 48.851062211527989 ], [ 2.30091161986372, 48.851176381144477 ], [ 2.301984924088163, 48.851931814476828 ], [ 2.304297076922185, 48.853503869822603 ], [ 2.305447988318348, 48.854272312149831 ], [ 2.306404286884797, 48.854100685803864 ], [ 2.31006476189126, 48.85174844186227 ], [ 2.307822266261913, 48.849541950246845 ], [ 2.307577348034486, 48.849513552237596 ], [ 2.306041515788186, 48.847979336062892 ] ] ] ] } },
{ "type": "Feature", "properties": { "code_iris": "751082902", "nom_iris": "Champs Élysées 2", "type_iris": "A", "arr": "8e", "n": 47, "prix_med": 321.0, "pct_multi": 53.2, "pct_entire": 95.7, "ratio_lh": 1.09 }, "geometry": { "type": "MultiPolygon", "coordinates": [ [ [ [ 2.301662484441652, 48.864195334946658 ], [ 2.301635346720621, 48.864491062676557 ], [ 2.301395548741394, 48.86458409487016 ], [ 2.302002574884739, 48.864755815043793 ], [ 2.302953696669906, 48.86529197432202 ], [ 2.306296267634072, 48.867025552229585 ], [ 2.309289860188996, 48.868569056196939 ], [ 2.309453636306254, 48.86845218692941 ], [ 2.309652305114131, 48.868376888592941 ], [ 2.309943571528039, 48.868309318587357 ], [ 2.310169876535014, 48.868308824416829 ], [ 2.310253543826957, 48.866828982573068 ], [ 2.310289833735882, 48.864705831612511 ], [ 2.310359051668654, 48.864316812464338 ], [ 2.302291395688624, 48.864157632932809 ], [ 2.302239265255709, 48.864284137337933 ], [ 2.301662484441652, 48.864195334946658 ] ] ] ] } },
{ "type": "Feature", "properties": { "code_iris": "751082903", "nom_iris": "Champs Élysées 3", "type_iris": "A", "arr": "8e", "n": 89, "prix_med": 291.0, "pct_multi": 73.0, "pct_entire": 92.1, "ratio_lh": 1.37 }, "geometry": { "type": "MultiPolygon", "coordinates": [ [ [ [ 2.301364284995865, 48.870167960125812 ], [ 2.301875738249315, 48.870558561949494 ], [ 2.302598242105828, 48.871376680395031 ], [ 2.309195995284706, 48.869273601212761 ], [ 2.309074273264559, 48.869097526332645 ], [ 2.309063758269867, 48.868965261883268 ], [ 2.309155846019595, 48.868703184584184 ], [ 2.309289860188996, 48.868569056196939 ], [ 2.306296267634072, 48.867025552229585 ], [ 2.301424301036425, 48.870063986380771 ], [ 2.301364284995865, 48.870167960125812 ] ] ] ] } },
{ "type": "Feature", "properties": { "code_iris": "751082904", "nom_iris": "Champs Élysées 4", "type_iris": "A", "arr": "8e", "n": 28, "prix_med": 367.0, "pct_multi": 67.9, "pct_entire": 96.4, "ratio_lh": 1.27 }, "geometry": { "type": "MultiPolygon", "coordinates": [ [ [ [ 2.300991315923401, 48.864740919462669 ], [ 2.300297979606478, 48.865007572153552 ], [ 2.299841599006072, 48.864986916127734 ], [ 2.29983829121079, 48.86553729850619 ], [ 2.298906435388405, 48.868534765981423 ], [ 2.301008892315762, 48.869932954813066 ], [ 2.301448889881984, 48.86497742193739 ], [ 2.301361074980032, 48.864715198671561 ], [ 2.300991315923401, 48.864740919462669 ] ] ] ] } },
{ "type": "Feature", "properties": { "code_iris": "751082905", "nom_iris": "Champs Élysées 5", "type_iris": "A", "arr": "8e", "n": 40, "prix_med": 266.0, "pct_multi": 72.5, "pct_entire": 92.5, "ratio_lh": 1.33 }, "geometry": { "type": "MultiPolygon", "coordinates": [ [ [ [ 2.298906435388405, 48.868534765981423 ], [ 2.297501223263732, 48.87093857212033 ], [ 2.29620959727898, 48.872494045040241 ], [ 2.296421085544766, 48.872582524663159 ], [ 2.29651257822012, 48.872470644452257 ], [ 2.296666075414799, 48.872411290445235 ], [ 2.296749111943913, 48.872420771762712 ], [ 2.299985844285945, 48.871396505444388 ], [ 2.301875738249315, 48.870558561949494 ], [ 2.301364284995865, 48.870167960125812 ], [ 2.300996333598208, 48.870056091773016 ], [ 2.301008892315762, 48.869932954813066 ], [ 2.298906435388405, 48.868534765981423 ] ] ] ] } },
{ "type": "Feature", "properties": { "code_iris": "751082906", "nom_iris": "Champs Élysées 6", "type_iris": "A", "arr": "8e", "n": 14, "prix_med": 388.5, "pct_multi": 78.6, "pct_entire": 100.0, "ratio_lh": 1.75 }, "geometry": { "type": "MultiPolygon", "coordinates": [ [ [ [ 2.29620959727898, 48.872494045040241 ], [ 2.295542880656993, 48.873303129613525 ], [ 2.295032069299387, 48.87377317675093 ], [ 2.295831483384342, 48.873536858219659 ], [ 2.302317878867886, 48.871442497358068 ], [ 2.302598242105828, 48.871376680395031 ], [ 2.301875738249315, 48.870558561949494 ], [ 2.299985844285945, 48.871396505444388 ], [ 2.296749111943913, 48.872420771762712 ], [ 2.296666075414799, 48.872411290445235 ], [ 2.29651257822012, 48.872470644452257 ], [ 2.296421085544766, 48.872582524663159 ], [ 2.29620959727898, 48.872494045040241 ] ] ] ] } },
{ "type": "Feature", "properties": { "code_iris": "751083003", "nom_iris": "Faubourg du Roule 3", "type_iris": "A", "arr": "8e", "n": 109, "prix_med": 279.0, "pct_multi": 66.1, "pct_entire": 98.2, "ratio_lh": 1.38 }, "geometry": { "type": "MultiPolygon", "coordinates": [ [ [ [ 2.302598242105828, 48.871376680395031 ], [ 2.302317878867886, 48.871442497358068 ], [ 2.304109999984468, 48.872409831084802 ], [ 2.308863143921958, 48.870933668125502 ], [ 2.311971204590482, 48.869923624063766 ], [ 2.31030550472077, 48.869082143722764 ], [ 2.310074320765618, 48.869141966820557 ], [ 2.309888782873916, 48.869049163999435 ], [ 2.309195995284706, 48.869273601212761 ], [ 2.302598242105828, 48.871376680395031 ] ] ] ] } },
{ "type": "Feature", "properties": { "code_iris": "751083004", "nom_iris": "Faubourg du Roule 4", "type_iris": "A", "arr": "8e", "n": 166, "prix_med": 312.5, "pct_multi": 60.2, "pct_entire": 84.9, "ratio_lh": 1.31 }, "geometry": { "type": "MultiPolygon", "coordinates": [ [ [ [ 2.312461150100196, 48.872259335721232 ], [ 2.31244051527816, 48.872066757930874 ], [ 2.311991895838292, 48.871453526467462 ], [ 2.312867308464373, 48.870408122061001 ], [ 2.311971204590482, 48.869923624063766 ], [ 2.308863143921958, 48.870933668125502 ], [ 2.304109999984468, 48.872409831084802 ], [ 2.307449598277332, 48.874199104620644 ], [ 2.308481149026303, 48.873829143610138 ], [ 2.309981106738858, 48.873091345928124 ], [ 2.310760422032143, 48.872822435835111 ], [ 2.312461150100196, 48.872259335721232 ] ] ] ] } },
{ "type": "Feature", "properties": { "code_iris": "751083005", "nom_iris": "Faubourg du Roule 5", "type_iris": "A", "arr": "8e", "n": 130, "prix_med": 273.0, "pct_multi": 73.8, "pct_entire": 93.8, "ratio_lh": 1.41 }, "geometry": { "type": "MultiPolygon", "coordinates": [ [ [ [ 2.305643307046338, 48.874899120093822 ], [ 2.305936313981697, 48.874806388549473 ], [ 2.30646216149301, 48.874531539973439 ], [ 2.307449598277332, 48.874199104620644 ], [ 2.304109999984468, 48.872409831084802 ], [ 2.302317878867886, 48.871442497358068 ], [ 2.295831483384342, 48.873536858219659 ], [ 2.29590385159428, 48.873831369004776 ], [ 2.305479841578351, 48.874888279044441 ], [ 2.305643307046338, 48.874899120093822 ] ] ] ] } },
{ "type": "Feature", "properties": { "code_iris": "751083006", "nom_iris": "Faubourg du Roule 6", "type_iris": "A", "arr": "8e", "n": 28, "prix_med": 235.5, "pct_multi": 60.7, "pct_entire": 100.0, "ratio_lh": 1.12 }, "geometry": { "type": "MultiPolygon", "coordinates": [ [ [ [ 2.311534305425408, 48.873067013643549 ], [ 2.310760422032143, 48.872822435835111 ], [ 2.309981106738858, 48.873091345928124 ], [ 2.308481149026303, 48.873829143610138 ], [ 2.307449598277332, 48.874199104620644 ], [ 2.30646216149301, 48.874531539973439 ], [ 2.305936313981697, 48.874806388549473 ], [ 2.305643307046338, 48.874899120093822 ], [ 2.309198637543142, 48.875036604390701 ], [ 2.309649491120863, 48.874555360156464 ], [ 2.310530397593467, 48.873926401903297 ], [ 2.311534305425408, 48.873067013643549 ] ] ] ] } },
{ "type": "Feature", "properties": { "code_iris": "751083101", "nom_iris": "Madeleine 1", "type_iris": "A", "arr": "8e", "n": 21, "prix_med": 391.0, "pct_multi": 85.7, "pct_entire": 100.0, "ratio_lh": 1.62 }, "geometry": { "type": "MultiPolygon", "coordinates": [ [ [ [ 2.324584010884946, 48.8679494539983 ], [ 2.323471663253651, 48.866371116080209 ], [ 2.32306965660918, 48.866360748919824 ], [ 2.320336088493567, 48.867120493076058 ], [ 2.31619668079404, 48.868419852427124 ], [ 2.317679392698118, 48.870331326283022 ], [ 2.318737954295472, 48.869760876792384 ], [ 2.319664455143062, 48.869383925510107 ], [ 2.320607596325154, 48.869088901770922 ], [ 2.321846624927704, 48.86878835265496 ], [ 2.32326699985772, 48.868379096181201 ], [ 2.324584010884946, 48.8679494539983 ] ] ] ] } },
{ "type": "Feature", "properties": { "code_iris": "751083102", "nom_iris": "Madeleine 2", "type_iris": "A", "arr": "8e", "n": 27, "prix_med": 258.0, "pct_multi": 66.7, "pct_entire": 92.6, "ratio_lh": 1.08 }, "geometry": { "type": "MultiPolygon", "coordinates": [ [ [ [ 2.311971204590482, 48.869923624063766 ], [ 2.312867308464373, 48.870408122061001 ], [ 2.311991895838292, 48.871453526467462 ], [ 2.31244051527816, 48.872066757930874 ], [ 2.312461150100196, 48.872259335721232 ], [ 2.312863474050309, 48.872145630795522 ], [ 2.315726526363486, 48.87131305281968 ], [ 2.31615581685082, 48.871221075197184 ], [ 2.31749258439686, 48.870438182430426 ], [ 2.317679392698118, 48.870331326283022 ], [ 2.31619668079404, 48.868419852427124 ], [ 2.315928006584508, 48.868324785266658 ], [ 2.315464195972031, 48.868348214524723 ], [ 2.315181257230982, 48.868405053428489 ], [ 2.314899861429948, 48.868551835004673 ], [ 2.314617531738895, 48.868873083469886 ], [ 2.314729848156716, 48.869040105347622 ], [ 2.311971204590482, 48.869923624063766 ] ] ] ] } },
{ "type": "Feature", "properties": { "code_iris": "751083103", "nom_iris": "Madeleine 3", "type_iris": "A", "arr": "8e", "n": 40, "prix_med": 299.0, "pct_multi": 65.0, "pct_entire": 97.5, "ratio_lh": 1.14 }, "geometry": { "type": "MultiPolygon", "coordinates": [ [ [ [ 2.310760422032143, 48.872822435835111 ], [ 2.311534305425408, 48.873067013643549 ], [ 2.312293022004734, 48.873324989339309 ], [ 2.319436336965455, 48.874531360661486 ], [ 2.319823751205422, 48.87461989922982 ], [ 2.319973798425609, 48.874718779733747 ], [ 2.320818321807196, 48.873524754228505 ], [ 2.3195628953548, 48.873401609511575 ], [ 2.3179261947046, 48.873243004029398 ], [ 2.315990914912004, 48.872877620463449 ], [ 2.312863474050309, 48.872145630795522 ], [ 2.312461150100196, 48.872259335721232 ], [ 2.310760422032143, 48.872822435835111 ] ] ] ] } },
{ "type": "Feature", "properties": { "code_iris": "751083104", "nom_iris": "Madeleine 4", "type_iris": "A", "arr": "8e", "n": 47, "prix_med": 314.0, "pct_multi": 68.1, "pct_entire": 100.0, "ratio_lh": 1.31 }, "geometry": { "type": "MultiPolygon", "coordinates": [ [ [ [ 2.3195628953548, 48.873401609511575 ], [ 2.319266689908278, 48.871863850443589 ], [ 2.318333272852198, 48.87193228443158 ], [ 2.318458646868268, 48.871727948370797 ], [ 2.318413003079088, 48.871673727944817 ], [ 2.318110535861716, 48.87145076704148 ], [ 2.317761565634637, 48.871343555457166 ], [ 2.318171075485341, 48.871200195357417 ], [ 2.31749258439686, 48.870438182430426 ], [ 2.31615581685082, 48.871221075197184 ], [ 2.315726526363486, 48.87131305281968 ], [ 2.312863474050309, 48.872145630795522 ], [ 2.315990914912004, 48.872877620463449 ], [ 2.3179261947046, 48.873243004029398 ], [ 2.3195628953548, 48.873401609511575 ] ] ] ] } },
{ "type": "Feature", "properties": { "code_iris": "751083105", "nom_iris": "Madeleine 5", "type_iris": "A", "arr": "8e", "n": 74, "prix_med": 222.5, "pct_multi": 67.6, "pct_entire": 91.9, "ratio_lh": 1.3 }, "geometry": { "type": "MultiPolygon", "coordinates": [ [ [ [ 2.325166186173741, 48.869416869784203 ], [ 2.325318661731757, 48.869012125439745 ], [ 2.324584010884946, 48.8679494539983 ], [ 2.32326699985772, 48.868379096181201 ], [ 2.321846624927704, 48.86878835265496 ], [ 2.320607596325154, 48.869088901770922 ], [ 2.319664455143062, 48.869383925510107 ], [ 2.318737954295472, 48.869760876792384 ], [ 2.317679392698118, 48.870331326283022 ], [ 2.31749258439686, 48.870438182430426 ], [ 2.318171075485341, 48.871200195357417 ], [ 2.317761565634637, 48.871343555457166 ], [ 2.318110535861716, 48.87145076704148 ], [ 2.318413003079088, 48.871673727944817 ], [ 2.318458646868268, 48.871727948370797 ], [ 2.318333272852198, 48.87193228443158 ], [ 2.319266689908278, 48.871863850443589 ], [ 2.3195628953548, 48.873401609511575 ], [ 2.320818321807196, 48.873524754228505 ], [ 2.323464947465683, 48.869827259337583 ], [ 2.323732364096601, 48.869390790341008 ], [ 2.323927206456595, 48.869293862607321 ], [ 2.324272496149329, 48.869264335430756 ], [ 2.325166186173741, 48.869416869784203 ] ] ] ] } },
{ "type": "Feature", "properties": { "code_iris": "751083106", "nom_iris": "Madeleine 6", "type_iris": "A", "arr": "8e", "n": 124, "prix_med": 291.0, "pct_multi": 75.0, "pct_entire": 88.7, "ratio_lh": 1.53 }, "geometry": { "type": "MultiPolygon", "coordinates": [ [ [ [ 2.326713242090503, 48.873128171875884 ], [ 2.32646984849174, 48.872761670427828 ], [ 2.326608386325244, 48.872696798014886 ], [ 2.326613754960452, 48.872597900753931 ], [ 2.325888016639641, 48.869576523709988 ], [ 2.325166186173741, 48.869416869784203 ], [ 2.324272496149329, 48.869264335430756 ], [ 2.323927206456595, 48.869293862607321 ], [ 2.323732364096601, 48.869390790341008 ], [ 2.323464947465683, 48.869827259337583 ], [ 2.320818321807196, 48.873524754228505 ], [ 2.326713242090503, 48.873128171875884 ] ] ] ] } },
{ "type": "Feature", "properties": { "code_iris": "751083107", "nom_iris": "Madeleine 7", "type_iris": "A", "arr": "8e", "n": 25, "prix_med": 202.0, "pct_multi": 60.0, "pct_entire": 92.0, "ratio_lh": 1.25 }, "geometry": { "type": "MultiPolygon", "coordinates": [ [ [ [ 2.327025197965383, 48.873781048202254 ], [ 2.326713242090503, 48.873128171875884 ], [ 2.320818321807196, 48.873524754228505 ], [ 2.319973798425609, 48.874718779733747 ], [ 2.320427261801884, 48.87465660248467 ], [ 2.327025197965383, 48.873781048202254 ] ] ] ] } },
{ "type": "Feature", "properties": { "code_iris": "751083108", "nom_iris": "Madeleine 8", "type_iris": "A", "arr": "8e", "n": 51, "prix_med": 249.0, "pct_multi": 76.5, "pct_entire": 98.0, "ratio_lh": 2.22 }, "geometry": { "type": "MultiPolygon", "coordinates": [ [ [ [ 2.326665657478284, 48.875543529282702 ], [ 2.326936889585467, 48.874178959074754 ], [ 2.327025197965383, 48.873781048202254 ], [ 2.320427261801884, 48.87465660248467 ], [ 2.320352188117462, 48.87476769436114 ], [ 2.320461914600719, 48.874926601033124 ], [ 2.321586442859528, 48.875053490854036 ], [ 2.324216630223158, 48.875251833210591 ], [ 2.326208871652408, 48.875546355090975 ], [ 2.326665657478284, 48.875543529282702 ] ] ] ] } },
{ "type": "Feature", "properties": { "code_iris": "751083208", "nom_iris": "Europe 8", "type_iris": "A", "arr": "8e", "n": 40, "prix_med": 231.5, "pct_multi": 62.5, "pct_entire": 90.0, "ratio_lh": 1.29 }, "geometry": { "type": "MultiPolygon", "coordinates": [ [ [ [ 2.327009342363597, 48.879650933071765 ], [ 2.326964471590538, 48.877847513019759 ], [ 2.326852281656523, 48.875872837258861 ], [ 2.326665657478284, 48.875543529282702 ], [ 2.326208871652408, 48.875546355090975 ], [ 2.324216630223158, 48.875251833210591 ], [ 2.323944238531564, 48.87554437887654 ], [ 2.322649176402916, 48.878045310413526 ], [ 2.322235002454951, 48.878753441937604 ], [ 2.322298415945034, 48.878805063087441 ], [ 2.323217327490231, 48.879022504726983 ], [ 2.323322646194269, 48.879102241612543 ], [ 2.323454968430309, 48.879097593459782 ], [ 2.323501768733678, 48.87906368317762 ], [ 2.325500631334763, 48.879384333162008 ], [ 2.326565989209845, 48.879561204451107 ], [ 2.326656630228852, 48.87961657372206 ], [ 2.326894604275168, 48.879666476042367 ], [ 2.327009342363597, 48.879650933071765 ] ] ] ] } },
{ "type": "Feature", "properties": { "code_iris": "751083209", "nom_iris": "Europe 9", "type_iris": "A", "arr": "8e", "n": 67, "prix_med": 223.0, "pct_multi": 58.2, "pct_entire": 91.0, "ratio_lh": 1.24 }, "geometry": { "type": "MultiPolygon", "coordinates": [ [ [ [ 2.319436336965455, 48.874531360661486 ], [ 2.312293022004734, 48.873324989339309 ], [ 2.311534305425408, 48.873067013643549 ], [ 2.310530397593467, 48.873926401903297 ], [ 2.309649491120863, 48.874555360156464 ], [ 2.309198637543142, 48.875036604390701 ], [ 2.315791681613924, 48.875278620197058 ], [ 2.316351883419489, 48.875395137604066 ], [ 2.318350963280148, 48.875581009482325 ], [ 2.31876091431978, 48.875614820028389 ], [ 2.319009710987573, 48.875564973322192 ], [ 2.319403583787788, 48.875264136088724 ], [ 2.319330351973698, 48.874816748055046 ], [ 2.31939728349362, 48.874807235888291 ], [ 2.319436336965455, 48.874531360661486 ] ] ] ] } },
{ "type": "Feature", "properties": { "code_iris": "751083210", "nom_iris": "Europe 10", "type_iris": "A", "arr": "8e", "n": 14, "prix_med": 229.5, "pct_multi": 71.4, "pct_entire": 100.0, "ratio_lh": 1.17 }, "geometry": { "type": "MultiPolygon", "coordinates": [ [ [ [ 2.309198637543142, 48.875036604390701 ], [ 2.307934033117392, 48.876321651396353 ], [ 2.306660268334812, 48.877368306125298 ], [ 2.310099799351292, 48.877511386991472 ], [ 2.310441233962838, 48.877571811176921 ], [ 2.314506148170518, 48.875679565658196 ], [ 2.315791681613924, 48.875278620197058 ], [ 2.309198637543142, 48.875036604390701 ] ] ] ] } },
{ "type": "Feature", "properties": { "code_iris": "751093311", "nom_iris": "Saint-Georges 11", "type_iris": "A", "arr": "9e", "n": 35, "prix_med": 189.0, "pct_multi": 42.9, "pct_entire": 71.4, "ratio_lh": 1.3 }, "geometry": { "type": "MultiPolygon", "coordinates": [ [ [ [ 2.326665657478284, 48.875543529282702 ], [ 2.326852281656523, 48.875872837258861 ], [ 2.326964471590538, 48.877847513019759 ], [ 2.330945020229402, 48.8765334118807 ], [ 2.331035532791763, 48.876386426445833 ], [ 2.331077945959759, 48.876162728494911 ], [ 2.330200772127392, 48.875987848933271 ], [ 2.326665657478284, 48.875543529282702 ] ] ] ] } },
{ "type": "Feature", "properties": { "code_iris": "751093401", "nom_iris": "Chaussée d'Antin 1", "type_iris": "A", "arr": "9e", "n": 29, "prix_med": 210.0, "pct_multi": 89.7, "pct_entire": 75.9, "ratio_lh": 2.64 }, "geometry": { "type": "MultiPolygon", "coordinates": [ [ [ [ 2.337122942617793, 48.87149011596378 ], [ 2.336996437232553, 48.871467831145758 ], [ 2.334154842936358, 48.870968212371416 ], [ 2.333835289676816, 48.871649933469556 ], [ 2.333763757952938, 48.871913042138296 ], [ 2.333241963178149, 48.872949773880286 ], [ 2.33545308179015, 48.872649099643915 ], [ 2.337436054654422, 48.872383095594287 ], [ 2.337122942617793, 48.87149011596378 ] ] ] ] } },
{ "type": "Feature", "properties": { "code_iris": "751093402", "nom_iris": "Chaussée d'Antin 2", "type_iris": "A", "arr": "9e", "n": 6, "prix_med": 115.5, "pct_multi": 66.7, "pct_entire": 83.3, "ratio_lh": 1.2 }, "geometry": { "type": "MultiPolygon", "coordinates": [ [ [ [ 2.334154842936358, 48.870968212371416 ], [ 2.332522410349862, 48.870692015935795 ], [ 2.329973073724776, 48.870264974521106 ], [ 2.329917977234682, 48.870414856224535 ], [ 2.331069994052097, 48.872854017263634 ], [ 2.33114155587778, 48.873226743837535 ], [ 2.333241963178149, 48.872949773880286 ], [ 2.333763757952938, 48.871913042138296 ], [ 2.333835289676816, 48.871649933469556 ], [ 2.334154842936358, 48.870968212371416 ] ] ] ] } },
{ "type": "Feature", "properties": { "code_iris": "751093403", "nom_iris": "Chaussée d'Antin 3", "type_iris": "A", "arr": "9e", "n": 138, "prix_med": 398.5, "pct_multi": 81.9, "pct_entire": 83.3, "ratio_lh": 2.19 }, "geometry": { "type": "MultiPolygon", "coordinates": [ [ [ [ 2.329973073724776, 48.870264974521106 ], [ 2.327999372502886, 48.869921153111648 ], [ 2.325888016639641, 48.869576523709988 ], [ 2.326613754960452, 48.872597900753931 ], [ 2.326608386325244, 48.872696798014886 ], [ 2.32646984849174, 48.872761670427828 ], [ 2.326713242090503, 48.873128171875884 ], [ 2.327025197965383, 48.873781048202254 ], [ 2.33114155587778, 48.873226743837535 ], [ 2.331069994052097, 48.872854017263634 ], [ 2.329917977234682, 48.870414856224535 ], [ 2.329973073724776, 48.870264974521106 ] ] ] ] } },
{ "type": "Feature", "properties": { "code_iris": "751093404", "nom_iris": "Chaussée d'Antin 4", "type_iris": "A", "arr": "9e", "n": 3, "prix_med": 187.0, "pct_multi": 66.7, "pct_entire": 100.0, "ratio_lh": 1.0 }, "geometry": { "type": "MultiPolygon", "coordinates": [ [ [ [ 2.327025197965383, 48.873781048202254 ], [ 2.326936889585467, 48.874178959074754 ], [ 2.331318074108991, 48.874238587336926 ], [ 2.33114155587778, 48.873226743837535 ], [ 2.327025197965383, 48.873781048202254 ] ] ] ] } },
{ "type": "Feature", "properties": { "code_iris": "751093405", "nom_iris": "Chaussée d'Antin 5", "type_iris": "A", "arr": "9e", "n": 33, "prix_med": 255.0, "pct_multi": 69.7, "pct_entire": 81.8, "ratio_lh": 1.57 }, "geometry": { "type": "MultiPolygon", "coordinates": [ [ [ [ 2.33545308179015, 48.872649099643915 ], [ 2.333241963178149, 48.872949773880286 ], [ 2.33114155587778, 48.873226743837535 ], [ 2.331318074108991, 48.874238587336926 ], [ 2.3327040299337, 48.874286791674855 ], [ 2.335266404872028, 48.874243490651978 ], [ 2.335370148109409, 48.872844695230256 ], [ 2.33545308179015, 48.872649099643915 ] ] ] ] } },
{ "type": "Feature", "properties": { "code_iris": "751093406", "nom_iris": "Chaussée d'Antin 6", "type_iris": "A", "arr": "9e", "n": 11, "prix_med": 207.0, "pct_multi": 72.7, "pct_entire": 90.9, "ratio_lh": 2.2 }, "geometry": { "type": "MultiPolygon", "coordinates": [ [ [ [ 2.337436054654422, 48.872383095594287 ], [ 2.33545308179015, 48.872649099643915 ], [ 2.335370148109409, 48.872844695230256 ], [ 2.335266404872028, 48.874243490651978 ], [ 2.337045028093485, 48.874184105330158 ], [ 2.33718071550728, 48.874128198414596 ], [ 2.3374335564335, 48.874187155818973 ], [ 2.338078921927349, 48.874149356644459 ], [ 2.337436054654422, 48.872383095594287 ] ] ] ] } },
{ "type": "Feature", "properties": { "code_iris": "751093407", "nom_iris": "Chaussée d'Antin 7", "type_iris": "A", "arr": "9e", "n": 52, "prix_med": 208.0, "pct_multi": 55.8, "pct_entire": 92.3, "ratio_lh": 1.44 }, "geometry": { "type": "MultiPolygon", "coordinates": [ [ [ [ 2.3392441529549, 48.876765670453359 ], [ 2.339333376289233, 48.876718498091151 ], [ 2.339054043433574, 48.875952520245029 ], [ 2.338748368957355, 48.875973315549963 ], [ 2.338078921927349, 48.874149356644459 ], [ 2.3374335564335, 48.874187155818973 ], [ 2.33718071550728, 48.874128198414596 ], [ 2.337045028093485, 48.874184105330158 ], [ 2.335266404872028, 48.874243490651978 ], [ 2.335196967962632, 48.875197302714454 ], [ 2.335444774564567, 48.876826478607569 ], [ 2.336669180366611, 48.876718154424609 ], [ 2.337064590192991, 48.876717646785487 ], [ 2.338296869279738, 48.87684767364955 ], [ 2.3392441529549, 48.876765670453359 ] ] ] ] } },
{ "type": "Feature", "properties": { "code_iris": "751093408", "nom_iris": "Chaussée d'Antin 8", "type_iris": "A", "arr": "9e", "n": 43, "prix_med": 173.0, "pct_multi": 51.2, "pct_entire": 93.0, "ratio_lh": 1.13 }, "geometry": { "type": "MultiPolygon", "coordinates": [ [ [ [ 2.334196248382113, 48.876901380690114 ], [ 2.335444774564567, 48.876826478607569 ], [ 2.335196967962632, 48.875197302714454 ], [ 2.335266404872028, 48.874243490651978 ], [ 2.3327040299337, 48.874286791674855 ], [ 2.331318074108991, 48.874238587336926 ], [ 2.331403913315548, 48.875092539016293 ], [ 2.331077945959759, 48.876162728494911 ], [ 2.331035532791763, 48.876386426445833 ], [ 2.330945020229402, 48.8765334118807 ], [ 2.331323755700404, 48.876450990351671 ], [ 2.331784443110096, 48.876463455492846 ], [ 2.331981356987917, 48.876524810073427 ], [ 2.33231989081264, 48.876706566081069 ], [ 2.332870486189496, 48.87683194552708 ], [ 2.334196248382113, 48.876901380690114 ] ] ] ] } },
{ "type": "Feature", "properties": { "code_iris": "751093409", "nom_iris": "Chaussée d'Antin 9", "type_iris": "A", "arr": "9e", "n": 42, "prix_med": 195.0, "pct_multi": 52.4, "pct_entire": 92.9, "ratio_lh": 1.14 }, "geometry": { "type": "MultiPolygon", "coordinates": [ [ [ [ 2.326936889585467, 48.874178959074754 ], [ 2.326665657478284, 48.875543529282702 ], [ 2.330200772127392, 48.875987848933271 ], [ 2.331077945959759, 48.876162728494911 ], [ 2.331403913315548, 48.875092539016293 ], [ 2.331318074108991, 48.874238587336926 ], [ 2.326936889585467, 48.874178959074754 ] ] ] ] } },
{ "type": "Feature", "properties": { "code_iris": "751093504", "nom_iris": "Faubourg Montmartre 4", "type_iris": "A", "arr": "9e", "n": 117, "prix_med": 208.0, "pct_multi": 62.4, "pct_entire": 90.6, "ratio_lh": 1.39 }, "geometry": { "type": "MultiPolygon", "coordinates": [ [ [ [ 2.343050733348993, 48.871485024609157 ], [ 2.340041163195277, 48.871972099433272 ], [ 2.337122942617793, 48.87149011596378 ], [ 2.337436054654422, 48.872383095594287 ], [ 2.338078921927349, 48.874149356644459 ], [ 2.342420045613149, 48.874034784792755 ], [ 2.342885761161112, 48.873539108950915 ], [ 2.343173405342586, 48.8726764232444 ], [ 2.343195488538107, 48.872114457427315 ], [ 2.343050733348993, 48.871485024609157 ] ] ] ] } },
{ "type": "Feature", "properties": { "code_iris": "751103710", "nom_iris": "Saint-Vincent de Paul 10", "type_iris": "A", "arr": "10e", "n": 29, "prix_med": 118.0, "pct_multi": 34.5, "pct_entire": 86.2, "ratio_lh": 1.07 }, "geometry": { "type": "MultiPolygon", "coordinates": [ [ [ [ 2.362323078973102, 48.8789098349664 ], [ 2.36191121753853, 48.878359947034774 ], [ 2.360559204081269, 48.876091808292976 ], [ 2.360376317433804, 48.87588488360398 ], [ 2.360302051376702, 48.875826030003687 ], [ 2.359522045044485, 48.875946866793207 ], [ 2.35786625420636, 48.876214991457417 ], [ 2.357505607809469, 48.876271513119647 ], [ 2.35755436482776, 48.87651909180444 ], [ 2.358313221212522, 48.877894646064014 ], [ 2.358571144921019, 48.878762085901201 ], [ 2.358720123582632, 48.879619048275977 ], [ 2.35867105205127, 48.879728503888188 ], [ 2.362022701538582, 48.880612467643552 ], [ 2.362271468765045, 48.880006744656086 ], [ 2.362369694194268, 48.879223050778741 ], [ 2.362323078973102, 48.8789098349664 ] ] ] ] } },
{ "type": "Feature", "properties": { "code_iris": "751103711", "nom_iris": "Saint-Vincent de Paul 11", "type_iris": "A", "arr": "10e", "n": 22, "prix_med": 153.0, "pct_multi": 40.9, "pct_entire": 90.9, "ratio_lh": 1.0 }, "geometry": { "type": "MultiPolygon", "coordinates": [ [ [ [ 2.351242871583771, 48.88385867732763 ], [ 2.355830240363881, 48.884183822356611 ], [ 2.35559859583435, 48.884059367825145 ], [ 2.354331706681674, 48.881864473727532 ], [ 2.354224971422981, 48.881784756972685 ], [ 2.354015059535257, 48.881778228554467 ], [ 2.351177172606257, 48.882127111471014 ], [ 2.351127302001508, 48.88218979432726 ], [ 2.351242871583771, 48.88385867732763 ] ] ] ] } },
{ "type": "Feature", "properties": { "code_iris": "751103712", "nom_iris": "Saint-Vincent de Paul 12", "type_iris": "A", "arr": "10e", "n": 34, "prix_med": 124.5, "pct_multi": 32.4, "pct_entire": 79.4, "ratio_lh": 1.1 }, "geometry": { "type": "MultiPolygon", "coordinates": [ [ [ [ 2.355830240363881, 48.884183822356611 ], [ 2.359340232450158, 48.884409501023576 ], [ 2.359345706082686, 48.88429711432304 ], [ 2.359423006017881, 48.884221085042881 ], [ 2.359264727896314, 48.884007097345979 ], [ 2.359108418557588, 48.882968435482297 ], [ 2.359041559167699, 48.882861057398962 ], [ 2.358185093672873, 48.881431930724752 ], [ 2.357207790070614, 48.879522803187832 ], [ 2.355983100943926, 48.879762638233608 ], [ 2.354764455992748, 48.879953929412302 ], [ 2.353694420700493, 48.880255729053175 ], [ 2.354151046355446, 48.881148531357525 ], [ 2.354331706681674, 48.881864473727532 ], [ 2.35559859583435, 48.884059367825145 ], [ 2.355830240363881, 48.884183822356611 ] ] ] ] } },
{ "type": "Feature", "properties": { "code_iris": "751104012", "nom_iris": "Hôpital Saint-Louis 12", "type_iris": "A", "arr": "10e", "n": 38, "prix_med": 122.5, "pct_multi": 34.2, "pct_entire": 92.1, "ratio_lh": 1.0 }, "geometry": { "type": "MultiPolygon", "coordinates": [ [ [ [ 2.364940407814287, 48.873704912811149 ], [ 2.367496908969274, 48.875375023879819 ], [ 2.368540047514563, 48.87615215966737 ], [ 2.3700560834056, 48.874132147904106 ], [ 2.370328293473015, 48.874058035938255 ], [ 2.370315630307815, 48.873752195276758 ], [ 2.369673939291909, 48.872249624512968 ], [ 2.369523432162596, 48.872068964476114 ], [ 2.367915850728346, 48.871749315564522 ], [ 2.366767098845458, 48.872490593135502 ], [ 2.36658422899427, 48.872729748520172 ], [ 2.364940407814287, 48.873704912811149 ] ] ] ] } },
{ "type": "Feature", "properties": { "code_iris": "751124706", "nom_iris": "Bercy 6", "type_iris": "A", "arr": "12e", "n": 0, "prix_med": 0.0, "pct_multi": 0.0, "pct_entire": 0.0, "ratio_lh": 0.0 }, "geometry": { "type": "MultiPolygon", "coordinates": [ [ [ [ 2.386281238776363, 48.830320882766394 ], [ 2.38592008441533, 48.830681474731108 ], [ 2.384198844709466, 48.832010885219553 ], [ 2.384981469025795, 48.832531149282033 ], [ 2.386288626723776, 48.833511878239143 ], [ 2.38624145286584, 48.833584484876788 ], [ 2.387190388876279, 48.834215309490098 ], [ 2.388124652403376, 48.833428650188615 ], [ 2.38898715950574, 48.833880044508682 ], [ 2.390098169799876, 48.833004335844493 ], [ 2.390279304029062, 48.83300885682884 ], [ 2.390288655491092, 48.832908175420513 ], [ 2.388382755754442, 48.831865970740871 ], [ 2.386281238776363, 48.830320882766394 ] ] ] ] } },
{ "type": "Feature", "properties": { "code_iris": "751124707", "nom_iris": "Bercy 7", "type_iris": "A", "arr": "12e", "n": 8, "prix_med": 229.0, "pct_multi": 75.0, "pct_entire": 37.5, "ratio_lh": 1.6 }, "geometry": { "type": "MultiPolygon", "coordinates": [ [ [ [ 2.373759343887263, 48.8407686629523 ], [ 2.376423328262026, 48.842112734645148 ], [ 2.377532758023189, 48.841515940858898 ], [ 2.377536127347511, 48.841461996727816 ], [ 2.37769147979107, 48.841345888048849 ], [ 2.378774529399029, 48.840559179958412 ], [ 2.379022778154242, 48.840421967194189 ], [ 2.375937291670181, 48.838779862487115 ], [ 2.375623147018991, 48.839072314952844 ], [ 2.375026141995332, 48.838751722026863 ], [ 2.374818276655015, 48.83892960913505 ], [ 2.375416601720509, 48.839253807388069 ], [ 2.373759343887263, 48.8407686629523 ] ] ] ] } },
{ "type": "Feature", "properties": { "code_iris": "751124811", "nom_iris": "Quinze-Vingts 11", "type_iris": "A", "arr": "12e", "n": 5, "prix_med": 153.0, "pct_multi": 60.0, "pct_entire": 40.0, "ratio_lh": 1.25 }, "geometry": { "type": "MultiPolygon", "coordinates": [ [ [ [ 2.371144417032808, 48.845533246273924 ], [ 2.3726824131703, 48.845681620637649 ], [ 2.374202542789599, 48.845843372076345 ], [ 2.374416999932121, 48.845572887579657 ], [ 2.375599031795129, 48.844952210019919 ], [ 2.375782802108334, 48.844967558758306 ], [ 2.375994620958154, 48.845144038654105 ], [ 2.377145286181244, 48.844523182114727 ], [ 2.379427855174725, 48.843705835477358 ], [ 2.379530581239957, 48.843775618960294 ], [ 2.379800729009935, 48.843631323612946 ], [ 2.378716719530493, 48.843237175645889 ], [ 2.376759979361294, 48.842332134269718 ], [ 2.376423328262026, 48.842112734645148 ], [ 2.372703594396802, 48.844148325072148 ], [ 2.372233475676607, 48.844489414292283 ], [ 2.37119066166518, 48.845427365054789 ], [ 2.371144417032808, 48.845533246273924 ] ] ] ] } },
{ "type": "Feature", "properties": { "code_iris": "751124812", "nom_iris": "Quinze-Vingts 12", "type_iris": "A", "arr": "12e", "n": 3, "prix_med": 119.0, "pct_multi": 0.0, "pct_entire": 100.0, "ratio_lh": 1.0 }, "geometry": { "type": "MultiPolygon", "coordinates": [ [ [ [ 2.368363752628902, 48.845268575845076 ], [ 2.371144417032808, 48.845533246273924 ], [ 2.37119066166518, 48.845427365054789 ], [ 2.372233475676607, 48.844489414292283 ], [ 2.372703594396802, 48.844148325072148 ], [ 2.376423328262026, 48.842112734645148 ], [ 2.373759343887263, 48.8407686629523 ], [ 2.372656489007036, 48.841722503261408 ], [ 2.372492936845889, 48.841952781285158 ], [ 2.371492039666277, 48.842809114575971 ], [ 2.368363752628902, 48.845268575845076 ] ] ] ] } },
{ "type": "Feature", "properties": { "code_iris": "751124813", "nom_iris": "Quinze-Vingts 13", "type_iris": "A", "arr": "12e", "n": 30, "prix_med": 124.5, "pct_multi": 33.3, "pct_entire": 90.0, "ratio_lh": 1.07 }, "geometry": { "type": "MultiPolygon", "coordinates": [ [ [ [ 2.381426253806176, 48.850408294800395 ], [ 2.38445763880411, 48.850127141997085 ], [ 2.384327031867612, 48.849993365673107 ], [ 2.383781818978646, 48.847006499524269 ], [ 2.381735242846989, 48.84676300753982 ], [ 2.380625753723216, 48.848162062812143 ], [ 2.380790903767388, 48.848254651909279 ], [ 2.381426253806176, 48.850408294800395 ] ] ] ] } },
{ "type": "Feature", "properties": { "code_iris": "751134908", "nom_iris": "Salpêtrière 8", "type_iris": "A", "arr": "13e", "n": 17, "prix_med": 154.0, "pct_multi": 41.2, "pct_entire": 82.4, "ratio_lh": 1.0 }, "geometry": { "type": "MultiPolygon", "coordinates": [ [ [ [ 2.361745287380767, 48.839940706157456 ], [ 2.361966407324183, 48.840242273201355 ], [ 2.364158198814394, 48.843184964547397 ], [ 2.364901763858922, 48.844112557535873 ], [ 2.365074656836947, 48.844013646287912 ], [ 2.365437782584103, 48.843622552527918 ], [ 2.366292919904114, 48.843109053730245 ], [ 2.36733288487547, 48.842297039015556 ], [ 2.372389708934393, 48.838644384568944 ], [ 2.370961935555411, 48.838072983540727 ], [ 2.370838096680206, 48.837948219943918 ], [ 2.370858428813947, 48.837844000597485 ], [ 2.3714441629449, 48.8372885743971 ], [ 2.371336304005304, 48.837194473608086 ], [ 2.371356407079589, 48.837109139577656 ], [ 2.371972995041218, 48.836592545362677 ], [ 2.371416714981113, 48.836288335848153 ], [ 2.370743706752402, 48.835948434325616 ], [ 2.369696041087631, 48.835496832443951 ], [ 2.368962134088856, 48.835237542634097 ], [ 2.367211688631553, 48.834659894776152 ], [ 2.366997037181104, 48.834722614068625 ], [ 2.366319104056581, 48.835352178906682 ], [ 2.3661717584707, 48.835369385540908 ], [ 2.363794449704822, 48.834473585382391 ], [ 2.361558982191758, 48.8356848139438 ], [ 2.359290607549596, 48.836572051753414 ], [ 2.36158933374917, 48.839658373059798 ], [ 2.361745287380767, 48.839940706157456 ] ] ] ] } },
{ "type": "Feature", "properties": { "code_iris": "751135032", "nom_iris": "Gare 32", "type_iris": "A", "arr": "13e", "n": 8, "prix_med": 130.0, "pct_multi": 25.0, "pct_entire": 100.0, "ratio_lh": 1.0 }, "geometry": { "type": "MultiPolygon", "coordinates": [ [ [ [ 2.388799862307387, 48.825105736192995 ], [ 2.386941338175521, 48.824463063889851 ], [ 2.385225588159262, 48.823729359974685 ], [ 2.383303633971221, 48.823044932492429 ], [ 2.381524148119775, 48.82241067606715 ], [ 2.380767116748347, 48.821700747802637 ], [ 2.379083321889079, 48.821157786505893 ], [ 2.377208648593897, 48.82382727946824 ], [ 2.3770208179985, 48.824043949894275 ], [ 2.376885196186394, 48.824108897669305 ], [ 2.381858478088978, 48.825803946490275 ], [ 2.383986846320187, 48.8265488171035 ], [ 2.385764151156596, 48.827382682987306 ], [ 2.386310179599062, 48.826936699676494 ], [ 2.388307584496006, 48.825501641455503 ], [ 2.388799862307387, 48.825105736192995 ] ] ] ] } },
{ "type": "Feature", "properties": { "code_iris": "751145311", "nom_iris": "Montparnasse 11", "type_iris": "A", "arr": "14e", "n": 7, "prix_med": 153.0, "pct_multi": 28.6, "pct_entire": 85.7, "ratio_lh": 1.0 }, "geometry": { "type": "MultiPolygon", "coordinates": [ [ [ [ 2.339694669367677, 48.838864094503606 ], [ 2.342085567254399, 48.838343044734614 ], [ 2.341671904722567, 48.83538904275494 ], [ 2.340537298758321, 48.83558425131703 ], [ 2.337747569394431, 48.835871925410636 ], [ 2.338918773073734, 48.837733801256086 ], [ 2.339694669367677, 48.838864094503606 ] ] ] ] } },
{ "type": "Feature", "properties": { "code_iris": "751145407", "nom_iris": "Parc de Montsouris 7", "type_iris": "A", "arr": "14e", "n": 11, "prix_med": 117.0, "pct_multi": 54.5, "pct_entire": 81.8, "ratio_lh": 1.38 }, "geometry": { "type": "MultiPolygon", "coordinates": [ [ [ [ 2.34128286098483, 48.830274874006818 ], [ 2.341600018072802, 48.828352859077604 ], [ 2.341592211729773, 48.826490209071338 ], [ 2.336683328732611, 48.827216759712734 ], [ 2.336514501431962, 48.827852581445441 ], [ 2.336704518211412, 48.830369186769836 ], [ 2.34128286098483, 48.830274874006818 ] ] ] ] } },
{ "type": "Feature", "properties": { "code_iris": "751145625", "nom_iris": "Plaisance 25", "type_iris": "A", "arr": "14e", "n": 19, "prix_med": 137.0, "pct_multi": 36.8, "pct_entire": 78.9, "ratio_lh": 1.0 }, "geometry": { "type": "MultiPolygon", "coordinates": [ [ [ [ 2.315631834522735, 48.828090157711571 ], [ 2.315197033900256, 48.827798968505654 ], [ 2.313028682163402, 48.826333136504914 ], [ 2.311331678815137, 48.827656255743165 ], [ 2.311391135056698, 48.827692573242622 ], [ 2.311369860482754, 48.827756306606474 ], [ 2.311464406455165, 48.82792053782461 ], [ 2.307636132656193, 48.828780725917177 ], [ 2.310884127776358, 48.830289752907042 ], [ 2.311745323330049, 48.83068324243056 ], [ 2.315631834522735, 48.828090157711571 ] ] ] ] } },
{ "type": "Feature", "properties": { "code_iris": "751155732", "nom_iris": "Saint-Lambert 32", "type_iris": "A", "arr": "15e", "n": 48, "prix_med": 105.5, "pct_multi": 25.0, "pct_entire": 89.6, "ratio_lh": 1.07 }, "geometry": { "type": "MultiPolygon", "coordinates": [ [ [ [ 2.292191836480192, 48.827141584940563 ], [ 2.289407656009722, 48.828333841589505 ], [ 2.28468371260374, 48.830306799915732 ], [ 2.282670920956136, 48.831152751912121 ], [ 2.280391323890181, 48.831979077238678 ], [ 2.280773971177616, 48.832089304259917 ], [ 2.283656714714783, 48.834063648920363 ], [ 2.28399176199377, 48.834367845409403 ], [ 2.286596568061979, 48.833374310391484 ], [ 2.287659664228569, 48.832841020785345 ], [ 2.28825427640857, 48.832594533985173 ], [ 2.288705116119979, 48.832401151876425 ], [ 2.289418008309464, 48.832171551410845 ], [ 2.292293004228809, 48.830927670898006 ], [ 2.292300534702637, 48.828064992511294 ], [ 2.292413395204925, 48.827778758059956 ], [ 2.292217456807131, 48.827662477917919 ], [ 2.292143995788717, 48.82755501686173 ], [ 2.292161127580686, 48.827396827293711 ], [ 2.292259690050741, 48.827260704773721 ], [ 2.292191836480192, 48.827141584940563 ] ] ] ] } },
{ "type": "Feature", "properties": { "code_iris": "751155733", "nom_iris": "Saint-Lambert 33", "type_iris": "A", "arr": "15e", "n": 3, "prix_med": 108.0, "pct_multi": 33.3, "pct_entire": 100.0, "ratio_lh": 1.0 }, "geometry": { "type": "MultiPolygon", "coordinates": [ [ [ [ 2.305555497912215, 48.835161423888799 ], [ 2.306624218230099, 48.83644653149841 ], [ 2.306694557067667, 48.836382184445831 ], [ 2.30664538394328, 48.836289264107599 ], [ 2.307765008346581, 48.835181426681935 ], [ 2.307442626976679, 48.834733471499185 ], [ 2.306374704171815, 48.835027673887438 ], [ 2.305555497912215, 48.835161423888799 ] ] ] ] } },
{ "type": "Feature", "properties": { "code_iris": "751155818", "nom_iris": "Necker 18", "type_iris": "A", "arr": "15e", "n": 7, "prix_med": 125.0, "pct_multi": 28.6, "pct_entire": 85.7, "ratio_lh": 1.0 }, "geometry": { "type": "MultiPolygon", "coordinates": [ [ [ [ 2.321548817535348, 48.841098209249928 ], [ 2.321471529354066, 48.840964664614837 ], [ 2.321832824389552, 48.840109616605872 ], [ 2.321394340274794, 48.839777062027053 ], [ 2.319877474643327, 48.840539205279384 ], [ 2.317385766077479, 48.838433081843085 ], [ 2.317021118609606, 48.838811433493312 ], [ 2.3167769715992, 48.838831624109297 ], [ 2.316571549408641, 48.839015720614803 ], [ 2.315385827252033, 48.840080987499256 ], [ 2.314862605613979, 48.84049709733209 ], [ 2.315222353555894, 48.840493761034395 ], [ 2.318673100420094, 48.841470391443949 ], [ 2.3206830314365, 48.842083498104465 ], [ 2.321117251972847, 48.842326093759823 ], [ 2.321409748537894, 48.841209841260721 ], [ 2.321548817535348, 48.841098209249928 ] ] ] ] } },
{ "type": "Feature", "properties": { "code_iris": "751155819", "nom_iris": "Necker 19", "type_iris": "A", "arr": "15e", "n": 5, "prix_med": 150.0, "pct_multi": 60.0, "pct_entire": 100.0, "ratio_lh": 1.0 }, "geometry": { "type": "MultiPolygon", "coordinates": [ [ [ [ 2.323192682554711, 48.844090715696574 ], [ 2.324298358087334, 48.84372912596212 ], [ 2.324641767064501, 48.843621342685267 ], [ 2.324244459914423, 48.843262051383775 ], [ 2.321548817535348, 48.841098209249928 ], [ 2.321409748537894, 48.841209841260721 ], [ 2.321117251972847, 48.842326093759823 ], [ 2.322806503826385, 48.843714394769471 ], [ 2.322805463835921, 48.843794432310176 ], [ 2.323192682554711, 48.844090715696574 ] ] ] ] } },
{ "type": "Feature", "properties": { "code_iris": "751155920", "nom_iris": "Grenelle 20", "type_iris": "A", "arr": "15e", "n": 29, "prix_med": 220.0, "pct_multi": 34.5, "pct_entire": 93.1, "ratio_lh": 1.04 }, "geometry": { "type": "MultiPolygon", "coordinates": [ [ [ [ 2.288382518115266, 48.849945039949091 ], [ 2.28994643643084, 48.851684703861601 ], [ 2.291951476655282, 48.850957310857183 ], [ 2.292377071320709, 48.850726894000758 ], [ 2.292407257810392, 48.850711783377179 ], [ 2.288382518115266, 48.849945039949091 ] ] ] ] } },
{ "type": "Feature", "properties": { "code_iris": "751156021", "nom_iris": "Javel 21", "type_iris": "A", "arr": "15e", "n": 2, "prix_med": 136.5, "pct_multi": 50.0, "pct_entire": 50.0, "ratio_lh": 1.0 }, "geometry": { "type": "MultiPolygon", "coordinates": [ [ [ [ 2.269581644984088, 48.838773094969227 ], [ 2.269694594939013, 48.838782778353561 ], [ 2.269825710922084, 48.838857327428215 ], [ 2.26999462289835, 48.839054421821388 ], [ 2.270058583012988, 48.839254473035737 ], [ 2.27089645140567, 48.840135572135814 ], [ 2.271077754878386, 48.840226614306836 ], [ 2.271330494782831, 48.84027582086248 ], [ 2.271501046243499, 48.840258872197538 ], [ 2.271564269667202, 48.840219684827595 ], [ 2.271672753733497, 48.840159188067247 ], [ 2.271882525265871, 48.840163163214015 ], [ 2.271957501662177, 48.840062889845974 ], [ 2.272783856747753, 48.839721657948182 ], [ 2.27372622713859, 48.839756163163941 ], [ 2.274569014456409, 48.839407823726134 ], [ 2.274743899428386, 48.839372909273806 ], [ 2.275458797612983, 48.839402424009045 ], [ 2.27610136274536, 48.839146395615451 ], [ 2.276160706562346, 48.839091892990162 ], [ 2.276226207973513, 48.838692068358178 ], [ 2.275197558806427, 48.837710918850618 ], [ 2.276290583971738, 48.837391963551624 ], [ 2.277255703124276, 48.837158565410768 ], [ 2.278635890551241, 48.83686021031334 ], [ 2.278251504157706, 48.836086228039193 ], [ 2.274882508877437, 48.836852804969382 ], [ 2.274054978834914, 48.837087019170873 ], [ 2.271473418585961, 48.83794641516392 ], [ 2.269581644984088, 48.838773094969227 ] ] ] ] } },
{ "type": "Feature", "properties": { "code_iris": "751156022", "nom_iris": "Javel 22", "type_iris": "A", "arr": "15e", "n": 6, "prix_med": 126.0, "pct_multi": 16.7, "pct_entire": 83.3, "ratio_lh": 1.0 }, "geometry": { "type": "MultiPolygon", "coordinates": [ [ [ [ 2.284194397498972, 48.840643985564519 ], [ 2.282816772380452, 48.841345337534285 ], [ 2.28226844435918, 48.841684708956997 ], [ 2.283478003479964, 48.843100372475718 ], [ 2.285538947611852, 48.842153971483668 ], [ 2.284194397498972, 48.840643985564519 ] ] ] ] } },
{ "type": "Feature", "properties": { "code_iris": "751166131", "nom_iris": "Auteuil 31", "type_iris": "A", "arr": "16e", "n": 37, "prix_med": 166.0, "pct_multi": 13.5, "pct_entire": 89.2, "ratio_lh": 1.03 }, "geometry": { "type": "MultiPolygon", "coordinates": [ [ [ [ 2.261492487377966, 48.834070052808606 ], [ 2.255144238417506, 48.83480954937469 ], [ 2.255072103122055, 48.834899937359836 ], [ 2.253546694861461, 48.836675692439997 ], [ 2.253496801889639, 48.836734739961109 ], [ 2.252304927925927, 48.838142015101418 ], [ 2.251930255061036, 48.838616341788551 ], [ 2.251709308946856, 48.838821816239715 ], [ 2.251308552889278, 48.842059754469489 ], [ 2.251216230486769, 48.842890197046955 ], [ 2.252477551164905, 48.845485576374685 ], [ 2.255873395884249, 48.845382633727844 ], [ 2.255833377597784, 48.845131460573334 ], [ 2.255299469687428, 48.844160415540145 ], [ 2.254669029950221, 48.842699507396496 ], [ 2.254757217625165, 48.842630805150442 ], [ 2.254733773561864, 48.842555111827366 ], [ 2.254633350415072, 48.842526605616179 ], [ 2.254631422904379, 48.842470832519766 ], [ 2.254845654795528, 48.841401014160432 ], [ 2.254664480046929, 48.841112085989025 ], [ 2.254500593095844, 48.840948278137212 ], [ 2.254453874527906, 48.840785200335944 ], [ 2.254706908516026, 48.839288419446454 ], [ 2.255357206318944, 48.838593654893316 ], [ 2.255140283347635, 48.838327887894771 ], [ 2.25643607833931, 48.838226226018698 ], [ 2.256369382940588, 48.838030646880867 ], [ 2.256436825427354, 48.837791832158281 ], [ 2.256525656669834, 48.837677264196124 ], [ 2.256811457641323, 48.837508158805512 ], [ 2.256597394746443, 48.837137184937454 ], [ 2.256629843837478, 48.837059140848929 ], [ 2.256495913743323, 48.836610418824343 ], [ 2.256857789277254, 48.836360842114949 ], [ 2.25700314123815, 48.836295191183417 ], [ 2.258872355769027, 48.836200661126369 ], [ 2.258990517206157, 48.836226575762758 ], [ 2.259241917524775, 48.836463769678325 ], [ 2.26128588756636, 48.83567056883593 ], [ 2.261574882607577, 48.83556262930248 ], [ 2.261755861499594, 48.835578136488571 ], [ 2.26292631783592, 48.836723066276257 ], [ 2.26360898293759, 48.836620245250565 ], [ 2.263731650692439, 48.836520270254553 ], [ 2.263777517997083, 48.836359564227514 ], [ 2.26197760835464, 48.834638756027644 ], [ 2.261492487377966, 48.834070052808606 ] ] ] ] } },
{ "type": "Feature", "properties": { "code_iris": "751166222", "nom_iris": "Muette 22", "type_iris": "A", "arr": "16e", "n": 7, "prix_med": 160.0, "pct_multi": 28.6, "pct_entire": 71.4, "ratio_lh": 1.0 }, "geometry": { "type": "MultiPolygon", "coordinates": [ [ [ [ 2.278472474385233, 48.851322869784973 ], [ 2.278329459308403, 48.851415540982693 ], [ 2.27607095138068, 48.852616935918363 ], [ 2.275939805638895, 48.85273755622908 ], [ 2.27741728572838, 48.853708804493657 ], [ 2.280205024118523, 48.852969244436451 ], [ 2.280355632775107, 48.852918886771164 ], [ 2.280736337170161, 48.852687341962891 ], [ 2.278472474385233, 48.851322869784973 ] ] ] ] } },
{ "type": "Feature", "properties": { "code_iris": "751166223", "nom_iris": "Muette 23", "type_iris": "A", "arr": "16e", "n": 3, "prix_med": 145.0, "pct_multi": 33.3, "pct_entire": 100.0, "ratio_lh": 1.0 }, "geometry": { "type": "MultiPolygon", "coordinates": [ [ [ [ 2.268540967654812, 48.863123313232904 ], [ 2.269131587192275, 48.863095444220171 ], [ 2.269170179502924, 48.862967971600561 ], [ 2.271655298785152, 48.860420859245011 ], [ 2.271800837483668, 48.860345299676233 ], [ 2.270942506441548, 48.859928168388151 ], [ 2.27263261526818, 48.85827194448985 ], [ 2.270385105391239, 48.858365285805675 ], [ 2.268210699006369, 48.859755006170616 ], [ 2.267771250907375, 48.862024990932795 ], [ 2.268177267375315, 48.86271727963301 ], [ 2.268540967654812, 48.863123313232904 ] ] ] ] } },
{ "type": "Feature", "properties": { "code_iris": "751166410", "nom_iris": "Chaillot 10", "type_iris": "A", "arr": "16e", "n": 26, "prix_med": 228.0, "pct_multi": 50.0, "pct_entire": 100.0, "ratio_lh": 1.04 }, "geometry": { "type": "MultiPolygon", "coordinates": [ [ [ [ 2.287403125588103, 48.862768548690241 ], [ 2.287951533093834, 48.86323497928241 ], [ 2.290469331971723, 48.86392624540612 ], [ 2.293587905610028, 48.864750511750216 ], [ 2.29363178863976, 48.864831712282033 ], [ 2.293855581996553, 48.864914873784407 ], [ 2.294014973351306, 48.864922109570813 ], [ 2.294128679084379, 48.864880510797661 ], [ 2.295787739288439, 48.865679913284062 ], [ 2.295875364911576, 48.864945660222311 ], [ 2.295536099367136, 48.864933770882594 ], [ 2.295824849538258, 48.864346395820967 ], [ 2.294128996691088, 48.863348019005187 ], [ 2.292554712310976, 48.862536501493324 ], [ 2.293269894112598, 48.862066768390108 ], [ 2.291774114518664, 48.860898659632156 ], [ 2.291818657718074, 48.860830572359113 ], [ 2.291747742155963, 48.860733022481632 ], [ 2.291215662572836, 48.860368332001919 ], [ 2.287403125588103, 48.862768548690241 ] ] ] ] } },
{ "type": "Feature", "properties": { "code_iris": "751166411", "nom_iris": "Chaillot 11", "type_iris": "A", "arr": "16e", "n": 13, "prix_med": 324.0, "pct_multi": 84.6, "pct_entire": 61.5, "ratio_lh": 1.3 }, "geometry": { "type": "MultiPolygon", "coordinates": [ [ [ [ 2.295542880656993, 48.873303129613525 ], [ 2.29620959727898, 48.872494045040241 ], [ 2.297501223263732, 48.87093857212033 ], [ 2.29617100050129, 48.869801179718223 ], [ 2.295736813039051, 48.869547708235388 ], [ 2.295124259748336, 48.873207133555752 ], [ 2.295542880656993, 48.873303129613525 ] ] ] ] } },
{ "type": "Feature", "properties": { "code_iris": "751166412", "nom_iris": "Chaillot 12", "type_iris": "A", "arr": "16e", "n": 31, "prix_med": 380.0, "pct_multi": 71.0, "pct_entire": 100.0, "ratio_lh": 1.35 }, "geometry": { "type": "MultiPolygon", "coordinates": [ [ [ [ 2.291574191963458, 48.868985333833272 ], [ 2.294646361782479, 48.873260077723408 ], [ 2.295124259748336, 48.873207133555752 ], [ 2.295736813039051, 48.869547708235388 ], [ 2.295726387838315, 48.868201324866696 ], [ 2.295560106466161, 48.867896366899522 ], [ 2.295341994041002, 48.867895982323518 ], [ 2.294776953107804, 48.868045543431471 ], [ 2.291574191963458, 48.868985333833272 ] ] ] ] } },
{ "type": "Feature", "properties": { "code_iris": "751166413", "nom_iris": "Chaillot 13", "type_iris": "A", "arr": "16e", "n": 15, "prix_med": 167.0, "pct_multi": 26.7, "pct_entire": 80.0, "ratio_lh": 1.0 }, "geometry": { "type": "MultiPolygon", "coordinates": [ [ [ [ 2.283618245332463, 48.877406207205816 ], [ 2.285462926939731, 48.876818270883021 ], [ 2.287203460504203, 48.876265659635756 ], [ 2.287040665487464, 48.876006579109472 ], [ 2.283966396279463, 48.875091585363464 ], [ 2.283494113855289, 48.876815496444358 ], [ 2.283280767998161, 48.877159566393061 ], [ 2.283468964612196, 48.877256023161067 ], [ 2.283618245332463, 48.877406207205816 ] ] ] ] } },
{ "type": "Feature", "properties": { "code_iris": "751176516", "nom_iris": "Ternes 16", "type_iris": "A", "arr": "17e", "n": 2, "prix_med": 295.0, "pct_multi": 50.0, "pct_entire": 100.0, "ratio_lh": 1.0 }, "geometry": { "type": "MultiPolygon", "coordinates": [ [ [ [ 2.283618245332463, 48.877406207205816 ], [ 2.281133964683096, 48.878197124361982 ], [ 2.281204077406525, 48.878353131275439 ], [ 2.28180323667103, 48.87900335287538 ], [ 2.283892053719352, 48.88059780323978 ], [ 2.284089304891199, 48.880830112880759 ], [ 2.284302812521025, 48.880871859659806 ], [ 2.28510975026409, 48.880695014609294 ], [ 2.285286814950077, 48.880709561872962 ], [ 2.285148267132045, 48.880571135929486 ], [ 2.284138428783266, 48.87824840376399 ], [ 2.283987459312771, 48.878121593255635 ], [ 2.283724832274666, 48.877686540013308 ], [ 2.283618245332463, 48.877406207205816 ] ] ] ] } },
{ "type": "Feature", "properties": { "code_iris": "751186929", "nom_iris": "Grandes Carrières 29", "type_iris": "A", "arr": "18e", "n": 17, "prix_med": 90.0, "pct_multi": 5.9, "pct_entire": 88.2, "ratio_lh": 1.0 }, "geometry": { "type": "MultiPolygon", "coordinates": [ [ [ [ 2.329014397884978, 48.897697296182933 ], [ 2.329466545990975, 48.899022727217805 ], [ 2.330147116964155, 48.901043705523968 ], [ 2.334742913679455, 48.901138568498638 ], [ 2.335171130235882, 48.901147241479613 ], [ 2.335461468688544, 48.900522928391375 ], [ 2.334714590017648, 48.900472916782839 ], [ 2.334770191006433, 48.899110759505518 ], [ 2.334429502481016, 48.899085484392131 ], [ 2.334202134818736, 48.898838706716155 ], [ 2.333385864430148, 48.897711816008112 ], [ 2.332211766200478, 48.89768728857068 ], [ 2.331897016239863, 48.897767371180784 ], [ 2.331444046614778, 48.897776534520283 ], [ 2.329125763549517, 48.897734792195109 ], [ 2.329014397884978, 48.897697296182933 ] ] ] ] } },
{ "type": "Feature", "properties": { "code_iris": "751197318", "nom_iris": "Villette 18", "type_iris": "A", "arr": "19e", "n": 7, "prix_med": 91.0, "pct_multi": 14.3, "pct_entire": 100.0, "ratio_lh": 1.0 }, "geometry": { "type": "MultiPolygon", "coordinates": [ [ [ [ 2.369242206453674, 48.886510741044894 ], [ 2.370847578422197, 48.885697203933539 ], [ 2.369193003643534, 48.88438087758535 ], [ 2.369031107867245, 48.884237031503496 ], [ 2.368829257748348, 48.884351980778469 ], [ 2.36897369931936, 48.884473251955868 ], [ 2.368245595499213, 48.884803062571947 ], [ 2.36811591356031, 48.884814069482516 ], [ 2.368023320451274, 48.884915204696156 ], [ 2.367828851094818, 48.884983426213878 ], [ 2.36778045849548, 48.885150445432707 ], [ 2.369242206453674, 48.886510741044894 ] ] ] ] } },
{ "type": "Feature", "properties": { "code_iris": "751197412", "nom_iris": "Pont de Flandre 12", "type_iris": "A", "arr": "19e", "n": 10, "prix_med": 112.0, "pct_multi": 20.0, "pct_entire": 70.0, "ratio_lh": 1.0 }, "geometry": { "type": "MultiPolygon", "coordinates": [ [ [ [ 2.393112671240337, 48.88884374526539 ], [ 2.392276479538899, 48.888627264360125 ], [ 2.387938565734403, 48.892669197085233 ], [ 2.384347471652021, 48.896016034397135 ], [ 2.384225110636494, 48.896213254819976 ], [ 2.384042565436252, 48.896309442179742 ], [ 2.38415184859026, 48.896410727585739 ], [ 2.385479381251079, 48.897648709437114 ], [ 2.385685683139599, 48.897620090458467 ], [ 2.387761513737168, 48.897635217031464 ], [ 2.389345656336302, 48.897589346105917 ], [ 2.389371092850935, 48.897513933394272 ], [ 2.390601212550663, 48.897414979365429 ], [ 2.391438931251159, 48.897278946111783 ], [ 2.392295520527572, 48.897044977480299 ], [ 2.392752301779153, 48.896824264468293 ], [ 2.393184402024995, 48.896497305477993 ], [ 2.393601366232128, 48.896064149024369 ], [ 2.394148079315813, 48.895263827339434 ], [ 2.394311444429797, 48.894821290911374 ], [ 2.394796701839087, 48.892852441470176 ], [ 2.395411089476537, 48.890095535423399 ], [ 2.395642936300904, 48.889977995567939 ], [ 2.395790439826638, 48.889489509738105 ], [ 2.395477831440868, 48.889397999871072 ], [ 2.395358677524186, 48.889441464960207 ], [ 2.393112671240337, 48.88884374526539 ] ] ] ] } },
{ "type": "Feature", "properties": { "code_iris": "751197413", "nom_iris": "Pont de Flandre 13", "type_iris": "A", "arr": "19e", "n": 20, "prix_med": 50.5, "pct_multi": 60.0, "pct_entire": 35.0, "ratio_lh": 1.67 }, "geometry": { "type": "MultiPolygon", "coordinates": [ [ [ [ 2.371791555807094, 48.895393251184558 ], [ 2.371344110693875, 48.895738039761859 ], [ 2.371175976445192, 48.895994361804782 ], [ 2.370420494086907, 48.896658585100766 ], [ 2.370316492053774, 48.898716572586224 ], [ 2.370477942397113, 48.898788467231981 ], [ 2.370974386331278, 48.898793773643739 ], [ 2.371107362683898, 48.898738714460919 ], [ 2.37133188153986, 48.898783959662275 ], [ 2.374098659325397, 48.898854208707121 ], [ 2.381758619246172, 48.899007309258259 ], [ 2.382688549547481, 48.897540827763798 ], [ 2.382823633085557, 48.897076578040959 ], [ 2.383309925786995, 48.896325456655468 ], [ 2.383465503603943, 48.896203051412137 ], [ 2.383548825232754, 48.895847351141526 ], [ 2.383450808285767, 48.895946670661559 ], [ 2.383334325137472, 48.89599283535297 ], [ 2.381439404727288, 48.895910218192832 ], [ 2.380284962993162, 48.896069724000924 ], [ 2.379697364795716, 48.895932683712921 ], [ 2.379518815342009, 48.895921866266463 ], [ 2.37893821626942, 48.896113109049679 ], [ 2.377576857922787, 48.896465767882887 ], [ 2.376756599069387, 48.896622479532716 ], [ 2.376608074982524, 48.896610015383516 ], [ 2.376162680160673, 48.896444020503957 ], [ 2.373955875499976, 48.895981946836272 ], [ 2.372104898690937, 48.895310358630624 ], [ 2.37194269751642, 48.89530141421443 ], [ 2.371791555807094, 48.895393251184558 ] ] ] ] } },
{ "type": "Feature", "properties": { "code_iris": "751197525", "nom_iris": "Amérique 25", "type_iris": "A", "arr": "19e", "n": 11, "prix_med": 95.0, "pct_multi": 18.2, "pct_entire": 90.9, "ratio_lh": 1.0 }, "geometry": { "type": "MultiPolygon", "coordinates": [ [ [ [ 2.40793407929123, 48.877572070607719 ], [ 2.406582644292136, 48.877113915776803 ], [ 2.406265713642774, 48.877526035876329 ], [ 2.405946350295659, 48.877672840847026 ], [ 2.402409911105074, 48.87834952185959 ], [ 2.401615730880795, 48.878641434059261 ], [ 2.40184850439915, 48.878674973163072 ], [ 2.401926880752494, 48.878736519094176 ], [ 2.401788647826085, 48.87913782829331 ], [ 2.401707399295686, 48.879207569887129 ], [ 2.401499730199983, 48.87971824957966 ], [ 2.401444652202698, 48.880120873061692 ], [ 2.401489675246744, 48.880474533847035 ], [ 2.401714367924265, 48.881093494615406 ], [ 2.402113645317621, 48.881590118874747 ], [ 2.4026566859311, 48.881323031631432 ], [ 2.40325926098218, 48.881095809021467 ], [ 2.405270232449559, 48.880523951274817 ], [ 2.405883499666547, 48.880313855724189 ], [ 2.40648788385428, 48.880045256709835 ], [ 2.406994574426885, 48.879733902349422 ], [ 2.407707695095333, 48.879134883051591 ], [ 2.40797320239622, 48.87868833098058 ], [ 2.408190687759291, 48.878507741998469 ], [ 2.408574564198052, 48.877962847319459 ], [ 2.408206593470386, 48.877827928186079 ], [ 2.40793407929123, 48.877572070607719 ] ] ] ] } },
{ "type": "Feature", "properties": { "code_iris": "751207917", "nom_iris": "Père Lachaise 17", "type_iris": "A", "arr": "20e", "n": 27, "prix_med": 98.0, "pct_multi": 14.8, "pct_entire": 92.6, "ratio_lh": 1.0 }, "geometry": { "type": "MultiPolygon", "coordinates": [ [ [ [ 2.404139752967521, 48.864681966293055 ], [ 2.398680787744251, 48.864883994971876 ], [ 2.398598803677341, 48.864782856916364 ], [ 2.398469801031147, 48.864739939610942 ], [ 2.398319584134768, 48.864763466705242 ], [ 2.398222173243538, 48.864817836711545 ], [ 2.398191095092454, 48.864912111175634 ], [ 2.398220074825647, 48.86499949289712 ], [ 2.398309330854922, 48.865061096787556 ], [ 2.398491722266155, 48.86508449710422 ], [ 2.398605230631115, 48.865052691283609 ], [ 2.401427664849187, 48.868311654009368 ], [ 2.402261946337978, 48.867243812931875 ], [ 2.404139752967521, 48.864681966293055 ] ] ] ] } },
{ "type": "Feature", "properties": { "code_iris": "751010105", "nom_iris": "Tuileries", "type_iris": "D", "arr": "1er", "n": 18, "prix_med": 232.0, "pct_multi": 50.0, "pct_entire": 94.4, "ratio_lh": 1.06 }, "geometry": { "type": "MultiPolygon", "coordinates": [ [ [ [ 2.321467800025973, 48.863752564652707 ], [ 2.323471663253651, 48.866371116080209 ], [ 2.323738677324909, 48.866384316595557 ], [ 2.324159314502435, 48.866324637729377 ], [ 2.331355590927084, 48.86398808552859 ], [ 2.332106845826641, 48.863762047527317 ], [ 2.331967861218245, 48.863651551440121 ], [ 2.331489536803284, 48.863004048246644 ], [ 2.330081294199133, 48.861002317087667 ], [ 2.330141936118199, 48.860844370984907 ], [ 2.324694177392195, 48.862606157224874 ], [ 2.323767611686653, 48.863000236120385 ], [ 2.321467800025973, 48.863752564652707 ] ] ] ] } },
{ "type": "Feature", "properties": { "code_iris": "751010199", "nom_iris": "Seine et Berges", "type_iris": "D", "arr": "1er", "n": 13, "prix_med": 288.0, "pct_multi": 38.5, "pct_entire": 92.3, "ratio_lh": 1.0 }, "geometry": { "type": "MultiPolygon", "coordinates": [ [ [ [ 2.347114738902888, 48.857240945459843 ], [ 2.346788831496143, 48.856710348252669 ], [ 2.346476434928995, 48.856189716530338 ], [ 2.345144661828362, 48.856639306489811 ], [ 2.343995773891932, 48.856850656770106 ], [ 2.341545478906288, 48.857152871351659 ], [ 2.341288823638048, 48.856862766863536 ], [ 2.343376823687082, 48.855026073122744 ], [ 2.344918495507247, 48.854356410656663 ], [ 2.344634297019093, 48.854088645694546 ], [ 2.342929504859985, 48.854832954704662 ], [ 2.342506315232651, 48.855104033545892 ], [ 2.341367616268792, 48.856128429764539 ], [ 2.340567474956991, 48.856675326011867 ], [ 2.337672258257701, 48.85831054597751 ], [ 2.336388411505671, 48.858625400952249 ], [ 2.332915970801086, 48.859335467847217 ], [ 2.331211887811374, 48.859679401262945 ], [ 2.327980452922264, 48.860820561101107 ], [ 2.325904334762589, 48.861468108147747 ], [ 2.320933472558735, 48.8630192629197 ], [ 2.321403511219162, 48.863664963352967 ], [ 2.321467800025973, 48.863752564652707 ], [ 2.323767611686653, 48.863000236120385 ], [ 2.324694177392195, 48.862606157224874 ], [ 2.330141936118199, 48.860844370984907 ], [ 2.330694738835292, 48.860678386228571 ], [ 2.333352924835915, 48.860125733790333 ], [ 2.334768505532421, 48.859745991301509 ], [ 2.336388456215045, 48.859370962946869 ], [ 2.339860690568446, 48.858996252171551 ], [ 2.34247309405207, 48.858492609042685 ], [ 2.342671643109269, 48.858419953093794 ], [ 2.347114738902888, 48.857240945459843 ] ] ] ] } },
{ "type": "Feature", "properties": { "code_iris": "751041399", "nom_iris": "Seine et Berges 1", "type_iris": "D", "arr": "4e", "n": 4, "prix_med": 198.5, "pct_multi": 25.0, "pct_entire": 75.0, "ratio_lh": 1.0 }, "geometry": { "type": "MultiPolygon", "coordinates": [ [ [ [ 2.346788831496143, 48.856710348252669 ], [ 2.347114738902888, 48.857240945459843 ], [ 2.347329473251235, 48.857180960984913 ], [ 2.348925891243127, 48.856712102084316 ], [ 2.351172606954423, 48.85589780120938 ], [ 2.351976531089452, 48.855584686373717 ], [ 2.352057909980124, 48.855506883431957 ], [ 2.35260331445759, 48.85526790977967 ], [ 2.352389817334617, 48.854571555001257 ], [ 2.350941215622133, 48.855326357101063 ], [ 2.349352443959221, 48.855951771972244 ], [ 2.346788831496143, 48.856710348252669 ] ] ] ] } },
{ "type": "Feature", "properties": { "code_iris": "751041499", "nom_iris": "Seine et Berges 2", "type_iris": "D", "arr": "4e", "n": 10, "prix_med": 254.0, "pct_multi": 50.0, "pct_entire": 100.0, "ratio_lh": 1.0 }, "geometry": { "type": "MultiPolygon", "coordinates": [ [ [ [ 2.360370346209623, 48.852390381487197 ], [ 2.36022863503661, 48.852166584077239 ], [ 2.360488866117872, 48.852060952112282 ], [ 2.360132817972416, 48.851756865554016 ], [ 2.359285883973073, 48.85214085435792 ], [ 2.352389817334617, 48.854571555001257 ], [ 2.35260331445759, 48.85526790977967 ], [ 2.353116521049306, 48.855097110333283 ], [ 2.355747570835209, 48.854050968540967 ], [ 2.360370346209623, 48.852390381487197 ] ] ] ] } },
{ "type": "Feature", "properties": { "code_iris": "751041588", "nom_iris": "Bassin de l'Arsenal", "type_iris": "D", "arr": "4e", "n": 9, "prix_med": 134.0, "pct_multi": 55.6, "pct_entire": 100.0, "ratio_lh": 1.0 }, "geometry": { "type": "MultiPolygon", "coordinates": [ [ [ [ 2.369041481590489, 48.852993120422497 ], [ 2.368972404780255, 48.852845262318695 ], [ 2.366443514943608, 48.847309858174491 ], [ 2.366041558191069, 48.847082889547444 ], [ 2.365540866630258, 48.847466959086724 ], [ 2.365754450416901, 48.8476083912755 ], [ 2.365910083547912, 48.847808873501343 ], [ 2.368069441282612, 48.852571590343992 ], [ 2.368427590997666, 48.85293142374524 ], [ 2.368826002984624, 48.852893055176246 ], [ 2.369041481590489, 48.852993120422497 ] ] ] ] } },
{ "type": "Feature", "properties": { "code_iris": "751041599", "nom_iris": "Seine et Berges 3", "type_iris": "D", "arr": "4e", "n": 8, "prix_med": 122.5, "pct_multi": 100.0, "pct_entire": 62.5, "ratio_lh": 1.33 }, "geometry": { "type": "MultiPolygon", "coordinates": [ [ [ [ 2.365379762440006, 48.846708845498497 ], [ 2.3644554356846, 48.846185908490632 ], [ 2.362491745042108, 48.847642313678392 ], [ 2.361057893168452, 48.848555606548288 ], [ 2.360964217661425, 48.849193649432621 ], [ 2.360750525705026, 48.849617004006817 ], [ 2.360626325078553, 48.850076810547741 ], [ 2.360535902384848, 48.850560180552506 ], [ 2.360518693591279, 48.851185140322997 ], [ 2.360393494785548, 48.851503742017933 ], [ 2.360132817972416, 48.851756865554016 ], [ 2.360488866117872, 48.852060952112282 ], [ 2.36022863503661, 48.852166584077239 ], [ 2.360370346209623, 48.852390381487197 ], [ 2.360489345244739, 48.85235504341555 ], [ 2.360921197017555, 48.852146002623122 ], [ 2.361291991654456, 48.851803529922933 ], [ 2.361388249225371, 48.851510854212087 ], [ 2.36143214331549, 48.850820384066139 ], [ 2.361458130696986, 48.849922966122534 ], [ 2.361641718566177, 48.849509342726371 ], [ 2.364792498568988, 48.847375750427595 ], [ 2.365379762440006, 48.846708845498497 ] ] ] ] } },
{ "type": "Feature", "properties": { "code_iris": "751041699", "nom_iris": "Seine et Berges 4", "type_iris": "D", "arr": "4e", "n": 62, "prix_med": 219.0, "pct_multi": 32.3, "pct_entire": 96.8, "ratio_lh": 1.07 }, "geometry": { "type": "MultiPolygon", "coordinates": [ [ [ [ 2.361057893168452, 48.848555606548288 ], [ 2.358614111953559, 48.849697304659159 ], [ 2.354597116127077, 48.850986064908163 ], [ 2.351597982626872, 48.851614687402076 ], [ 2.352173091532276, 48.852491076187128 ], [ 2.352196915137621, 48.852657585740786 ], [ 2.352042053963985, 48.85349404582206 ], [ 2.351765917992303, 48.853999785543074 ], [ 2.351236052392895, 48.85452393476956 ], [ 2.350282054202625, 48.855069162429508 ], [ 2.349533077968109, 48.855347490004299 ], [ 2.346476434928995, 48.856189716530338 ], [ 2.346788831496143, 48.856710348252669 ], [ 2.349352443959221, 48.855951771972244 ], [ 2.350941215622133, 48.855326357101063 ], [ 2.352389817334617, 48.854571555001257 ], [ 2.359285883973073, 48.85214085435792 ], [ 2.360132817972416, 48.851756865554016 ], [ 2.360393494785548, 48.851503742017933 ], [ 2.360518693591279, 48.851185140322997 ], [ 2.360535902384848, 48.850560180552506 ], [ 2.360626325078553, 48.850076810547741 ], [ 2.360750525705026, 48.849617004006817 ], [ 2.360964217661425, 48.849193649432621 ], [ 2.361057893168452, 48.848555606548288 ] ], [ [ 2.353173835569825, 48.853444409422728 ], [ 2.353343090548957, 48.852874234568645 ], [ 2.353383197730717, 48.852497621898586 ], [ 2.354168130572012, 48.851622292362045 ], [ 2.355630900700125, 48.851252449877173 ], [ 2.356540108963236, 48.850902996998613 ], [ 2.358970482074484, 48.850084138884945 ], [ 2.360049795917873, 48.850416382738103 ], [ 2.360079878103139, 48.851073972264729 ], [ 2.359813021915871, 48.851386419559631 ], [ 2.359477946485411, 48.851594175888586 ], [ 2.357963731740346, 48.85215894904271 ], [ 2.354002893669865, 48.853408417356853 ], [ 2.353290319428051, 48.853612318814399 ], [ 2.353173835569825, 48.853444409422728 ] ] ] ] } },
{ "type": "Feature", "properties": { "code_iris": "751051799", "nom_iris": "Seine et Berges 1", "type_iris": "D", "arr": "5e", "n": 16, "prix_med": 310.5, "pct_multi": 43.8, "pct_entire": 100.0, "ratio_lh": 1.0 }, "geometry": { "type": "MultiPolygon", "coordinates": [ [ [ [ 2.349933698541125, 48.852076019583961 ], [ 2.351597982626872, 48.851614687402076 ], [ 2.354597116127077, 48.850986064908163 ], [ 2.358614111953559, 48.849697304659159 ], [ 2.361057893168452, 48.848555606548288 ], [ 2.362491745042108, 48.847642313678392 ], [ 2.362366660315122, 48.84761916315734 ], [ 2.360987538112927, 48.846847350818003 ], [ 2.35771717562445, 48.849053949949507 ], [ 2.357464664102292, 48.849197390559212 ], [ 2.356790270839716, 48.849405115715065 ], [ 2.350870532181008, 48.851263591806159 ], [ 2.349565391348728, 48.851776331425043 ], [ 2.349827843926795, 48.852040369578958 ], [ 2.349933698541125, 48.852076019583961 ] ] ] ] } },
{ "type": "Feature", "properties": { "code_iris": "751051809", "nom_iris": "Jardin des Plantes", "type_iris": "D", "arr": "5e", "n": 16, "prix_med": 126.0, "pct_multi": 37.5, "pct_entire": 81.2, "ratio_lh": 1.14 }, "geometry": { "type": "MultiPolygon", "coordinates": [ [ [ [ 2.364901763858922, 48.844112557535873 ], [ 2.364158198814394, 48.843184964547397 ], [ 2.363859582915653, 48.843202263585361 ], [ 2.363170745123504, 48.843039411748094 ], [ 2.355959769422451, 48.841183196125655 ], [ 2.355829501320546, 48.841580912575843 ], [ 2.355072973725997, 48.843588709668616 ], [ 2.355006649983132, 48.843662999095095 ], [ 2.354921400212138, 48.843835216806987 ], [ 2.355247144501433, 48.843938600661865 ], [ 2.356980360073035, 48.844823007119061 ], [ 2.360987538112927, 48.846847350818003 ], [ 2.364244645637394, 48.844587526737456 ], [ 2.364550243609042, 48.844445252793051 ], [ 2.364901763858922, 48.844112557535873 ] ] ] ] } },
{ "type": "Feature", "properties": { "code_iris": "751051899", "nom_iris": "Seine et Berges 2", "type_iris": "D", "arr": "5e", "n": 0, "prix_med": 0.0, "pct_multi": 0.0, "pct_entire": 0.0, "ratio_lh": 0.0 }, "geometry": { "type": "MultiPolygon", "coordinates": [ [ [ [ 2.362491745042108, 48.847642313678392 ], [ 2.3644554356846, 48.846185908490632 ], [ 2.36608772597324, 48.84496784314512 ], [ 2.365127018289573, 48.844413240008208 ], [ 2.364901763858922, 48.844112557535873 ], [ 2.364550243609042, 48.844445252793051 ], [ 2.364244645637394, 48.844587526737456 ], [ 2.360987538112927, 48.846847350818003 ], [ 2.362366660315122, 48.84761916315734 ], [ 2.362491745042108, 48.847642313678392 ] ] ] ] } },
{ "type": "Feature", "properties": { "code_iris": "751052099", "nom_iris": "Seine et Berges 3", "type_iris": "D", "arr": "5e", "n": 5, "prix_med": 212.0, "pct_multi": 80.0, "pct_entire": 100.0, "ratio_lh": 1.0 }, "geometry": { "type": "MultiPolygon", "coordinates": [ [ [ [ 2.344281403902505, 48.853756649397681 ], [ 2.344634297019093, 48.854088645694546 ], [ 2.346673612596327, 48.853399201077615 ], [ 2.3490238379796, 48.852363363209186 ], [ 2.349933698541125, 48.852076019583961 ], [ 2.349827843926795, 48.852040369578958 ], [ 2.349565391348728, 48.851776331425043 ], [ 2.348262117941535, 48.852355619152824 ], [ 2.346818181207789, 48.853064531162502 ], [ 2.346713936006374, 48.853117923318614 ], [ 2.344281403902505, 48.853756649397681 ] ] ] ] } },
{ "type": "Feature", "properties": { "code_iris": "751062199", "nom_iris": "Seine et Berges 1", "type_iris": "D", "arr": "6e", "n": 14, "prix_med": 375.0, "pct_multi": 50.0, "pct_entire": 92.9, "ratio_lh": 1.08 }, "geometry": { "type": "MultiPolygon", "coordinates": [ [ [ [ 2.336388411505671, 48.858625400952249 ], [ 2.337672258257701, 48.85831054597751 ], [ 2.340567474956991, 48.856675326011867 ], [ 2.341367616268792, 48.856128429764539 ], [ 2.342506315232651, 48.855104033545892 ], [ 2.342929504859985, 48.854832954704662 ], [ 2.344634297019093, 48.854088645694546 ], [ 2.344281403902505, 48.853756649397681 ], [ 2.34228876504118, 48.854739499162527 ], [ 2.34047303674055, 48.856060547813605 ], [ 2.339912242503876, 48.856433384987646 ], [ 2.338160587760303, 48.857421990489428 ], [ 2.336485519998964, 48.85784979923357 ], [ 2.336388411505671, 48.858625400952249 ] ] ] ] } },
{ "type": "Feature", "properties": { "code_iris": "751062205", "nom_iris": "Jardin du Luxembourg", "type_iris": "D", "arr": "6e", "n": 19, "prix_med": 189.0, "pct_multi": 63.2, "pct_entire": 78.9, "ratio_lh": 1.36 }, "geometry": { "type": "MultiPolygon", "coordinates": [ [ [ [ 2.340634393877524, 48.846971642213262 ], [ 2.338983319797129, 48.843924488312119 ], [ 2.33758382732685, 48.844254008295422 ], [ 2.33618640246817, 48.844312815267166 ], [ 2.332901946019859, 48.844356601459978 ], [ 2.332410427598088, 48.844858402121773 ], [ 2.332467319796465, 48.84488480109642 ], [ 2.332689731891833, 48.848692137449788 ], [ 2.335444971336735, 48.849241692346311 ], [ 2.337327563408002, 48.849298001555937 ], [ 2.337782915892257, 48.849282535579079 ], [ 2.338409626378566, 48.849187073284725 ], [ 2.338716479064962, 48.849061060778013 ], [ 2.339119028758465, 48.848803370401683 ], [ 2.340448017284769, 48.847270101748691 ], [ 2.340508193802032, 48.847037499260772 ], [ 2.340634393877524, 48.846971642213262 ] ] ] ] } },
{ "type": "Feature", "properties": { "code_iris": "751062499", "nom_iris": "Seine et Berges 2", "type_iris": "D", "arr": "6e", "n": 1, "prix_med": 245.0, "pct_multi": 100.0, "pct_entire": 100.0, "ratio_lh": 1.0 }, "geometry": { "type": "MultiPolygon", "coordinates": [ [ [ [ 2.333270093392226, 48.858290596600341 ], [ 2.332451956624262, 48.858530659098705 ], [ 2.332915970801086, 48.859335467847217 ], [ 2.336388411505671, 48.858625400952249 ], [ 2.336485519998964, 48.85784979923357 ], [ 2.336260337146086, 48.857872832926809 ], [ 2.335182857488519, 48.857823682777124 ], [ 2.334887869343847, 48.857869709201957 ], [ 2.333270093392226, 48.858290596600341 ] ] ] ] } },
{ "type": "Feature", "properties": { "code_iris": "751072599", "nom_iris": "Seine et Berges 1", "type_iris": "D", "arr": "7e", "n": 3, "prix_med": 173.0, "pct_multi": 66.7, "pct_entire": 33.3, "ratio_lh": 1.0 }, "geometry": { "type": "MultiPolygon", "coordinates": [ [ [ [ 2.325904334762589, 48.861468108147747 ], [ 2.327980452922264, 48.860820561101107 ], [ 2.331211887811374, 48.859679401262945 ], [ 2.332915970801086, 48.859335467847217 ], [ 2.332451956624262, 48.858530659098705 ], [ 2.32929029412567, 48.859553529807549 ], [ 2.325305164582824, 48.860792017796008 ], [ 2.32594574723197, 48.86142787067039 ], [ 2.325904334762589, 48.861468108147747 ] ] ] ] } },
{ "type": "Feature", "properties": { "code_iris": "751072606", "nom_iris": "Invalides 6", "type_iris": "D", "arr": "7e", "n": 24, "prix_med": 200.0, "pct_multi": 50.0, "pct_entire": 91.7, "ratio_lh": 1.0 }, "geometry": { "type": "MultiPolygon", "coordinates": [ [ [ [ 2.314733979598688, 48.853699900697464 ], [ 2.309533972282797, 48.85395780146478 ], [ 2.309960180724663, 48.857278883904456 ], [ 2.311131024366234, 48.858098646105681 ], [ 2.311605743581254, 48.861884953202548 ], [ 2.311660374183708, 48.862805302913905 ], [ 2.315189660196816, 48.862892102044285 ], [ 2.314959943070394, 48.860976969642486 ], [ 2.314614421860583, 48.858126742252956 ], [ 2.314751844700716, 48.858041191324887 ], [ 2.315220125272401, 48.857981816568433 ], [ 2.314733979598688, 48.853699900697464 ] ] ] ] } },
{ "type": "Feature", "properties": { "code_iris": "751072699", "nom_iris": "Seine et Berges 2", "type_iris": "D", "arr": "7e", "n": 5, "prix_med": 398.0, "pct_multi": 20.0, "pct_entire": 100.0, "ratio_lh": 1.0 }, "geometry": { "type": "MultiPolygon", "coordinates": [ [ [ [ 2.310390240755495, 48.863608304990748 ], [ 2.318677870940691, 48.863723224083571 ], [ 2.320933472558735, 48.8630192629197 ], [ 2.325904334762589, 48.861468108147747 ], [ 2.32594574723197, 48.86142787067039 ], [ 2.325305164582824, 48.860792017796008 ], [ 2.320047781808954, 48.862367601937628 ], [ 2.319373444915552, 48.862546336662241 ], [ 2.319039006863441, 48.862583106190627 ], [ 2.318446419937379, 48.862764099522614 ], [ 2.317847685076611, 48.862893791959223 ], [ 2.315189660196816, 48.862892102044285 ], [ 2.311660374183708, 48.862805302913905 ], [ 2.311653413177553, 48.862919480325878 ], [ 2.310760756068919, 48.862906248533029 ], [ 2.310604922045545, 48.862939526257392 ], [ 2.310425375149164, 48.862910611994572 ], [ 2.310390240755495, 48.863608304990748 ] ] ] ] } },
{ "type": "Feature", "properties": { "code_iris": "751072812", "nom_iris": "Champ de Mars", "type_iris": "D", "arr": "7e", "n": 18, "prix_med": 451.5, "pct_multi": 44.4, "pct_entire": 77.8, "ratio_lh": 1.12 }, "geometry": { "type": "MultiPolygon", "coordinates": [ [ [ [ 2.291635918576814, 48.857929970822113 ], [ 2.294874995127961, 48.860198387211952 ], [ 2.296847882082604, 48.858943705042563 ], [ 2.296376714033232, 48.858609073636671 ], [ 2.298893901097704, 48.857007706331167 ], [ 2.299267694254462, 48.856678033407682 ], [ 2.300010182468253, 48.856295655857053 ], [ 2.300697412030575, 48.855866184156767 ], [ 2.304297076922185, 48.853503869822603 ], [ 2.301984924088163, 48.851931814476828 ], [ 2.294072896899644, 48.857026129299008 ], [ 2.293559723463235, 48.856675949137916 ], [ 2.291635918576814, 48.857929970822113 ] ] ] ] } },
{ "type": "Feature", "properties": { "code_iris": "751072899", "nom_iris": "Seine et Berges 3", "type_iris": "D", "arr": "7e", "n": 8, "prix_med": 273.0, "pct_multi": 75.0, "pct_entire": 100.0, "ratio_lh": 1.14 }, "geometry": { "type": "MultiPolygon", "coordinates": [ [ [ [ 2.301737287583633, 48.863496076955826 ], [ 2.310390240755495, 48.863608304990748 ], [ 2.310425375149164, 48.862910611994572 ], [ 2.310425452304362, 48.862595839866458 ], [ 2.309211600523887, 48.862545670651251 ], [ 2.302865285553371, 48.86242523070873 ], [ 2.301946176124402, 48.86245404852064 ], [ 2.30017886987559, 48.862306126180769 ], [ 2.299398030477206, 48.862189138571885 ], [ 2.298657277739832, 48.862031010576771 ], [ 2.297925373850425, 48.861823465489572 ], [ 2.296975725606092, 48.861489626904785 ], [ 2.296237808460318, 48.861122850524367 ], [ 2.295479578280877, 48.860646228715993 ], [ 2.294874995127961, 48.860198387211952 ], [ 2.291635918576814, 48.857929970822113 ], [ 2.291053303527222, 48.857475043722559 ], [ 2.289695682973307, 48.858182880399539 ], [ 2.29183855783034, 48.859968209643085 ], [ 2.293689941916093, 48.861246340424103 ], [ 2.294864562062728, 48.861875619391142 ], [ 2.296870514172012, 48.862619494425459 ], [ 2.299222465550165, 48.863283520586819 ], [ 2.301737287583633, 48.863496076955826 ] ] ] ] } },
{ "type": "Feature", "properties": { "code_iris": "751082907", "nom_iris": "Concorde Jardin Champs Élysées", "type_iris": "D", "arr": "8e", "n": 11, "prix_med": 175.0, "pct_multi": 36.4, "pct_entire": 90.9, "ratio_lh": 1.1 }, "geometry": { "type": "MultiPolygon", "coordinates": [ [ [ [ 2.323471663253651, 48.866371116080209 ], [ 2.321467800025973, 48.863752564652707 ], [ 2.321403511219162, 48.863664963352967 ], [ 2.318658766518133, 48.864558609862016 ], [ 2.318304975547325, 48.864510728462413 ], [ 2.317238138459753, 48.864472270518739 ], [ 2.310359051668654, 48.864316812464338 ], [ 2.310289833735882, 48.864705831612511 ], [ 2.310253543826957, 48.866828982573068 ], [ 2.310169876535014, 48.868308824416829 ], [ 2.309943571528039, 48.868309318587357 ], [ 2.309652305114131, 48.868376888592941 ], [ 2.309453636306254, 48.86845218692941 ], [ 2.309289860188996, 48.868569056196939 ], [ 2.309155846019595, 48.868703184584184 ], [ 2.309063758269867, 48.868965261883268 ], [ 2.309074273264559, 48.869097526332645 ], [ 2.309195995284706, 48.869273601212761 ], [ 2.309888782873916, 48.869049163999435 ], [ 2.310074320765618, 48.869141966820557 ], [ 2.31030550472077, 48.869082143722764 ], [ 2.311971204590482, 48.869923624063766 ], [ 2.314729848156716, 48.869040105347622 ], [ 2.314617531738895, 48.868873083469886 ], [ 2.314899861429948, 48.868551835004673 ], [ 2.315181257230982, 48.868405053428489 ], [ 2.315464195972031, 48.868348214524723 ], [ 2.315928006584508, 48.868324785266658 ], [ 2.31619668079404, 48.868419852427124 ], [ 2.320336088493567, 48.867120493076058 ], [ 2.32306965660918, 48.866360748919824 ], [ 2.323471663253651, 48.866371116080209 ] ] ] ] } },
{ "type": "Feature", "properties": { "code_iris": "751082999", "nom_iris": "Seine et Berges", "type_iris": "D", "arr": "8e", "n": 4, "prix_med": 401.5, "pct_multi": 50.0, "pct_entire": 100.0, "ratio_lh": 1.0 }, "geometry": { "type": "MultiPolygon", "coordinates": [ [ [ [ 2.310390240755495, 48.863608304990748 ], [ 2.301737287583633, 48.863496076955826 ], [ 2.301662484441652, 48.864195334946658 ], [ 2.302239265255709, 48.864284137337933 ], [ 2.302291395688624, 48.864157632932809 ], [ 2.310359051668654, 48.864316812464338 ], [ 2.317238138459753, 48.864472270518739 ], [ 2.318304975547325, 48.864510728462413 ], [ 2.318658766518133, 48.864558609862016 ], [ 2.321403511219162, 48.863664963352967 ], [ 2.320933472558735, 48.8630192629197 ], [ 2.318677870940691, 48.863723224083571 ], [ 2.310390240755495, 48.863608304990748 ] ] ] ] } },
{ "type": "Feature", "properties": { "code_iris": "751103988", "nom_iris": "Canal Saint-Martin 1", "type_iris": "D", "arr": "10e", "n": 25, "prix_med": 120.0, "pct_multi": 20.0, "pct_entire": 100.0, "ratio_lh": 1.0 }, "geometry": { "type": "MultiPolygon", "coordinates": [ [ [ [ 2.367610590375759, 48.868819456609302 ], [ 2.367064435257618, 48.868665480641553 ], [ 2.364514005192331, 48.871889586726596 ], [ 2.363550894477858, 48.873166025135404 ], [ 2.363044040047265, 48.873809052706839 ], [ 2.362883773804858, 48.874204806995166 ], [ 2.362852384078874, 48.874318855572305 ], [ 2.363204941311376, 48.874141763769707 ], [ 2.363568710929424, 48.874051066780069 ], [ 2.365941513214639, 48.870985228345276 ], [ 2.367610590375759, 48.868819456609302 ] ] ] ] } },
{ "type": "Feature", "properties": { "code_iris": "751104088", "nom_iris": "Canal Saint-Martin 2", "type_iris": "D", "arr": "10e", "n": 24, "prix_med": 142.0, "pct_multi": 25.0, "pct_entire": 87.5, "ratio_lh": 1.04 }, "geometry": { "type": "MultiPolygon", "coordinates": [ [ [ [ 2.370168080363927, 48.88268448312931 ], [ 2.370220435118679, 48.881963497019271 ], [ 2.370066576526478, 48.881944700999249 ], [ 2.370054311706419, 48.88149317326414 ], [ 2.369822800760107, 48.881468572327215 ], [ 2.369666869863407, 48.881395805106777 ], [ 2.368061843346311, 48.879493354258514 ], [ 2.367667384541433, 48.879413928939407 ], [ 2.36616440868004, 48.877763800697572 ], [ 2.365125917128676, 48.876493835159778 ], [ 2.363623512586339, 48.874810397397468 ], [ 2.363464640293878, 48.874422838440296 ], [ 2.363568710929424, 48.874051066780069 ], [ 2.363204941311376, 48.874141763769707 ], [ 2.362852384078874, 48.874318855572305 ], [ 2.362824633087458, 48.874469796261643 ], [ 2.36310382420215, 48.875052252706816 ], [ 2.36540997531333, 48.877686957917717 ], [ 2.367029781586508, 48.879594922375354 ], [ 2.367088639502728, 48.880025113733232 ], [ 2.369165374196715, 48.882496640349792 ], [ 2.369884750158155, 48.882659609751727 ], [ 2.370168080363927, 48.88268448312931 ] ] ] ] } },
{ "type": "Feature", "properties": { "code_iris": "751124577", "nom_iris": "Bois de Vincennes 1", "type_iris": "D", "arr": "12e", "n": 24, "prix_med": 108.5, "pct_multi": 16.7, "pct_entire": 91.7, "ratio_lh": 1.04 }, "geometry": { "type": "MultiPolygon", "coordinates": [ [ [ [ 2.467319402317011, 48.839099389275745 ], [ 2.467913269660948, 48.838448200739016 ], [ 2.469472533957363, 48.837047633665804 ], [ 2.469803238423912, 48.83654725867639 ], [ 2.469834017515896, 48.835798230172315 ], [ 2.469496032469829, 48.834471077166853 ], [ 2.468618156780551, 48.833587606736415 ], [ 2.466938823254062, 48.832749125226925 ], [ 2.466273218864985, 48.832295577093056 ], [ 2.465627464284061, 48.831634361191036 ], [ 2.465581612699126, 48.831456082704804 ], [ 2.465426352616533, 48.831319585217798 ], [ 2.465004468244835, 48.830349984961167 ], [ 2.464702177139617, 48.829276591475256 ], [ 2.464610827079943, 48.828356133232241 ], [ 2.464661941154306, 48.827623379872477 ], [ 2.465094593138125, 48.827540775480678 ], [ 2.465232235297584, 48.827667302121178 ], [ 2.466178324692476, 48.827327971479271 ], [ 2.465730572119004, 48.826226047990389 ], [ 2.465712037823177, 48.82617380195974 ], [ 2.464598001665879, 48.82721747998626 ], [ 2.464492557559454, 48.827271869156355 ], [ 2.464400055728802, 48.827259763169913 ], [ 2.463773960708556, 48.827873921945567 ], [ 2.462422820237065, 48.828918313867845 ], [ 2.459053475242967, 48.831211787265701 ], [ 2.456805506747497, 48.832673854505082 ], [ 2.455512556914363, 48.83359971371484 ], [ 2.454482997997905, 48.834477295147934 ], [ 2.453753556979027, 48.835183561105474 ], [ 2.45315947447118, 48.835841875764785 ], [ 2.451732596216349, 48.835368576315574 ], [ 2.449988663626005, 48.834862324408739 ], [ 2.448181177005851, 48.834442991495038 ], [ 2.447119302375739, 48.834243825855822 ], [ 2.445563250383537, 48.834012682087881 ], [ 2.445196307791905, 48.833801429376969 ], [ 2.445116693866445, 48.833857719832245 ], [ 2.444966153617301, 48.833794066048767 ], [ 2.444653988107251, 48.833940112335981 ], [ 2.444197833292716, 48.834046816249362 ], [ 2.438107223117105, 48.834771124653287 ], [ 2.437932322931125, 48.834692957821311 ], [ 2.43792006746849, 48.834566090270805 ], [ 2.437745696301247, 48.834565270722983 ], [ 2.437569293335748, 48.834626497308371 ], [ 2.43748618838643, 48.83475291645945 ], [ 2.431461116476914, 48.835447516090291 ], [ 2.431422554034394, 48.835110971617226 ], [ 2.431318971075696, 48.835114975992084 ], [ 2.431250289180747, 48.835041801139887 ], [ 2.431130201876727, 48.835060116657509 ], [ 2.430421542305488, 48.834582780457829 ], [ 2.430129360051478, 48.83426751132135 ], [ 2.429646969351135, 48.833407219978241 ], [ 2.429466300876155, 48.832986355670975 ], [ 2.429369817403646, 48.832591074777611 ], [ 2.429367873135682, 48.83227089196086 ], [ 2.428575919683188, 48.831319180781733 ], [ 2.428140735629804, 48.830630885190729 ], [ 2.426836006727276, 48.828869076698133 ], [ 2.426250780625248, 48.829069527486872 ], [ 2.425194231552602, 48.829269509787629 ], [ 2.421726916775437, 48.829437165146615 ], [ 2.421230349485718, 48.829502215645114 ], [ 2.420254941054463, 48.829752911547402 ], [ 2.419687621979228, 48.82883100686788 ], [ 2.419584580413113, 48.828542709173632 ], [ 2.419341132877242, 48.828141308675129 ], [ 2.419344928851367, 48.828045094709005 ], [ 2.418206498286686, 48.827769751417144 ], [ 2.417228594794478, 48.827757795188369 ], [ 2.416086487334754, 48.827933896767533 ], [ 2.414974872999408, 48.828183884837266 ], [ 2.413507749712774, 48.828673150391552 ], [ 2.412174780526696, 48.829222415605066 ], [ 2.411568057102007, 48.829511726521744 ], [ 2.411456209381473, 48.829524666681564 ], [ 2.410763053288084, 48.829867510156177 ], [ 2.409253799429012, 48.83070097324044 ], [ 2.408806188529885, 48.831131356936616 ], [ 2.408349050623672, 48.831440277238471 ], [ 2.407761514383435, 48.831715273558324 ], [ 2.407078934789162, 48.831961915475084 ], [ 2.406247243241077, 48.83214305897129 ], [ 2.405091390765795, 48.832318087919838 ], [ 2.404584298728419, 48.832346143019457 ], [ 2.403894202061208, 48.832295039166425 ], [ 2.404177933082124, 48.832500609033303 ], [ 2.404435713882528, 48.832950676422179 ], [ 2.405530408694009, 48.833242120525085 ], [ 2.407250314698875, 48.834141926916956 ], [ 2.407560248455296, 48.834321536595432 ], [ 2.407781085115324, 48.834549269975945 ], [ 2.407979003756543, 48.834875819472174 ], [ 2.408170135527091, 48.834960406163837 ], [ 2.409774435716869, 48.834408029869323 ], [ 2.409829812222219, 48.834330058454618 ], [ 2.410270628702279, 48.83414066816885 ], [ 2.410880016072129, 48.833982685027358 ], [ 2.411471874927622, 48.833928938778136 ], [ 2.413505425613419, 48.833723080160823 ], [ 2.415470466512807, 48.833793856345167 ], [ 2.417337888379132, 48.834188794968711 ], [ 2.419796237439636, 48.834983191087133 ], [ 2.422138636243513, 48.835797660960402 ], [ 2.421475736306939, 48.837095832387114 ], [ 2.421062063196677, 48.838890752401156 ], [ 2.420772547136299, 48.8396870823481 ], [ 2.420393582068758, 48.840439808508172 ], [ 2.419538952900591, 48.8414492408548 ], [ 2.419356954364107, 48.842497907263173 ], [ 2.419848924917878, 48.843101963520553 ], [ 2.419859968239215, 48.843456363315184 ], [ 2.421847988927573, 48.844437291195568 ], [ 2.422435387811295, 48.844057902630276 ], [ 2.423491922523838, 48.842655507269832 ], [ 2.42394800402987, 48.842196334546074 ], [ 2.424347225006843, 48.84195003387272 ], [ 2.424919695918368, 48.841807990845574 ], [ 2.427575156761254, 48.841570705799498 ], [ 2.431532950269272, 48.841228037491554 ], [ 2.433544643445916, 48.841046017312948 ], [ 2.433669709036991, 48.841197701363122 ], [ 2.437184204443509, 48.840893217842307 ], [ 2.437958319623622, 48.84466425489591 ], [ 2.440519707011924, 48.844439731022362 ], [ 2.440615688866212, 48.844891655119085 ], [ 2.440801139730464, 48.844879031809484 ], [ 2.44086390998716, 48.845251657243828 ], [ 2.440681366302255, 48.845247206544279 ], [ 2.44075815339398, 48.845964349333954 ], [ 2.446646486889991, 48.845801966183075 ], [ 2.446497282929874, 48.844967576616064 ], [ 2.44785282741999, 48.844863220176364 ], [ 2.457843527623447, 48.843549991934779 ], [ 2.459873497765623, 48.843181446219141 ], [ 2.461793922353881, 48.842730532157276 ], [ 2.463741475493356, 48.842023393152104 ], [ 2.465258517101661, 48.841173999356464 ], [ 2.466164109594404, 48.840422586498953 ], [ 2.467319402317011, 48.839099389275745 ] ] ] ] } },
{ "type": "Feature", "properties": { "code_iris": "751124677", "nom_iris": "Bois de Vincennes 2", "type_iris": "D", "arr": "12e", "n": 24, "prix_med": 98.0, "pct_multi": 12.5, "pct_entire": 79.2, "ratio_lh": 1.0 }, "geometry": { "type": "MultiPolygon", "coordinates": [ [ [ [ 2.465712037823177, 48.82617380195974 ], [ 2.465319736172734, 48.824979488644885 ], [ 2.465189202930904, 48.824957320142531 ], [ 2.465299394785839, 48.824705090729992 ], [ 2.465044244672473, 48.824084285422117 ], [ 2.462867047647515, 48.820177558136862 ], [ 2.462696960503023, 48.819369158503775 ], [ 2.462529348017551, 48.819246090661586 ], [ 2.462696062752353, 48.81905977056919 ], [ 2.461205214252255, 48.818355149158933 ], [ 2.459115403967742, 48.817365397302787 ], [ 2.45941357657735, 48.816847807107486 ], [ 2.459119228635603, 48.816996671384423 ], [ 2.458717081488417, 48.817034423988247 ], [ 2.454202941109536, 48.817116431897801 ], [ 2.453283089776461, 48.817171588164193 ], [ 2.450806758669985, 48.817728644108669 ], [ 2.449670555127019, 48.817893401690917 ], [ 2.447786272701002, 48.817965657930188 ], [ 2.44418090156304, 48.817875204049571 ], [ 2.442325672531203, 48.817904339348516 ], [ 2.439853739221728, 48.818291207567313 ], [ 2.437328614686424, 48.818176822864338 ], [ 2.437442471570391, 48.819110909080791 ], [ 2.43692491658807, 48.819364794539638 ], [ 2.436027653556641, 48.819592604336854 ], [ 2.434901851098009, 48.819669132161103 ], [ 2.434144075250625, 48.819215861610871 ], [ 2.434287751289356, 48.820158185694318 ], [ 2.43248024229773, 48.821425830878717 ], [ 2.432890021773652, 48.821693089828557 ], [ 2.432634430984658, 48.821900531733164 ], [ 2.432194835497048, 48.821619639799358 ], [ 2.43037098941349, 48.822877281275723 ], [ 2.430628080921096, 48.823157310770576 ], [ 2.429226897097741, 48.823621901515949 ], [ 2.426982996027741, 48.82404736519662 ], [ 2.425131776070185, 48.824185977120266 ], [ 2.422878161027141, 48.824130153724241 ], [ 2.421718495045437, 48.824056199267474 ], [ 2.419962519541093, 48.824080072251441 ], [ 2.418914650479385, 48.824241368727719 ], [ 2.41787247039753, 48.824502513930739 ], [ 2.415976094429698, 48.824777468860525 ], [ 2.413110929286841, 48.82471757392905 ], [ 2.411931955241783, 48.824785530545739 ], [ 2.410907282795905, 48.824939676044146 ], [ 2.409955145964196, 48.825183208450888 ], [ 2.409175132460023, 48.82550223157812 ], [ 2.407706677790518, 48.826350269371332 ], [ 2.40514539528833, 48.828301780748696 ], [ 2.403814047852145, 48.829059614980871 ], [ 2.402237349716066, 48.829589567211407 ], [ 2.401508451268692, 48.829361979081213 ], [ 2.401026650227233, 48.829206674364961 ], [ 2.40126552536419, 48.829519951424601 ], [ 2.397794614081284, 48.831759039065851 ], [ 2.399923697264006, 48.832600754871656 ], [ 2.402175894369019, 48.833404374507843 ], [ 2.403894202061208, 48.832295039166425 ], [ 2.404584298728419, 48.832346143019457 ], [ 2.405091390765795, 48.832318087919838 ], [ 2.406247243241077, 48.83214305897129 ], [ 2.407078934789162, 48.831961915475084 ], [ 2.407761514383435, 48.831715273558324 ], [ 2.408349050623672, 48.831440277238471 ], [ 2.408806188529885, 48.831131356936616 ], [ 2.409253799429012, 48.83070097324044 ], [ 2.410763053288084, 48.829867510156177 ], [ 2.411456209381473, 48.829524666681564 ], [ 2.411568057102007, 48.829511726521744 ], [ 2.412174780526696, 48.829222415605066 ], [ 2.413507749712774, 48.828673150391552 ], [ 2.414974872999408, 48.828183884837266 ], [ 2.416086487334754, 48.827933896767533 ], [ 2.417228594794478, 48.827757795188369 ], [ 2.418206498286686, 48.827769751417144 ], [ 2.419344928851367, 48.828045094709005 ], [ 2.419341132877242, 48.828141308675129 ], [ 2.419584580413113, 48.828542709173632 ], [ 2.419687621979228, 48.82883100686788 ], [ 2.420254941054463, 48.829752911547402 ], [ 2.421230349485718, 48.829502215645114 ], [ 2.421726916775437, 48.829437165146615 ], [ 2.425194231552602, 48.829269509787629 ], [ 2.426250780625248, 48.829069527486872 ], [ 2.426836006727276, 48.828869076698133 ], [ 2.428140735629804, 48.830630885190729 ], [ 2.428575919683188, 48.831319180781733 ], [ 2.429367873135682, 48.83227089196086 ], [ 2.429369817403646, 48.832591074777611 ], [ 2.429466300876155, 48.832986355670975 ], [ 2.429646969351135, 48.833407219978241 ], [ 2.430129360051478, 48.83426751132135 ], [ 2.430421542305488, 48.834582780457829 ], [ 2.431130201876727, 48.835060116657509 ], [ 2.431250289180747, 48.835041801139887 ], [ 2.431318971075696, 48.835114975992084 ], [ 2.431422554034394, 48.835110971617226 ], [ 2.431461116476914, 48.835447516090291 ], [ 2.43748618838643, 48.83475291645945 ], [ 2.437569293335748, 48.834626497308371 ], [ 2.437745696301247, 48.834565270722983 ], [ 2.43792006746849, 48.834566090270805 ], [ 2.437932322931125, 48.834692957821311 ], [ 2.438107223117105, 48.834771124653287 ], [ 2.444197833292716, 48.834046816249362 ], [ 2.444653988107251, 48.833940112335981 ], [ 2.444966153617301, 48.833794066048767 ], [ 2.445116693866445, 48.833857719832245 ], [ 2.445196307791905, 48.833801429376969 ], [ 2.445563250383537, 48.834012682087881 ], [ 2.447119302375739, 48.834243825855822 ], [ 2.448181177005851, 48.834442991495038 ], [ 2.449988663626005, 48.834862324408739 ], [ 2.451732596216349, 48.835368576315574 ], [ 2.45315947447118, 48.835841875764785 ], [ 2.453753556979027, 48.835183561105474 ], [ 2.454482997997905, 48.834477295147934 ], [ 2.455512556914363, 48.83359971371484 ], [ 2.456805506747497, 48.832673854505082 ], [ 2.459053475242967, 48.831211787265701 ], [ 2.462422820237065, 48.828918313867845 ], [ 2.463773960708556, 48.827873921945567 ], [ 2.464400055728802, 48.827259763169913 ], [ 2.464492557559454, 48.827271869156355 ], [ 2.464598001665879, 48.82721747998626 ], [ 2.465712037823177, 48.82617380195974 ] ] ] ] } },
{ "type": "Feature", "properties": { "code_iris": "751124708", "nom_iris": "Jardin de Bercy", "type_iris": "D", "arr": "12e", "n": 11, "prix_med": 112.0, "pct_multi": 18.2, "pct_entire": 72.7, "ratio_lh": 1.0 }, "geometry": { "type": "MultiPolygon", "coordinates": [ [ [ [ 2.399336932813713, 48.828665773253391 ], [ 2.39570666297783, 48.827727429569357 ], [ 2.394339872457587, 48.82753884258792 ], [ 2.390951448461554, 48.826084438424814 ], [ 2.390856801309236, 48.826257535193278 ], [ 2.3903560403831, 48.82668038640243 ], [ 2.389785180340196, 48.827039921727952 ], [ 2.388579716720916, 48.827965513441384 ], [ 2.38835240899175, 48.828414935876054 ], [ 2.388210328340551, 48.82856620276457 ], [ 2.389590018976143, 48.829165937556006 ], [ 2.391565518143597, 48.829957556037996 ], [ 2.392202342170251, 48.830134372280277 ], [ 2.395255495887533, 48.830805488894796 ], [ 2.39643215641114, 48.831186469133435 ], [ 2.397794614081284, 48.831759039065851 ], [ 2.40126552536419, 48.829519951424601 ], [ 2.401026650227233, 48.829206674364961 ], [ 2.399336932813713, 48.828665773253391 ] ] ], [ [ [ 2.379593457083153, 48.839867323882096 ], [ 2.381096812182529, 48.838675361836394 ], [ 2.381796138188216, 48.83818342898639 ], [ 2.382037472971983, 48.837938250425267 ], [ 2.383181882686852, 48.837020510566425 ], [ 2.382483831064524, 48.83660230191262 ], [ 2.38624145286584, 48.833584484876788 ], [ 2.386288626723776, 48.833511878239143 ], [ 2.384981469025795, 48.832531149282033 ], [ 2.384198844709466, 48.832010885219553 ], [ 2.380828291554929, 48.834670900231785 ], [ 2.380270030640109, 48.834989082748294 ], [ 2.380090863627237, 48.835276850771393 ], [ 2.378012801742571, 48.836912800674945 ], [ 2.377161692687922, 48.837791547805061 ], [ 2.376372802020818, 48.838478148936687 ], [ 2.375937291670181, 48.838779862487115 ], [ 2.379022778154242, 48.840421967194189 ], [ 2.379593457083153, 48.839867323882096 ] ] ] ] } },
{ "type": "Feature", "properties": { "code_iris": "751124799", "nom_iris": "Seine et Berges", "type_iris": "D", "arr": "12e", "n": 5, "prix_med": 219.0, "pct_multi": 60.0, "pct_entire": 0.0, "ratio_lh": 1.67 }, "geometry": { "type": "MultiPolygon", "coordinates": [ [ [ [ 2.390951448461554, 48.826084438424814 ], [ 2.390072014511326, 48.825692326824935 ], [ 2.388512315585047, 48.82674382242616 ], [ 2.384304749063455, 48.830310724130413 ], [ 2.378358228919763, 48.835023230888467 ], [ 2.374862841776404, 48.83805386179246 ], [ 2.373550475260092, 48.839328589210794 ], [ 2.372451617071186, 48.840179022961287 ], [ 2.373759343887263, 48.8407686629523 ], [ 2.375416601720509, 48.839253807388069 ], [ 2.374818276655015, 48.83892960913505 ], [ 2.375026141995332, 48.838751722026863 ], [ 2.375623147018991, 48.839072314952844 ], [ 2.375937291670181, 48.838779862487115 ], [ 2.376372802020818, 48.838478148936687 ], [ 2.377161692687922, 48.837791547805061 ], [ 2.378012801742571, 48.836912800674945 ], [ 2.380090863627237, 48.835276850771393 ], [ 2.380270030640109, 48.834989082748294 ], [ 2.380828291554929, 48.834670900231785 ], [ 2.384198844709466, 48.832010885219553 ], [ 2.38592008441533, 48.830681474731108 ], [ 2.386281238776363, 48.830320882766394 ], [ 2.386397424380449, 48.83028730288148 ], [ 2.386696387372285, 48.830001937513927 ], [ 2.387004192732901, 48.829891094368087 ], [ 2.388210328340551, 48.82856620276457 ], [ 2.38835240899175, 48.828414935876054 ], [ 2.388579716720916, 48.827965513441384 ], [ 2.389785180340196, 48.827039921727952 ], [ 2.3903560403831, 48.82668038640243 ], [ 2.390856801309236, 48.826257535193278 ], [ 2.390951448461554, 48.826084438424814 ] ] ] ] } },
{ "type": "Feature", "properties": { "code_iris": "751124888", "nom_iris": "Bassin de l'Arsenal", "type_iris": "D", "arr": "12e", "n": 11, "prix_med": 144.0, "pct_multi": 27.3, "pct_entire": 81.8, "ratio_lh": 1.0 }, "geometry": { "type": "MultiPolygon", "coordinates": [ [ [ [ 2.366041558191069, 48.847082889547444 ], [ 2.366443514943608, 48.847309858174491 ], [ 2.368972404780255, 48.852845262318695 ], [ 2.3690939611782, 48.852823419506656 ], [ 2.369370826071828, 48.852242997730031 ], [ 2.369524877005135, 48.852125994302241 ], [ 2.367638254286907, 48.848011381936651 ], [ 2.366989172337878, 48.846588763610626 ], [ 2.366876572963144, 48.846435276933363 ], [ 2.366041558191069, 48.847082889547444 ] ] ] ] } },
{ "type": "Feature", "properties": { "code_iris": "751124899", "nom_iris": "Seine et Berges", "type_iris": "D", "arr": "12e", "n": 3, "prix_med": 290.0, "pct_multi": 33.3, "pct_entire": 100.0, "ratio_lh": 1.0 }, "geometry": { "type": "MultiPolygon", "coordinates": [ [ [ [ 2.372451617071186, 48.840179022961287 ], [ 2.36608772597324, 48.84496784314512 ], [ 2.3644554356846, 48.846185908490632 ], [ 2.365379762440006, 48.846708845498497 ], [ 2.366041558191069, 48.847082889547444 ], [ 2.366876572963144, 48.846435276933363 ], [ 2.368363752628902, 48.845268575845076 ], [ 2.371492039666277, 48.842809114575971 ], [ 2.372492936845889, 48.841952781285158 ], [ 2.372656489007036, 48.841722503261408 ], [ 2.373759343887263, 48.8407686629523 ], [ 2.372451617071186, 48.840179022961287 ] ] ] ] } },
{ "type": "Feature", "properties": { "code_iris": "751134999", "nom_iris": "Seine et Berges 1", "type_iris": "D", "arr": "13e", "n": 0, "prix_med": 0.0, "pct_multi": 0.0, "pct_entire": 0.0, "ratio_lh": 0.0 }, "geometry": { "type": "MultiPolygon", "coordinates": [ [ [ [ 2.364901763858922, 48.844112557535873 ], [ 2.365127018289573, 48.844413240008208 ], [ 2.36608772597324, 48.84496784314512 ], [ 2.372451617071186, 48.840179022961287 ], [ 2.373550475260092, 48.839328589210794 ], [ 2.374862841776404, 48.83805386179246 ], [ 2.373758191986649, 48.837462597416 ], [ 2.37316415500658, 48.838030582331633 ], [ 2.372389708934393, 48.838644384568944 ], [ 2.36733288487547, 48.842297039015556 ], [ 2.366292919904114, 48.843109053730245 ], [ 2.365437782584103, 48.843622552527918 ], [ 2.365074656836947, 48.844013646287912 ], [ 2.364901763858922, 48.844112557535873 ] ] ] ] } },
{ "type": "Feature", "properties": { "code_iris": "751135099", "nom_iris": "Seine et Berges 2", "type_iris": "D", "arr": "13e", "n": 4, "prix_med": 45.0, "pct_multi": 75.0, "pct_entire": 50.0, "ratio_lh": 1.33 }, "geometry": { "type": "MultiPolygon", "coordinates": [ [ [ [ 2.374862841776404, 48.83805386179246 ], [ 2.378358228919763, 48.835023230888467 ], [ 2.384304749063455, 48.830310724130413 ], [ 2.388512315585047, 48.82674382242616 ], [ 2.390072014511326, 48.825692326824935 ], [ 2.38944542518818, 48.825344669629509 ], [ 2.388799862307387, 48.825105736192995 ], [ 2.388307584496006, 48.825501641455503 ], [ 2.386310179599062, 48.826936699676494 ], [ 2.385764151156596, 48.827382682987306 ], [ 2.384636513556204, 48.82828615049258 ], [ 2.383836638696328, 48.829000629395857 ], [ 2.381740916427732, 48.830663541434234 ], [ 2.379770123552832, 48.832234427955896 ], [ 2.379065570042804, 48.832712833603928 ], [ 2.3755349388416, 48.835517565567095 ], [ 2.374334535958598, 48.836778498688361 ], [ 2.373758191986649, 48.837462597416 ], [ 2.374862841776404, 48.83805386179246 ] ] ] ] } },
{ "type": "Feature", "properties": { "code_iris": "751155999", "nom_iris": "Seine et Berges", "type_iris": "D", "arr": "15e", "n": 19, "prix_med": 225.0, "pct_multi": 36.8, "pct_entire": 84.2, "ratio_lh": 1.06 }, "geometry": { "type": "MultiPolygon", "coordinates": [ [ [ [ 2.28007305872698, 48.850289250190684 ], [ 2.288074160462674, 48.855957228585261 ], [ 2.288513487011697, 48.857021083439633 ], [ 2.289695682973307, 48.858182880399539 ], [ 2.291053303527222, 48.857475043722559 ], [ 2.290592843845691, 48.857158439379766 ], [ 2.290272774183568, 48.856841766535148 ], [ 2.290042064231392, 48.856468963419765 ], [ 2.289550947557499, 48.855303178833935 ], [ 2.289296959550602, 48.854939229068634 ], [ 2.288763139097098, 48.854507962418076 ], [ 2.286536515568673, 48.852891147822611 ], [ 2.282349821338439, 48.849925195543015 ], [ 2.28161378364365, 48.849342487513503 ], [ 2.28007305872698, 48.850289250190684 ] ] ] ] } },
{ "type": "Feature", "properties": { "code_iris": "751156023", "nom_iris": "Jardin Citroën-Cévennes", "type_iris": "D", "arr": "15e", "n": 4, "prix_med": 169.5, "pct_multi": 50.0, "pct_entire": 75.0, "ratio_lh": 1.0 }, "geometry": { "type": "MultiPolygon", "coordinates": [ [ [ [ 2.274596295854888, 48.843517215638848 ], [ 2.27487976931784, 48.843415506727993 ], [ 2.274828359277624, 48.843291082105281 ], [ 2.274977640840199, 48.842550906162394 ], [ 2.27506661455752, 48.842423734800626 ], [ 2.276824555389137, 48.841720274845201 ], [ 2.276888213281365, 48.841649609379154 ], [ 2.276977108015083, 48.84113480717857 ], [ 2.277061438321012, 48.841047178482079 ], [ 2.277640783893343, 48.840831231747529 ], [ 2.277897831988111, 48.840865161050822 ], [ 2.277995176359709, 48.840329723259025 ], [ 2.277678538041072, 48.840368283425541 ], [ 2.276916707349871, 48.839497585486704 ], [ 2.276886358238006, 48.839426351603734 ], [ 2.276978098678671, 48.838902571874243 ], [ 2.277025229920728, 48.838844397505376 ], [ 2.278068944174908, 48.838446882695543 ], [ 2.278359785436791, 48.83840097088801 ], [ 2.277255703124276, 48.837158565410768 ], [ 2.276290583971738, 48.837391963551624 ], [ 2.275197558806427, 48.837710918850618 ], [ 2.276226207973513, 48.838692068358178 ], [ 2.276160706562346, 48.839091892990162 ], [ 2.27610136274536, 48.839146395615451 ], [ 2.275458797612983, 48.839402424009045 ], [ 2.274743899428386, 48.839372909273806 ], [ 2.274569014456409, 48.839407823726134 ], [ 2.27372622713859, 48.839756163163941 ], [ 2.272783856747753, 48.839721657948182 ], [ 2.271957501662177, 48.840062889845974 ], [ 2.271882525265871, 48.840163163214015 ], [ 2.271672753733497, 48.840159188067247 ], [ 2.271564269667202, 48.840219684827595 ], [ 2.271539939963403, 48.840303178299898 ], [ 2.271595614941618, 48.840414140121091 ], [ 2.271826406986788, 48.840474004431329 ], [ 2.274596295854888, 48.843517215638848 ] ] ] ] } },
{ "type": "Feature", "properties": { "code_iris": "751156099", "nom_iris": "Seine et Berges", "type_iris": "D", "arr": "15e", "n": 6, "prix_med": 265.5, "pct_multi": 33.3, "pct_entire": 83.3, "ratio_lh": 1.0 }, "geometry": { "type": "MultiPolygon", "coordinates": [ [ [ [ 2.264992745234484, 48.834237313004984 ], [ 2.262791524526515, 48.833923373529132 ], [ 2.266032384682759, 48.836838399164876 ], [ 2.275463566410293, 48.846704435551047 ], [ 2.278021048066483, 48.848888267072212 ], [ 2.28007305872698, 48.850289250190684 ], [ 2.28161378364365, 48.849342487513503 ], [ 2.280748139378365, 48.848771586572546 ], [ 2.277580103176082, 48.846486996939227 ], [ 2.277093634490729, 48.846191764199503 ], [ 2.276938462777419, 48.846081103685009 ], [ 2.276334743510678, 48.845496462022901 ], [ 2.276210389214069, 48.845423760327712 ], [ 2.275529934778164, 48.844674964849183 ], [ 2.274575681409002, 48.843627713070468 ], [ 2.274542307685573, 48.843578045375935 ], [ 2.274596295854888, 48.843517215638848 ], [ 2.271826406986788, 48.840474004431329 ], [ 2.271595614941618, 48.840414140121091 ], [ 2.271539939963403, 48.840303178299898 ], [ 2.271564269667202, 48.840219684827595 ], [ 2.271501046243499, 48.840258872197538 ], [ 2.271330494782831, 48.84027582086248 ], [ 2.271077754878386, 48.840226614306836 ], [ 2.27089645140567, 48.840135572135814 ], [ 2.270058583012988, 48.839254473035737 ], [ 2.26999462289835, 48.839054421821388 ], [ 2.269825710922084, 48.838857327428215 ], [ 2.269694594939013, 48.838782778353561 ], [ 2.269581644984088, 48.838773094969227 ], [ 2.269596061211817, 48.838619390071813 ], [ 2.268925364970497, 48.838062177695718 ], [ 2.268493696208355, 48.837463253207808 ], [ 2.267949559187465, 48.836821367865262 ], [ 2.266979838236231, 48.836023078911168 ], [ 2.267358974471845, 48.835898589730313 ], [ 2.26711620674588, 48.83562639017439 ], [ 2.266883606129789, 48.83540641621456 ], [ 2.266012444379083, 48.834964875639564 ], [ 2.265680463404331, 48.834643558990194 ], [ 2.265174518060606, 48.83438952536634 ], [ 2.264992745234484, 48.834237313004984 ] ] ] ] } },
{ "type": "Feature", "properties": { "code_iris": "751166177", "nom_iris": "Bois de Boulogne 1", "type_iris": "D", "arr": "16e", "n": 17, "prix_med": 171.0, "pct_multi": 23.5, "pct_entire": 94.1, "ratio_lh": 1.0 }, "geometry": { "type": "MultiPolygon", "coordinates": [ [ [ [ 2.245514981559115, 48.846855679095263 ], [ 2.242362313011173, 48.847657779525349 ], [ 2.241956924168444, 48.847984380857675 ], [ 2.240499842470815, 48.849316098961182 ], [ 2.239770051491471, 48.849832198223275 ], [ 2.239179626559883, 48.850042494757858 ], [ 2.237778292862653, 48.850349253661427 ], [ 2.226594150345919, 48.852811899947412 ], [ 2.224219105880447, 48.853516917562082 ], [ 2.224407449942075, 48.856154179466564 ], [ 2.225670292256979, 48.859404562401572 ], [ 2.227181294011469, 48.862384917775238 ], [ 2.228248359287424, 48.865161826525629 ], [ 2.229615132438551, 48.866854226769185 ], [ 2.231887420843956, 48.866220396116312 ], [ 2.232823802909863, 48.865859464887009 ], [ 2.233372747027019, 48.865610263395389 ], [ 2.23577542795679, 48.864351241914221 ], [ 2.23586717709639, 48.864136881473563 ], [ 2.236479464725529, 48.863934836543621 ], [ 2.236993900768341, 48.863712378805822 ], [ 2.237258205229996, 48.863535990868009 ], [ 2.237563916897985, 48.863231258025309 ], [ 2.238228775522986, 48.862322643747 ], [ 2.239744212371298, 48.861224270910398 ], [ 2.240759631476477, 48.860574185327934 ], [ 2.242005276229948, 48.859837412155258 ], [ 2.243211105130076, 48.859211894613573 ], [ 2.244169728143889, 48.858806945629439 ], [ 2.245387086234558, 48.858417111192239 ], [ 2.246107986670097, 48.85823728614168 ], [ 2.247399480560434, 48.857997192119605 ], [ 2.248457500268651, 48.857878830494826 ], [ 2.249883890583766, 48.857829321922509 ], [ 2.252825764884466, 48.857979932907078 ], [ 2.257478851178914, 48.858467569196371 ], [ 2.25878801637461, 48.858419025751481 ], [ 2.260306384732779, 48.858419427361746 ], [ 2.261219855679922, 48.858304556274462 ], [ 2.263008187497581, 48.857816439405433 ], [ 2.262675528784046, 48.857245095675914 ], [ 2.262574100863501, 48.856803784373604 ], [ 2.262572722433124, 48.856515980655416 ], [ 2.258449719988076, 48.850106820779303 ], [ 2.258046906955663, 48.849301189503009 ], [ 2.25787359907488, 48.848648073707508 ], [ 2.257395222329861, 48.848460735155932 ], [ 2.257345784264193, 48.848200511118229 ], [ 2.257119450751093, 48.848208999011476 ], [ 2.257019761300403, 48.847841437971454 ], [ 2.257095883531198, 48.847759168836994 ], [ 2.257065390033856, 48.847699621203105 ], [ 2.257157106745994, 48.847670511566889 ], [ 2.256968174090241, 48.847445395692858 ], [ 2.256549949635057, 48.846958937349271 ], [ 2.256178127119736, 48.845990703904135 ], [ 2.255873395884249, 48.845382633727844 ], [ 2.252477551164905, 48.845485576374685 ], [ 2.250515688787809, 48.845555144489261 ], [ 2.245514981559115, 48.846855679095263 ] ] ] ] } },
{ "type": "Feature", "properties": { "code_iris": "751166199", "nom_iris": "Seine et Berges 1", "type_iris": "D", "arr": "16e", "n": 15, "prix_med": 227.0, "pct_multi": 33.3, "pct_entire": 93.3, "ratio_lh": 1.07 }, "geometry": { "type": "MultiPolygon", "coordinates": [ [ [ [ 2.28007305872698, 48.850289250190684 ], [ 2.278021048066483, 48.848888267072212 ], [ 2.275463566410293, 48.846704435551047 ], [ 2.266032384682759, 48.836838399164876 ], [ 2.262791524526515, 48.833923373529132 ], [ 2.261492487377966, 48.834070052808606 ], [ 2.26197760835464, 48.834638756027644 ], [ 2.263777517997083, 48.836359564227514 ], [ 2.265566419655938, 48.838096463122312 ], [ 2.266299807339982, 48.838746714618736 ], [ 2.267321835933157, 48.839800749305503 ], [ 2.274428754214008, 48.847134356993514 ], [ 2.275761599821298, 48.848497777188847 ], [ 2.277082213876474, 48.849863804632172 ], [ 2.277388117982124, 48.849719056228935 ], [ 2.279094183296905, 48.850909312970714 ], [ 2.28007305872698, 48.850289250190684 ] ] ] ] } },
{ "type": "Feature", "properties": { "code_iris": "751166277", "nom_iris": "Bois de Boulogne 2", "type_iris": "D", "arr": "16e", "n": 3, "prix_med": 164.0, "pct_multi": 33.3, "pct_entire": 100.0, "ratio_lh": 1.0 }, "geometry": { "type": "MultiPolygon", "coordinates": [ [ [ [ 2.229615132438551, 48.866854226769185 ], [ 2.230658982743392, 48.868079566932131 ], [ 2.23173635974686, 48.869068581615451 ], [ 2.233702274504686, 48.869897796496957 ], [ 2.23557581105711, 48.870523134659372 ], [ 2.239225056762461, 48.871573443563484 ], [ 2.240945304504728, 48.87234161751806 ], [ 2.241856061513682, 48.872901388701855 ], [ 2.243010273208006, 48.873784659127011 ], [ 2.245703788405577, 48.876459232481636 ], [ 2.246397777702424, 48.876177611391256 ], [ 2.254817140668557, 48.874080881374113 ], [ 2.255410336689475, 48.874263542681497 ], [ 2.255372343622852, 48.874060054010819 ], [ 2.25527110043386, 48.873989275125481 ], [ 2.257130272574751, 48.872495320315714 ], [ 2.258555250856573, 48.871231577809709 ], [ 2.258619193641574, 48.871240967365722 ], [ 2.259420116648559, 48.870619978707275 ], [ 2.259323867066573, 48.870581610487129 ], [ 2.260152022263815, 48.86996168453814 ], [ 2.260941508566404, 48.869183228268398 ], [ 2.261570322673538, 48.868678077135421 ], [ 2.261830504761444, 48.868596042459906 ], [ 2.261865207304824, 48.868648418803119 ], [ 2.262011458348955, 48.868621440789184 ], [ 2.262414858110575, 48.868533992364583 ], [ 2.262676719506016, 48.868429482437762 ], [ 2.262851468086776, 48.868411672453654 ], [ 2.263176072310013, 48.868401080293438 ], [ 2.264580512288909, 48.868477169243491 ], [ 2.265378271096426, 48.868362454744194 ], [ 2.265531747353871, 48.868402968053452 ], [ 2.265710995841868, 48.868259272475541 ], [ 2.265778555594994, 48.868108596069696 ], [ 2.265661452103338, 48.867712163379231 ], [ 2.265151060786728, 48.867074088939617 ], [ 2.264993305517249, 48.866757447876005 ], [ 2.265019994385034, 48.866315130687831 ], [ 2.265427765466335, 48.865626032254788 ], [ 2.266396460208992, 48.864598617476695 ], [ 2.266977738668456, 48.864073359336807 ], [ 2.267123370260566, 48.863992410048674 ], [ 2.267365768701056, 48.863718691935972 ], [ 2.265509503523281, 48.862632585428948 ], [ 2.265182668633359, 48.862224070569042 ], [ 2.265137260520648, 48.862061008429308 ], [ 2.26519563044399, 48.861498370204053 ], [ 2.265096429427575, 48.861090352767668 ], [ 2.263008187497581, 48.857816439405433 ], [ 2.261219855679922, 48.858304556274462 ], [ 2.260306384732779, 48.858419427361746 ], [ 2.25878801637461, 48.858419025751481 ], [ 2.257478851178914, 48.858467569196371 ], [ 2.252825764884466, 48.857979932907078 ], [ 2.249883890583766, 48.857829321922509 ], [ 2.248457500268651, 48.857878830494826 ], [ 2.247399480560434, 48.857997192119605 ], [ 2.246107986670097, 48.85823728614168 ], [ 2.245387086234558, 48.858417111192239 ], [ 2.244169728143889, 48.858806945629439 ], [ 2.243211105130076, 48.859211894613573 ], [ 2.242005276229948, 48.859837412155258 ], [ 2.240759631476477, 48.860574185327934 ], [ 2.239744212371298, 48.861224270910398 ], [ 2.238228775522986, 48.862322643747 ], [ 2.237563916897985, 48.863231258025309 ], [ 2.237258205229996, 48.863535990868009 ], [ 2.236993900768341, 48.863712378805822 ], [ 2.236479464725529, 48.863934836543621 ], [ 2.23586717709639, 48.864136881473563 ], [ 2.23577542795679, 48.864351241914221 ], [ 2.233372747027019, 48.865610263395389 ], [ 2.232823802909863, 48.865859464887009 ], [ 2.231887420843956, 48.866220396116312 ], [ 2.229615132438551, 48.866854226769185 ] ] ] ] } },
{ "type": "Feature", "properties": { "code_iris": "751166299", "nom_iris": "Seine et Berges 2", "type_iris": "D", "arr": "16e", "n": 4, "prix_med": 363.0, "pct_multi": 25.0, "pct_entire": 100.0, "ratio_lh": 1.0 }, "geometry": { "type": "MultiPolygon", "coordinates": [ [ [ [ 2.29183855783034, 48.859968209643085 ], [ 2.289695682973307, 48.858182880399539 ], [ 2.288513487011697, 48.857021083439633 ], [ 2.288074160462674, 48.855957228585261 ], [ 2.28007305872698, 48.850289250190684 ], [ 2.279094183296905, 48.850909312970714 ], [ 2.278472474385233, 48.851322869784973 ], [ 2.280736337170161, 48.852687341962891 ], [ 2.282936553317296, 48.854030702238781 ], [ 2.28360121141938, 48.854557211559793 ], [ 2.286467797519726, 48.856814641524011 ], [ 2.288628468571499, 48.858482321940954 ], [ 2.289331388407182, 48.858910094990485 ], [ 2.290540235355916, 48.859920947985145 ], [ 2.290686287880723, 48.859905625387938 ], [ 2.291215662572836, 48.860368332001919 ], [ 2.29183855783034, 48.859968209643085 ] ] ] ] } },
{ "type": "Feature", "properties": { "code_iris": "751166377", "nom_iris": "Bois de Boulogne 3", "type_iris": "D", "arr": "16e", "n": 22, "prix_med": 171.5, "pct_multi": 36.4, "pct_entire": 95.5, "ratio_lh": 1.0 }, "geometry": { "type": "MultiPolygon", "coordinates": [ [ [ [ 2.255410336689475, 48.874263542681497 ], [ 2.256057163140736, 48.875559924490567 ], [ 2.258467171114177, 48.880387263091045 ], [ 2.261542031184247, 48.880001565768865 ], [ 2.270750115672039, 48.878834007593113 ], [ 2.277487029813821, 48.877968320857832 ], [ 2.279469949480847, 48.878531568013976 ], [ 2.279949332567544, 48.878573123987067 ], [ 2.281133964683096, 48.878197124361982 ], [ 2.283618245332463, 48.877406207205816 ], [ 2.283468964612196, 48.877256023161067 ], [ 2.283280767998161, 48.877159566393061 ], [ 2.283193894249968, 48.877032239116993 ], [ 2.282626632436582, 48.876640325543477 ], [ 2.282353725320339, 48.876358994480682 ], [ 2.282094218864152, 48.876193758215891 ], [ 2.281703771659364, 48.876032232439513 ], [ 2.280704677387683, 48.875713262089377 ], [ 2.279517206015767, 48.875214180303651 ], [ 2.279242220059844, 48.875084818162129 ], [ 2.27911281079591, 48.874977916386221 ], [ 2.27880643369808, 48.874851062185485 ], [ 2.278542114264928, 48.874837777967258 ], [ 2.277445267219834, 48.873804111253278 ], [ 2.277144304266616, 48.873680882657396 ], [ 2.276197181450735, 48.872864849467149 ], [ 2.275971329942978, 48.872635049796209 ], [ 2.275822197042067, 48.872378733433102 ], [ 2.275424144192398, 48.872081339045224 ], [ 2.275083259893058, 48.872182699880533 ], [ 2.274738048253775, 48.872203092372303 ], [ 2.274411886299738, 48.872128268646847 ], [ 2.274142808317271, 48.871968352289365 ], [ 2.274066959108323, 48.871834789031354 ], [ 2.274090042186813, 48.871548037439908 ], [ 2.274340555807917, 48.87127885303024 ], [ 2.273880774489039, 48.87100985797651 ], [ 2.273103048111279, 48.87046912634338 ], [ 2.27255290723592, 48.87003319772748 ], [ 2.272230229750601, 48.86971016883939 ], [ 2.272177926960023, 48.869550666120595 ], [ 2.271994723224788, 48.869393065289287 ], [ 2.270299123954402, 48.867423956387142 ], [ 2.268480476271051, 48.86500439089933 ], [ 2.267365768701056, 48.863718691935972 ], [ 2.267123370260566, 48.863992410048674 ], [ 2.266977738668456, 48.864073359336807 ], [ 2.266396460208992, 48.864598617476695 ], [ 2.265427765466335, 48.865626032254788 ], [ 2.265019994385034, 48.866315130687831 ], [ 2.264993305517249, 48.866757447876005 ], [ 2.265151060786728, 48.867074088939617 ], [ 2.265661452103338, 48.867712163379231 ], [ 2.265778555594994, 48.868108596069696 ], [ 2.265710995841868, 48.868259272475541 ], [ 2.265531747353871, 48.868402968053452 ], [ 2.265378271096426, 48.868362454744194 ], [ 2.264580512288909, 48.868477169243491 ], [ 2.263176072310013, 48.868401080293438 ], [ 2.262851468086776, 48.868411672453654 ], [ 2.262676719506016, 48.868429482437762 ], [ 2.262414858110575, 48.868533992364583 ], [ 2.262011458348955, 48.868621440789184 ], [ 2.261865207304824, 48.868648418803119 ], [ 2.261830504761444, 48.868596042459906 ], [ 2.261570322673538, 48.868678077135421 ], [ 2.260941508566404, 48.869183228268398 ], [ 2.260152022263815, 48.86996168453814 ], [ 2.259323867066573, 48.870581610487129 ], [ 2.259420116648559, 48.870619978707275 ], [ 2.258619193641574, 48.871240967365722 ], [ 2.258555250856573, 48.871231577809709 ], [ 2.257130272574751, 48.872495320315714 ], [ 2.25527110043386, 48.873989275125481 ], [ 2.255372343622852, 48.874060054010819 ], [ 2.255410336689475, 48.874263542681497 ] ] ] ] } },
{ "type": "Feature", "properties": { "code_iris": "751166499", "nom_iris": "Seine et Berges 3", "type_iris": "D", "arr": "16e", "n": 0, "prix_med": 0.0, "pct_multi": 0.0, "pct_entire": 0.0, "ratio_lh": 0.0 }, "geometry": { "type": "MultiPolygon", "coordinates": [ [ [ [ 2.301662484441652, 48.864195334946658 ], [ 2.301737287583633, 48.863496076955826 ], [ 2.299222465550165, 48.863283520586819 ], [ 2.296870514172012, 48.862619494425459 ], [ 2.294864562062728, 48.861875619391142 ], [ 2.293689941916093, 48.861246340424103 ], [ 2.29183855783034, 48.859968209643085 ], [ 2.291215662572836, 48.860368332001919 ], [ 2.291747742155963, 48.860733022481632 ], [ 2.291818657718074, 48.860830572359113 ], [ 2.291774114518664, 48.860898659632156 ], [ 2.293269894112598, 48.862066768390108 ], [ 2.294025532827251, 48.862533495425204 ], [ 2.29637884617477, 48.863295615074058 ], [ 2.298916125008466, 48.863864505652828 ], [ 2.300930850739201, 48.864167680486077 ], [ 2.300884144988763, 48.864296014705275 ], [ 2.301175303334417, 48.864337286560648 ], [ 2.301213528653392, 48.864231386469768 ], [ 2.301398659771062, 48.864250454268863 ], [ 2.301533177377724, 48.864181090113782 ], [ 2.301662484441652, 48.864195334946658 ] ] ] ] } },
{ "type": "Feature", "properties": { "code_iris": "751197388", "nom_iris": "Bassin de la Villette", "type_iris": "D", "arr": "19e", "n": 46, "prix_med": 128.0, "pct_multi": 26.1, "pct_entire": 73.9, "ratio_lh": 1.15 }, "geometry": { "type": "MultiPolygon", "coordinates": [ [ [ [ 2.370083654434945, 48.882787461712056 ], [ 2.369301392563939, 48.883313047626963 ], [ 2.368718249261116, 48.883947597603751 ], [ 2.369031107867245, 48.884237031503496 ], [ 2.369193003643534, 48.88438087758535 ], [ 2.369458657562748, 48.884289646242038 ], [ 2.369962132727194, 48.884378632084193 ], [ 2.377256109748699, 48.888045567660001 ], [ 2.378879096548861, 48.888835509156834 ], [ 2.37891906179551, 48.888800642883702 ], [ 2.378967746922651, 48.888835069654391 ], [ 2.379191022962058, 48.888638376517733 ], [ 2.379325028232195, 48.888608494248537 ], [ 2.382635743979179, 48.890261475831906 ], [ 2.38307523656935, 48.889886925403125 ], [ 2.379681635990917, 48.88820924427138 ], [ 2.379646759091794, 48.888160500143726 ], [ 2.379706739116685, 48.888162609526447 ], [ 2.379980946910398, 48.887925709124488 ], [ 2.37700383788031, 48.886447955361447 ], [ 2.371166674972592, 48.883552187637214 ], [ 2.370585676531636, 48.882882732775983 ], [ 2.37027577042271, 48.882800163615947 ], [ 2.370083654434945, 48.882787461712056 ] ] ] ] } },
{ "type": "Feature", "properties": { "code_iris": "751197488", "nom_iris": "Canal Saint-Denis", "type_iris": "D", "arr": "19e", "n": 20, "prix_med": 101.5, "pct_multi": 25.0, "pct_entire": 85.0, "ratio_lh": 1.11 }, "geometry": { "type": "MultiPolygon", "coordinates": [ [ [ [ 2.379775917060788, 48.902047526829193 ], [ 2.380350078692644, 48.902058592492843 ], [ 2.382459119845706, 48.898714149709797 ], [ 2.382906081291781, 48.898060853456428 ], [ 2.383005925213963, 48.898037985699958 ], [ 2.383977634860831, 48.896494367256999 ], [ 2.38415184859026, 48.896410727585739 ], [ 2.384042565436252, 48.896309442179742 ], [ 2.384225110636494, 48.896213254819976 ], [ 2.384347471652021, 48.896016034397135 ], [ 2.387938565734403, 48.892669197085233 ], [ 2.386373889819639, 48.891885976516186 ], [ 2.386487862366032, 48.891588885771817 ], [ 2.386203211347945, 48.891439938625062 ], [ 2.38307523656935, 48.889886925403125 ], [ 2.382635743979179, 48.890261475831906 ], [ 2.383861411003948, 48.890871232905035 ], [ 2.385286262523423, 48.891593515262144 ], [ 2.38528470558269, 48.892071945212749 ], [ 2.385572271051431, 48.892551858785076 ], [ 2.384367989570092, 48.894511583022123 ], [ 2.383706104269717, 48.895581063667933 ], [ 2.383620204337066, 48.895809047945413 ], [ 2.383548825232754, 48.895847351141526 ], [ 2.383465503603943, 48.896203051412137 ], [ 2.383309925786995, 48.896325456655468 ], [ 2.382823633085557, 48.897076578040959 ], [ 2.382688549547481, 48.897540827763798 ], [ 2.381758619246172, 48.899007309258259 ], [ 2.380649509491296, 48.900624839232123 ], [ 2.380345116629615, 48.900985687696526 ], [ 2.380100157939259, 48.901395405773712 ], [ 2.380126206833207, 48.90149896147414 ], [ 2.379775917060788, 48.902047526829193 ] ] ] ] } },
{ "type": "Feature", "properties": { "code_iris": "751197617", "nom_iris": "Buttes Chaumont", "type_iris": "D", "arr": "19e", "n": 47, "prix_med": 124.0, "pct_multi": 23.4, "pct_entire": 89.4, "ratio_lh": 1.0 }, "geometry": { "type": "MultiPolygon", "coordinates": [ [ [ [ 2.381878469681223, 48.875586847167106 ], [ 2.381317569390017, 48.875976058747938 ], [ 2.380166514056972, 48.876231810123635 ], [ 2.379563948123261, 48.876454421114495 ], [ 2.379113634779876, 48.876714691447276 ], [ 2.378806460724793, 48.876976602230961 ], [ 2.378433852677564, 48.877465703422139 ], [ 2.378276966453677, 48.877929843191708 ], [ 2.37826549028825, 48.878205878308101 ], [ 2.378339522931847, 48.878628948360372 ], [ 2.378470090168877, 48.878885036235417 ], [ 2.378955135925083, 48.879601621736093 ], [ 2.379619197435999, 48.880400971493749 ], [ 2.380884316497096, 48.881569453298148 ], [ 2.3815063665913, 48.88200704389542 ], [ 2.381945443159235, 48.88223684127793 ], [ 2.382448715710705, 48.882457974855797 ], [ 2.383646667206071, 48.882743838771511 ], [ 2.3845286285767, 48.882884174287618 ], [ 2.385563724495346, 48.882990215515193 ], [ 2.388404757730405, 48.88049923590939 ], [ 2.389496647392421, 48.879595587590117 ], [ 2.38931611044032, 48.879526317785739 ], [ 2.388367174253939, 48.879519674794501 ], [ 2.386778846676934, 48.879504354891068 ], [ 2.385585064325801, 48.879447871636195 ], [ 2.384693178622004, 48.879344364691192 ], [ 2.383150766814982, 48.879021661746577 ], [ 2.382471749342143, 48.878790630554384 ], [ 2.382078628941012, 48.878597044684241 ], [ 2.381549871104849, 48.87811407163035 ], [ 2.381261727985528, 48.877692595047762 ], [ 2.381170436147411, 48.877343182540542 ], [ 2.381151468634745, 48.876988747758531 ], [ 2.381241970243945, 48.876486488903971 ], [ 2.381388690955328, 48.876186870144188 ], [ 2.381878469681223, 48.875586847167106 ] ] ] ] } },
{ "type": "Feature", "properties": { "code_iris": "751010101", "nom_iris": "Saint-Germain l'Auxerrois 1", "type_iris": "H", "arr": "1er", "n": 64, "prix_med": 267.5, "pct_multi": 48.4, "pct_entire": 78.1, "ratio_lh": 1.16 }, "geometry": { "type": "MultiPolygon", "coordinates": [ [ [ [ 2.348223210390838, 48.858516871074343 ], [ 2.347573942712776, 48.857358566935332 ], [ 2.347329473251235, 48.857180960984913 ], [ 2.347114738902888, 48.857240945459843 ], [ 2.342671643109269, 48.858419953093794 ], [ 2.343212327141845, 48.859101931307393 ], [ 2.343980671322331, 48.859890378684781 ], [ 2.347440461622229, 48.858766221871996 ], [ 2.348223210390838, 48.858516871074343 ] ] ] ] } },
{ "type": "Feature", "properties": { "code_iris": "751010201", "nom_iris": "Les Halles 1", "type_iris": "H", "arr": "1er", "n": 180, "prix_med": 200.0, "pct_multi": 53.3, "pct_entire": 91.7, "ratio_lh": 1.26 }, "geometry": { "type": "MultiPolygon", "coordinates": [ [ [ [ 2.349017869621773, 48.863858825502675 ], [ 2.350955108041353, 48.8634016875165 ], [ 2.350164450262719, 48.861985423089962 ], [ 2.348223210390838, 48.858516871074343 ], [ 2.347440461622229, 48.858766221871996 ], [ 2.347445158584181, 48.858935325245511 ], [ 2.347359059174241, 48.859062563362585 ], [ 2.346883310051467, 48.859611268999842 ], [ 2.346827633369763, 48.859594776834399 ], [ 2.346437695420342, 48.860038725010256 ], [ 2.346620793054828, 48.860546058151037 ], [ 2.346717133432157, 48.860580759351713 ], [ 2.347409271946518, 48.860494600874226 ], [ 2.347661823737401, 48.861007706964855 ], [ 2.347747960057199, 48.860986592113328 ], [ 2.348444771796439, 48.862379879657169 ], [ 2.349082366748565, 48.86371528100937 ], [ 2.349017869621773, 48.863858825502675 ] ] ] ] } },
{ "type": "Feature", "properties": { "code_iris": "751010202", "nom_iris": "Les Halles 2", "type_iris": "H", "arr": "1er", "n": 113, "prix_med": 286.0, "pct_multi": 63.7, "pct_entire": 97.3, "ratio_lh": 1.36 }, "geometry": { "type": "MultiPolygon", "coordinates": [ [ [ [ 2.339130016712214, 48.861476222413486 ], [ 2.339469249651607, 48.862134619419308 ], [ 2.341222108678749, 48.861708097534844 ], [ 2.342515009519736, 48.861435510429281 ], [ 2.344951434937346, 48.861059453619148 ], [ 2.345238876132772, 48.860963897023822 ], [ 2.345854613214823, 48.860666881965855 ], [ 2.346437695420342, 48.860038725010256 ], [ 2.346827633369763, 48.859594776834399 ], [ 2.346883310051467, 48.859611268999842 ], [ 2.347359059174241, 48.859062563362585 ], [ 2.347445158584181, 48.858935325245511 ], [ 2.347440461622229, 48.858766221871996 ], [ 2.343980671322331, 48.859890378684781 ], [ 2.340845071494255, 48.860911896782461 ], [ 2.339130016712214, 48.861476222413486 ] ] ] ] } },
{ "type": "Feature", "properties": { "code_iris": "751010203", "nom_iris": "Les Halles 3", "type_iris": "H", "arr": "1er", "n": 181, "prix_med": 225.0, "pct_multi": 56.9, "pct_entire": 96.7, "ratio_lh": 1.36 }, "geometry": { "type": "MultiPolygon", "coordinates": [ [ [ [ 2.339469249651607, 48.862134619419308 ], [ 2.339143935838259, 48.862205670628413 ], [ 2.339770386093294, 48.863541061577706 ], [ 2.340446294578857, 48.864740918842301 ], [ 2.34237553907866, 48.863845893927582 ], [ 2.342742145050976, 48.863635662108614 ], [ 2.343149856392409, 48.863516488746896 ], [ 2.34297580348559, 48.863158492748362 ], [ 2.342650180331437, 48.863145912487759 ], [ 2.342310801707241, 48.863035226941946 ], [ 2.34224101537026, 48.862948506104438 ], [ 2.342202555599268, 48.862863756101198 ], [ 2.342274010730002, 48.862818282130235 ], [ 2.34230843703951, 48.862682669913461 ], [ 2.34237634772353, 48.86259400773065 ], [ 2.342554649228628, 48.862506851338786 ], [ 2.34244383634635, 48.862322775667906 ], [ 2.342323325111831, 48.862259159135263 ], [ 2.342215626500065, 48.862260365923397 ], [ 2.342298098201258, 48.862205958993485 ], [ 2.344852766340415, 48.861643489702644 ], [ 2.345431886084228, 48.861549529099001 ], [ 2.347661823737401, 48.861007706964855 ], [ 2.347409271946518, 48.860494600874226 ], [ 2.346717133432157, 48.860580759351713 ], [ 2.346620793054828, 48.860546058151037 ], [ 2.346437695420342, 48.860038725010256 ], [ 2.345854613214823, 48.860666881965855 ], [ 2.345238876132772, 48.860963897023822 ], [ 2.344951434937346, 48.861059453619148 ], [ 2.342515009519736, 48.861435510429281 ], [ 2.341222108678749, 48.861708097534844 ], [ 2.339469249651607, 48.862134619419308 ] ] ] ] } },
{ "type": "Feature", "properties": { "code_iris": "751010204", "nom_iris": "Les Halles 4", "type_iris": "H", "arr": "1er", "n": 124, "prix_med": 200.5, "pct_multi": 53.2, "pct_entire": 92.7, "ratio_lh": 1.22 }, "geometry": { "type": "MultiPolygon", "coordinates": [ [ [ [ 2.34497496823186, 48.864825147078335 ], [ 2.346682599072115, 48.864421681436873 ], [ 2.349017869621773, 48.863858825502675 ], [ 2.349082366748565, 48.86371528100937 ], [ 2.348444771796439, 48.862379879657169 ], [ 2.345881928302091, 48.862942380551338 ], [ 2.345536078757462, 48.863129352524361 ], [ 2.34502471284832, 48.863145441271769 ], [ 2.344285208026899, 48.86330956960127 ], [ 2.343871841076282, 48.863336982485549 ], [ 2.343149856392409, 48.863516488746896 ], [ 2.342742145050976, 48.863635662108614 ], [ 2.34497496823186, 48.864825147078335 ] ] ] ] } },
{ "type": "Feature", "properties": { "code_iris": "751010301", "nom_iris": "Palais Royal 1", "type_iris": "H", "arr": "1er", "n": 227, "prix_med": 263.0, "pct_multi": 68.7, "pct_entire": 90.7, "ratio_lh": 1.53 }, "geometry": { "type": "MultiPolygon", "coordinates": [ [ [ [ 2.333660618265889, 48.867506590183552 ], [ 2.335874392590844, 48.866979288028773 ], [ 2.338668944584592, 48.866336441993312 ], [ 2.338554390577688, 48.866125362313518 ], [ 2.33924479120029, 48.865968193164846 ], [ 2.338157156657303, 48.86391527270559 ], [ 2.339770386093294, 48.863541061577706 ], [ 2.339143935838259, 48.862205670628413 ], [ 2.33557160770686, 48.86314369605288 ], [ 2.332703105123855, 48.864568490355992 ], [ 2.332106845826641, 48.863762047527317 ], [ 2.331355590927084, 48.86398808552859 ], [ 2.331943434473313, 48.864918594811996 ], [ 2.333660618265889, 48.867506590183552 ] ] ] ] } },
{ "type": "Feature", "properties": { "code_iris": "751010401", "nom_iris": "Place Vendôme 1", "type_iris": "H", "arr": "1er", "n": 69, "prix_med": 347.0, "pct_multi": 66.7, "pct_entire": 97.1, "ratio_lh": 1.25 }, "geometry": { "type": "MultiPolygon", "coordinates": [ [ [ [ 2.323471663253651, 48.866371116080209 ], [ 2.324584010884946, 48.8679494539983 ], [ 2.325876347626611, 48.867528651756054 ], [ 2.326976410522479, 48.867216474567236 ], [ 2.328541015134628, 48.866610110397119 ], [ 2.331943434473313, 48.864918594811996 ], [ 2.331355590927084, 48.86398808552859 ], [ 2.324159314502435, 48.866324637729377 ], [ 2.323738677324909, 48.866384316595557 ], [ 2.323471663253651, 48.866371116080209 ] ] ] ] } },
{ "type": "Feature", "properties": { "code_iris": "751020601", "nom_iris": "Vivienne 1", "type_iris": "H", "arr": "2e", "n": 79, "prix_med": 244.0, "pct_multi": 69.6, "pct_entire": 88.6, "ratio_lh": 1.2 }, "geometry": { "type": "MultiPolygon", "coordinates": [ [ [ [ 2.341202420510689, 48.86574425590851 ], [ 2.338668944584592, 48.866336441993312 ], [ 2.335874392590844, 48.866979288028773 ], [ 2.336692678508776, 48.868877843074117 ], [ 2.336779626833816, 48.869543838262224 ], [ 2.341881329123523, 48.868545848907672 ], [ 2.341896323983404, 48.868438010257726 ], [ 2.341018449844045, 48.866386274450853 ], [ 2.341258253559507, 48.866287767341689 ], [ 2.341440989682442, 48.866066634905245 ], [ 2.341451372545319, 48.866000140541061 ], [ 2.341202420510689, 48.86574425590851 ] ] ] ] } },
{ "type": "Feature", "properties": { "code_iris": "751020701", "nom_iris": "Mail 1", "type_iris": "H", "arr": "2e", "n": 148, "prix_med": 222.5, "pct_multi": 50.0, "pct_entire": 93.2, "ratio_lh": 1.17 }, "geometry": { "type": "MultiPolygon", "coordinates": [ [ [ [ 2.346682599072115, 48.864421681436873 ], [ 2.34497496823186, 48.864825147078335 ], [ 2.343082571546486, 48.865285132427069 ], [ 2.343865467149204, 48.866765251047092 ], [ 2.343986385041374, 48.867338795655918 ], [ 2.344271044921711, 48.866709016447643 ], [ 2.345052215973917, 48.866704300295495 ], [ 2.347160025912115, 48.866353380657898 ], [ 2.346991797809423, 48.865527764395523 ], [ 2.346682599072115, 48.864421681436873 ] ] ] ] } },
{ "type": "Feature", "properties": { "code_iris": "751020702", "nom_iris": "Mail 2", "type_iris": "H", "arr": "2e", "n": 160, "prix_med": 194.5, "pct_multi": 54.4, "pct_entire": 95.0, "ratio_lh": 1.26 }, "geometry": { "type": "MultiPolygon", "coordinates": [ [ [ [ 2.343082571546486, 48.865285132427069 ], [ 2.341202420510689, 48.86574425590851 ], [ 2.341451372545319, 48.866000140541061 ], [ 2.341440989682442, 48.866066634905245 ], [ 2.341258253559507, 48.866287767341689 ], [ 2.341018449844045, 48.866386274450853 ], [ 2.341896323983404, 48.868438010257726 ], [ 2.341881329123523, 48.868545848907672 ], [ 2.347320440740974, 48.867367815454053 ], [ 2.347160025912115, 48.866353380657898 ], [ 2.345052215973917, 48.866704300295495 ], [ 2.344271044921711, 48.866709016447643 ], [ 2.343986385041374, 48.867338795655918 ], [ 2.343865467149204, 48.866765251047092 ], [ 2.343082571546486, 48.865285132427069 ] ] ] ] } },
{ "type": "Feature", "properties": { "code_iris": "751020703", "nom_iris": "Mail 3", "type_iris": "H", "arr": "2e", "n": 160, "prix_med": 200.0, "pct_multi": 48.8, "pct_entire": 92.5, "ratio_lh": 1.23 }, "geometry": { "type": "MultiPolygon", "coordinates": [ [ [ [ 2.346736617803734, 48.87087565961599 ], [ 2.347918228212595, 48.870687845186424 ], [ 2.347695169251945, 48.868468854750162 ], [ 2.347395716170074, 48.867888045984031 ], [ 2.347320440740974, 48.867367815454053 ], [ 2.341881329123523, 48.868545848907672 ], [ 2.342631945605392, 48.87020835990721 ], [ 2.342794933935584, 48.869932257872478 ], [ 2.344595184850581, 48.869550016236722 ], [ 2.345852416994523, 48.869200754693544 ], [ 2.346736617803734, 48.87087565961599 ] ] ] ] } },
{ "type": "Feature", "properties": { "code_iris": "751020801", "nom_iris": "Bonne Nouvelle 1", "type_iris": "H", "arr": "2e", "n": 334, "prix_med": 208.5, "pct_multi": 68.3, "pct_entire": 93.1, "ratio_lh": 1.7 }, "geometry": { "type": "MultiPolygon", "coordinates": [ [ [ [ 2.352661345726701, 48.869684745845525 ], [ 2.35425267163513, 48.869323712708123 ], [ 2.351510758459, 48.864427255263607 ], [ 2.350955108041353, 48.8634016875165 ], [ 2.349017869621773, 48.863858825502675 ], [ 2.350116100857816, 48.864113013493444 ], [ 2.35014779856018, 48.864303846793682 ], [ 2.350268409776785, 48.864907062692538 ], [ 2.350602259256734, 48.865682310704095 ], [ 2.351130156664375, 48.866529657483206 ], [ 2.351546743072213, 48.867340424474669 ], [ 2.352196531709301, 48.868912395306914 ], [ 2.352661345726701, 48.869684745845525 ] ] ] ] } },
{ "type": "Feature", "properties": { "code_iris": "751020802", "nom_iris": "Bonne Nouvelle 2", "type_iris": "H", "arr": "2e", "n": 158, "prix_med": 200.0, "pct_multi": 55.1, "pct_entire": 96.2, "ratio_lh": 1.21 }, "geometry": { "type": "MultiPolygon", "coordinates": [ [ [ [ 2.349017869621773, 48.863858825502675 ], [ 2.346682599072115, 48.864421681436873 ], [ 2.346991797809423, 48.865527764395523 ], [ 2.347160025912115, 48.866353380657898 ], [ 2.34899279018621, 48.865974847214012 ], [ 2.348377666800253, 48.864693531298286 ], [ 2.35014779856018, 48.864303846793682 ], [ 2.350116100857816, 48.864113013493444 ], [ 2.349017869621773, 48.863858825502675 ] ] ] ] } },
{ "type": "Feature", "properties": { "code_iris": "751020803", "nom_iris": "Bonne Nouvelle 3", "type_iris": "H", "arr": "2e", "n": 189, "prix_med": 160.0, "pct_multi": 49.2, "pct_entire": 94.2, "ratio_lh": 1.17 }, "geometry": { "type": "MultiPolygon", "coordinates": [ [ [ [ 2.347160025912115, 48.866353380657898 ], [ 2.347320440740974, 48.867367815454053 ], [ 2.351130156664375, 48.866529657483206 ], [ 2.350602259256734, 48.865682310704095 ], [ 2.350268409776785, 48.864907062692538 ], [ 2.35014779856018, 48.864303846793682 ], [ 2.348377666800253, 48.864693531298286 ], [ 2.34899279018621, 48.865974847214012 ], [ 2.347160025912115, 48.866353380657898 ] ] ] ] } },
{ "type": "Feature", "properties": { "code_iris": "751020804", "nom_iris": "Bonne Nouvelle 4", "type_iris": "H", "arr": "2e", "n": 313, "prix_med": 195.0, "pct_multi": 70.6, "pct_entire": 94.9, "ratio_lh": 1.69 }, "geometry": { "type": "MultiPolygon", "coordinates": [ [ [ [ 2.352047532032926, 48.869821721694478 ], [ 2.352661345726701, 48.869684745845525 ], [ 2.352196531709301, 48.868912395306914 ], [ 2.351546743072213, 48.867340424474669 ], [ 2.351130156664375, 48.866529657483206 ], [ 2.347320440740974, 48.867367815454053 ], [ 2.347395716170074, 48.867888045984031 ], [ 2.34972901579938, 48.868586943468706 ], [ 2.349461356431442, 48.868951521004099 ], [ 2.351983206689687, 48.869732338748179 ], [ 2.352047532032926, 48.869821721694478 ] ] ] ] } },
{ "type": "Feature", "properties": { "code_iris": "751020805", "nom_iris": "Bonne Nouvelle 5", "type_iris": "H", "arr": "2e", "n": 213, "prix_med": 183.0, "pct_multi": 63.8, "pct_entire": 93.9, "ratio_lh": 1.41 }, "geometry": { "type": "MultiPolygon", "coordinates": [ [ [ [ 2.347918228212595, 48.870687845186424 ], [ 2.352047532032926, 48.869821721694478 ], [ 2.351983206689687, 48.869732338748179 ], [ 2.349461356431442, 48.868951521004099 ], [ 2.34972901579938, 48.868586943468706 ], [ 2.347395716170074, 48.867888045984031 ], [ 2.347695169251945, 48.868468854750162 ], [ 2.347918228212595, 48.870687845186424 ] ] ] ] } },
{ "type": "Feature", "properties": { "code_iris": "751030901", "nom_iris": "Arts et Métiers 1", "type_iris": "H", "arr": "3e", "n": 137, "prix_med": 174.0, "pct_multi": 50.4, "pct_entire": 97.1, "ratio_lh": 1.22 }, "geometry": { "type": "MultiPolygon", "coordinates": [ [ [ [ 2.355742901188442, 48.868978302426825 ], [ 2.359086831752374, 48.868435066297167 ], [ 2.363290446814834, 48.867816271851481 ], [ 2.363872116727158, 48.867516286797745 ], [ 2.36301756960022, 48.867166394816998 ], [ 2.36291810601965, 48.867162268058671 ], [ 2.358725668684623, 48.867984360581829 ], [ 2.358539079586513, 48.867416775535041 ], [ 2.355022569051761, 48.867920394978974 ], [ 2.355532868031176, 48.868875546193081 ], [ 2.355742901188442, 48.868978302426825 ] ] ] ] } },
{ "type": "Feature", "properties": { "code_iris": "751030902", "nom_iris": "Arts et Métiers 2", "type_iris": "H", "arr": "3e", "n": 119, "prix_med": 180.0, "pct_multi": 56.3, "pct_entire": 97.5, "ratio_lh": 1.2 }, "geometry": { "type": "MultiPolygon", "coordinates": [ [ [ [ 2.36291810601965, 48.867162268058671 ], [ 2.362838639050925, 48.867083602315738 ], [ 2.362146665643204, 48.866817308734788 ], [ 2.36201050901712, 48.866803992240868 ], [ 2.360324904611943, 48.866416372136712 ], [ 2.360192611411073, 48.866532579518754 ], [ 2.356808071278973, 48.867284275911899 ], [ 2.355122569099152, 48.867661024030909 ], [ 2.354886413632751, 48.867686731657919 ], [ 2.355022569051761, 48.867920394978974 ], [ 2.358539079586513, 48.867416775535041 ], [ 2.358725668684623, 48.867984360581829 ], [ 2.36291810601965, 48.867162268058671 ] ] ] ] } },
{ "type": "Feature", "properties": { "code_iris": "751030903", "nom_iris": "Arts et Métiers 3", "type_iris": "H", "arr": "3e", "n": 168, "prix_med": 170.5, "pct_multi": 63.1, "pct_entire": 91.1, "ratio_lh": 1.3 }, "geometry": { "type": "MultiPolygon", "coordinates": [ [ [ [ 2.360888418426915, 48.865818621702246 ], [ 2.360065153259049, 48.86503449202079 ], [ 2.359619565914243, 48.864688559333729 ], [ 2.356589028042991, 48.865372894341746 ], [ 2.355740164501207, 48.865451966836531 ], [ 2.355639992875577, 48.865505388184815 ], [ 2.356808071278973, 48.867284275911899 ], [ 2.360192611411073, 48.866532579518754 ], [ 2.360324904611943, 48.866416372136712 ], [ 2.36201050901712, 48.866803992240868 ], [ 2.361456628367953, 48.866393636478726 ], [ 2.360888418426915, 48.865818621702246 ] ] ] ] } },
{ "type": "Feature", "properties": { "code_iris": "751030904", "nom_iris": "Arts et Métiers 4", "type_iris": "H", "arr": "3e", "n": 249, "prix_med": 219.0, "pct_multi": 72.7, "pct_entire": 95.6, "ratio_lh": 1.87 }, "geometry": { "type": "MultiPolygon", "coordinates": [ [ [ [ 2.359619565914243, 48.864688559333729 ], [ 2.358766306732989, 48.863907856602843 ], [ 2.358250912438202, 48.863365487108467 ], [ 2.356733430202267, 48.863834892537746 ], [ 2.355157799621591, 48.864264394218175 ], [ 2.355740164501207, 48.865451966836531 ], [ 2.356589028042991, 48.865372894341746 ], [ 2.359619565914243, 48.864688559333729 ] ] ] ] } },
{ "type": "Feature", "properties": { "code_iris": "751030905", "nom_iris": "Arts et Métiers 5", "type_iris": "H", "arr": "3e", "n": 219, "prix_med": 265.0, "pct_multi": 68.9, "pct_entire": 92.7, "ratio_lh": 1.53 }, "geometry": { "type": "MultiPolygon", "coordinates": [ [ [ [ 2.351510758459, 48.864427255263607 ], [ 2.35425267163513, 48.869323712708123 ], [ 2.355742901188442, 48.868978302426825 ], [ 2.355532868031176, 48.868875546193081 ], [ 2.355022569051761, 48.867920394978974 ], [ 2.354886413632751, 48.867686731657919 ], [ 2.355122569099152, 48.867661024030909 ], [ 2.356808071278973, 48.867284275911899 ], [ 2.355639992875577, 48.865505388184815 ], [ 2.355740164501207, 48.865451966836531 ], [ 2.355157799621591, 48.864264394218175 ], [ 2.353317310341061, 48.864834540713268 ], [ 2.351510758459, 48.864427255263607 ] ] ] ] } },
{ "type": "Feature", "properties": { "code_iris": "751031001", "nom_iris": "Enfants Rouges 1", "type_iris": "H", "arr": "3e", "n": 87, "prix_med": 200.0, "pct_multi": 54.0, "pct_entire": 98.9, "ratio_lh": 1.26 }, "geometry": { "type": "MultiPolygon", "coordinates": [ [ [ [ 2.363872116727158, 48.867516286797745 ], [ 2.364306784904801, 48.867309049699891 ], [ 2.364858189028701, 48.866248055810075 ], [ 2.365426063659955, 48.86528787222101 ], [ 2.364727630039896, 48.864769742701867 ], [ 2.36449812943786, 48.864698375499927 ], [ 2.36344108117722, 48.86452548004597 ], [ 2.362616233742182, 48.864983352611489 ], [ 2.360888418426915, 48.865818621702246 ], [ 2.361456628367953, 48.866393636478726 ], [ 2.36201050901712, 48.866803992240868 ], [ 2.362146665643204, 48.866817308734788 ], [ 2.362838639050925, 48.867083602315738 ], [ 2.36291810601965, 48.867162268058671 ], [ 2.36301756960022, 48.867166394816998 ], [ 2.363872116727158, 48.867516286797745 ] ] ] ] } },
{ "type": "Feature", "properties": { "code_iris": "751031002", "nom_iris": "Enfants Rouges 2", "type_iris": "H", "arr": "3e", "n": 141, "prix_med": 197.0, "pct_multi": 49.6, "pct_entire": 94.3, "ratio_lh": 1.18 }, "geometry": { "type": "MultiPolygon", "coordinates": [ [ [ [ 2.365426063659955, 48.86528787222101 ], [ 2.366686433327767, 48.863202674954714 ], [ 2.366888855469114, 48.862473478026516 ], [ 2.367251725976692, 48.860990577523985 ], [ 2.366969473802648, 48.860998977638737 ], [ 2.36460738071791, 48.861329110534385 ], [ 2.364615376028549, 48.861902935701906 ], [ 2.364767893333172, 48.864709700405555 ], [ 2.364727630039896, 48.864769742701867 ], [ 2.365426063659955, 48.86528787222101 ] ] ] ] } },
{ "type": "Feature", "properties": { "code_iris": "751031003", "nom_iris": "Enfants Rouges 3", "type_iris": "H", "arr": "3e", "n": 208, "prix_med": 225.5, "pct_multi": 52.4, "pct_entire": 96.6, "ratio_lh": 1.24 }, "geometry": { "type": "MultiPolygon", "coordinates": [ [ [ [ 2.359778751949743, 48.862605629204737 ], [ 2.358697403717627, 48.863193407533558 ], [ 2.358250912438202, 48.863365487108467 ], [ 2.358766306732989, 48.863907856602843 ], [ 2.359619565914243, 48.864688559333729 ], [ 2.359719455569067, 48.864657616735656 ], [ 2.361660800677746, 48.863303681651416 ], [ 2.364436518475491, 48.861927167646336 ], [ 2.364615376028549, 48.861902935701906 ], [ 2.36460738071791, 48.861329110534385 ], [ 2.361289710185954, 48.86177371373045 ], [ 2.359778751949743, 48.862605629204737 ] ] ] ] } },
{ "type": "Feature", "properties": { "code_iris": "751031004", "nom_iris": "Enfants Rouges 4", "type_iris": "H", "arr": "3e", "n": 158, "prix_med": 189.0, "pct_multi": 48.7, "pct_entire": 97.5, "ratio_lh": 1.15 }, "geometry": { "type": "MultiPolygon", "coordinates": [ [ [ [ 2.359619565914243, 48.864688559333729 ], [ 2.360065153259049, 48.86503449202079 ], [ 2.360888418426915, 48.865818621702246 ], [ 2.362616233742182, 48.864983352611489 ], [ 2.36344108117722, 48.86452548004597 ], [ 2.36449812943786, 48.864698375499927 ], [ 2.364727630039896, 48.864769742701867 ], [ 2.364767893333172, 48.864709700405555 ], [ 2.364615376028549, 48.861902935701906 ], [ 2.364436518475491, 48.861927167646336 ], [ 2.361660800677746, 48.863303681651416 ], [ 2.359719455569067, 48.864657616735656 ], [ 2.359619565914243, 48.864688559333729 ] ] ] ] } },
{ "type": "Feature", "properties": { "code_iris": "751031101", "nom_iris": "Les Archives 1", "type_iris": "H", "arr": "3e", "n": 133, "prix_med": 218.0, "pct_multi": 39.8, "pct_entire": 93.2, "ratio_lh": 1.09 }, "geometry": { "type": "MultiPolygon", "coordinates": [ [ [ [ 2.367251725976692, 48.860990577523985 ], [ 2.367327839507425, 48.860671711986321 ], [ 2.367612199287384, 48.859478882262259 ], [ 2.36783451579174, 48.858568118254283 ], [ 2.367246641546234, 48.858491264681838 ], [ 2.367145069191267, 48.858437666012321 ], [ 2.3673760539273, 48.857711314357012 ], [ 2.364478437925173, 48.858155527930712 ], [ 2.36460738071791, 48.861329110534385 ], [ 2.366969473802648, 48.860998977638737 ], [ 2.367251725976692, 48.860990577523985 ] ] ] ] } },
{ "type": "Feature", "properties": { "code_iris": "751031102", "nom_iris": "Les Archives 2", "type_iris": "H", "arr": "3e", "n": 81, "prix_med": 200.0, "pct_multi": 43.2, "pct_entire": 96.3, "ratio_lh": 1.11 }, "geometry": { "type": "MultiPolygon", "coordinates": [ [ [ [ 2.36783451579174, 48.858568118254283 ], [ 2.368229037863571, 48.856943279862392 ], [ 2.368490886682737, 48.855805185775758 ], [ 2.36827851557945, 48.85578517843598 ], [ 2.36494121805568, 48.856306224200694 ], [ 2.364313790337467, 48.856457580947705 ], [ 2.364426987805623, 48.856674925605802 ], [ 2.364478437925173, 48.858155527930712 ], [ 2.3673760539273, 48.857711314357012 ], [ 2.367145069191267, 48.858437666012321 ], [ 2.367246641546234, 48.858491264681838 ], [ 2.36783451579174, 48.858568118254283 ] ] ] ] } },
{ "type": "Feature", "properties": { "code_iris": "751031103", "nom_iris": "Les Archives 3", "type_iris": "H", "arr": "3e", "n": 100, "prix_med": 238.0, "pct_multi": 57.0, "pct_entire": 96.0, "ratio_lh": 1.15 }, "geometry": { "type": "MultiPolygon", "coordinates": [ [ [ [ 2.364313790337467, 48.856457580947705 ], [ 2.36176775751168, 48.857243550621654 ], [ 2.35934459162322, 48.858339499969709 ], [ 2.356864255095606, 48.860083522508653 ], [ 2.358185780973168, 48.861239083921802 ], [ 2.360775052391848, 48.859948889001927 ], [ 2.362140326559012, 48.859207916521697 ], [ 2.362214324263666, 48.858952896027056 ], [ 2.362279052129947, 48.858898380736868 ], [ 2.364478437925173, 48.858155527930712 ], [ 2.364426987805623, 48.856674925605802 ], [ 2.364313790337467, 48.856457580947705 ] ] ] ] } },
{ "type": "Feature", "properties": { "code_iris": "751031104", "nom_iris": "Les Archives 4", "type_iris": "H", "arr": "3e", "n": 189, "prix_med": 226.0, "pct_multi": 49.2, "pct_entire": 96.3, "ratio_lh": 1.15 }, "geometry": { "type": "MultiPolygon", "coordinates": [ [ [ [ 2.358185780973168, 48.861239083921802 ], [ 2.359778751949743, 48.862605629204737 ], [ 2.361289710185954, 48.86177371373045 ], [ 2.36460738071791, 48.861329110534385 ], [ 2.364478437925173, 48.858155527930712 ], [ 2.362279052129947, 48.858898380736868 ], [ 2.362214324263666, 48.858952896027056 ], [ 2.362140326559012, 48.859207916521697 ], [ 2.360775052391848, 48.859948889001927 ], [ 2.358185780973168, 48.861239083921802 ] ] ] ] } },
{ "type": "Feature", "properties": { "code_iris": "751031201", "nom_iris": "Sainte-Avoye 1", "type_iris": "H", "arr": "3e", "n": 188, "prix_med": 209.5, "pct_multi": 64.9, "pct_entire": 95.2, "ratio_lh": 1.31 }, "geometry": { "type": "MultiPolygon", "coordinates": [ [ [ [ 2.359778751949743, 48.862605629204737 ], [ 2.358185780973168, 48.861239083921802 ], [ 2.357502101993008, 48.861634725312953 ], [ 2.356926323704208, 48.861901436688093 ], [ 2.355844355687737, 48.862317411266375 ], [ 2.354297676479053, 48.862723674834122 ], [ 2.355157799621591, 48.864264394218175 ], [ 2.356733430202267, 48.863834892537746 ], [ 2.358250912438202, 48.863365487108467 ], [ 2.358697403717627, 48.863193407533558 ], [ 2.359778751949743, 48.862605629204737 ] ] ] ] } },
{ "type": "Feature", "properties": { "code_iris": "751031202", "nom_iris": "Sainte-Avoye 2", "type_iris": "H", "arr": "3e", "n": 113, "prix_med": 225.0, "pct_multi": 61.9, "pct_entire": 96.5, "ratio_lh": 1.24 }, "geometry": { "type": "MultiPolygon", "coordinates": [ [ [ [ 2.356864255095606, 48.860083522508653 ], [ 2.355146374700977, 48.860672344197397 ], [ 2.353499932088789, 48.861212962313573 ], [ 2.354246941428446, 48.862637963213338 ], [ 2.354297676479053, 48.862723674834122 ], [ 2.355844355687737, 48.862317411266375 ], [ 2.356926323704208, 48.861901436688093 ], [ 2.357502101993008, 48.861634725312953 ], [ 2.358185780973168, 48.861239083921802 ], [ 2.356864255095606, 48.860083522508653 ] ] ] ] } },
{ "type": "Feature", "properties": { "code_iris": "751031203", "nom_iris": "Sainte-Avoye 3", "type_iris": "H", "arr": "3e", "n": 103, "prix_med": 218.0, "pct_multi": 55.3, "pct_entire": 97.1, "ratio_lh": 1.29 }, "geometry": { "type": "MultiPolygon", "coordinates": [ [ [ [ 2.350164450262719, 48.861985423089962 ], [ 2.350955108041353, 48.8634016875165 ], [ 2.354246941428446, 48.862637963213338 ], [ 2.353499932088789, 48.861212962313573 ], [ 2.351651737500054, 48.861642744511535 ], [ 2.350164450262719, 48.861985423089962 ] ] ] ] } },
{ "type": "Feature", "properties": { "code_iris": "751031204", "nom_iris": "Sainte-Avoye 4", "type_iris": "H", "arr": "3e", "n": 160, "prix_med": 184.5, "pct_multi": 55.6, "pct_entire": 94.4, "ratio_lh": 1.19 }, "geometry": { "type": "MultiPolygon", "coordinates": [ [ [ [ 2.350955108041353, 48.8634016875165 ], [ 2.351510758459, 48.864427255263607 ], [ 2.353317310341061, 48.864834540713268 ], [ 2.355157799621591, 48.864264394218175 ], [ 2.354297676479053, 48.862723674834122 ], [ 2.354246941428446, 48.862637963213338 ], [ 2.350955108041353, 48.8634016875165 ] ] ] ] } },
{ "type": "Feature", "properties": { "code_iris": "751041301", "nom_iris": "Saint-Merri 1", "type_iris": "H", "arr": "4e", "n": 146, "prix_med": 228.0, "pct_multi": 59.6, "pct_entire": 91.8, "ratio_lh": 1.28 }, "geometry": { "type": "MultiPolygon", "coordinates": [ [ [ [ 2.355146374700977, 48.860672344197397 ], [ 2.356864255095606, 48.860083522508653 ], [ 2.35423824021852, 48.857511631745268 ], [ 2.353015452158459, 48.857968192111997 ], [ 2.35406728438636, 48.859537842691964 ], [ 2.355146374700977, 48.860672344197397 ] ] ] ] } },
{ "type": "Feature", "properties": { "code_iris": "751041302", "nom_iris": "Saint-Merri 2", "type_iris": "H", "arr": "4e", "n": 186, "prix_med": 210.5, "pct_multi": 48.9, "pct_entire": 97.8, "ratio_lh": 1.16 }, "geometry": { "type": "MultiPolygon", "coordinates": [ [ [ [ 2.351651737500054, 48.861642744511535 ], [ 2.353499932088789, 48.861212962313573 ], [ 2.355146374700977, 48.860672344197397 ], [ 2.35406728438636, 48.859537842691964 ], [ 2.353015452158459, 48.857968192111997 ], [ 2.352386110558266, 48.857282180948538 ], [ 2.34959327774872, 48.858058462138459 ], [ 2.350131844514845, 48.859026390473254 ], [ 2.350218111144884, 48.858994482344116 ], [ 2.350495456043918, 48.859379110747525 ], [ 2.351651737500054, 48.861642744511535 ] ] ] ] } },
{ "type": "Feature", "properties": { "code_iris": "751041303", "nom_iris": "Saint-Merri 3", "type_iris": "H", "arr": "4e", "n": 130, "prix_med": 201.5, "pct_multi": 59.2, "pct_entire": 90.0, "ratio_lh": 1.27 }, "geometry": { "type": "MultiPolygon", "coordinates": [ [ [ [ 2.348223210390838, 48.858516871074343 ], [ 2.350164450262719, 48.861985423089962 ], [ 2.351651737500054, 48.861642744511535 ], [ 2.350495456043918, 48.859379110747525 ], [ 2.350218111144884, 48.858994482344116 ], [ 2.350131844514845, 48.859026390473254 ], [ 2.34959327774872, 48.858058462138459 ], [ 2.348223210390838, 48.858516871074343 ] ] ] ] } },
{ "type": "Feature", "properties": { "code_iris": "751041401", "nom_iris": "Saint-Gervais 1", "type_iris": "H", "arr": "4e", "n": 141, "prix_med": 194.0, "pct_multi": 48.2, "pct_entire": 97.9, "ratio_lh": 1.19 }, "geometry": { "type": "MultiPolygon", "coordinates": [ [ [ [ 2.353717716870589, 48.85695212366241 ], [ 2.353892663363194, 48.856912597614063 ], [ 2.356613934271327, 48.856292318296248 ], [ 2.357985309571888, 48.85593814484838 ], [ 2.360090109857067, 48.855456574808144 ], [ 2.361675884140109, 48.855063933949005 ], [ 2.362763216124462, 48.854638940030711 ], [ 2.362493507911472, 48.854404571249027 ], [ 2.361847811420602, 48.853600705749969 ], [ 2.360667851909127, 48.852579037083402 ], [ 2.360489345244739, 48.85235504341555 ], [ 2.360370346209623, 48.852390381487197 ], [ 2.355747570835209, 48.854050968540967 ], [ 2.353116521049306, 48.855097110333283 ], [ 2.35260331445759, 48.85526790977967 ], [ 2.35300710809706, 48.855566879944945 ], [ 2.353717716870589, 48.85695212366241 ] ] ] ] } },
{ "type": "Feature", "properties": { "code_iris": "751041402", "nom_iris": "Saint-Gervais 2", "type_iris": "H", "arr": "4e", "n": 192, "prix_med": 191.0, "pct_multi": 58.9, "pct_entire": 97.9, "ratio_lh": 1.28 }, "geometry": { "type": "MultiPolygon", "coordinates": [ [ [ [ 2.356864255095606, 48.860083522508653 ], [ 2.35934459162322, 48.858339499969709 ], [ 2.358468571694126, 48.85764500578604 ], [ 2.357863103035003, 48.857891777498047 ], [ 2.356819492106523, 48.856643270827895 ], [ 2.356613934271327, 48.856292318296248 ], [ 2.353892663363194, 48.856912597614063 ], [ 2.35423824021852, 48.857511631745268 ], [ 2.356864255095606, 48.860083522508653 ] ] ] ] } },
{ "type": "Feature", "properties": { "code_iris": "751041403", "nom_iris": "Saint-Gervais 3", "type_iris": "H", "arr": "4e", "n": 157, "prix_med": 180.0, "pct_multi": 56.1, "pct_entire": 97.5, "ratio_lh": 1.18 }, "geometry": { "type": "MultiPolygon", "coordinates": [ [ [ [ 2.35934459162322, 48.858339499969709 ], [ 2.36176775751168, 48.857243550621654 ], [ 2.361393758858077, 48.856732523192093 ], [ 2.360854722511297, 48.85645444406714 ], [ 2.360597422427849, 48.856208446114977 ], [ 2.360090109857067, 48.855456574808144 ], [ 2.357985309571888, 48.85593814484838 ], [ 2.356613934271327, 48.856292318296248 ], [ 2.356819492106523, 48.856643270827895 ], [ 2.357863103035003, 48.857891777498047 ], [ 2.358468571694126, 48.85764500578604 ], [ 2.35934459162322, 48.858339499969709 ] ] ] ] } },
{ "type": "Feature", "properties": { "code_iris": "751041404", "nom_iris": "Saint-Gervais 4", "type_iris": "H", "arr": "4e", "n": 92, "prix_med": 198.0, "pct_multi": 45.7, "pct_entire": 92.4, "ratio_lh": 1.1 }, "geometry": { "type": "MultiPolygon", "coordinates": [ [ [ [ 2.36176775751168, 48.857243550621654 ], [ 2.364313790337467, 48.856457580947705 ], [ 2.362934367486209, 48.854574198697883 ], [ 2.362763216124462, 48.854638940030711 ], [ 2.361675884140109, 48.855063933949005 ], [ 2.360090109857067, 48.855456574808144 ], [ 2.360597422427849, 48.856208446114977 ], [ 2.360854722511297, 48.85645444406714 ], [ 2.361393758858077, 48.856732523192093 ], [ 2.36176775751168, 48.857243550621654 ] ] ] ] } },
{ "type": "Feature", "properties": { "code_iris": "751041501", "nom_iris": "Arsenal 1", "type_iris": "H", "arr": "4e", "n": 93, "prix_med": 200.0, "pct_multi": 45.2, "pct_entire": 81.7, "ratio_lh": 1.21 }, "geometry": { "type": "MultiPolygon", "coordinates": [ [ [ [ 2.366041558191069, 48.847082889547444 ], [ 2.365379762440006, 48.846708845498497 ], [ 2.364792498568988, 48.847375750427595 ], [ 2.361641718566177, 48.849509342726371 ], [ 2.361458130696986, 48.849922966122534 ], [ 2.36143214331549, 48.850820384066139 ], [ 2.363691017126329, 48.851540210451113 ], [ 2.367437184344751, 48.852676171834034 ], [ 2.368427590997666, 48.85293142374524 ], [ 2.368069441282612, 48.852571590343992 ], [ 2.365910083547912, 48.847808873501343 ], [ 2.365754450416901, 48.8476083912755 ], [ 2.365540866630258, 48.847466959086724 ], [ 2.366041558191069, 48.847082889547444 ] ] ] ] } },
{ "type": "Feature", "properties": { "code_iris": "751041502", "nom_iris": "Arsenal 2", "type_iris": "H", "arr": "4e", "n": 105, "prix_med": 172.0, "pct_multi": 44.8, "pct_entire": 93.3, "ratio_lh": 1.11 }, "geometry": { "type": "MultiPolygon", "coordinates": [ [ [ [ 2.362763216124462, 48.854638940030711 ], [ 2.362934367486209, 48.854574198697883 ], [ 2.363703944324246, 48.854276111298887 ], [ 2.364753286412188, 48.853946228477191 ], [ 2.363346221561235, 48.852656273045191 ], [ 2.363827485056833, 48.85241780610734 ], [ 2.363109996906164, 48.851913049132833 ], [ 2.363691017126329, 48.851540210451113 ], [ 2.36143214331549, 48.850820384066139 ], [ 2.361388249225371, 48.851510854212087 ], [ 2.361291991654456, 48.851803529922933 ], [ 2.360921197017555, 48.852146002623122 ], [ 2.360489345244739, 48.85235504341555 ], [ 2.360667851909127, 48.852579037083402 ], [ 2.361847811420602, 48.853600705749969 ], [ 2.362493507911472, 48.854404571249027 ], [ 2.362763216124462, 48.854638940030711 ] ] ] ] } },
{ "type": "Feature", "properties": { "code_iris": "751041503", "nom_iris": "Arsenal 3", "type_iris": "H", "arr": "4e", "n": 99, "prix_med": 170.0, "pct_multi": 49.5, "pct_entire": 92.9, "ratio_lh": 1.19 }, "geometry": { "type": "MultiPolygon", "coordinates": [ [ [ [ 2.368965669064553, 48.853851601966937 ], [ 2.369123881441926, 48.853166230578523 ], [ 2.369041481590489, 48.852993120422497 ], [ 2.368826002984624, 48.852893055176246 ], [ 2.368427590997666, 48.85293142374524 ], [ 2.367437184344751, 48.852676171834034 ], [ 2.363691017126329, 48.851540210451113 ], [ 2.363109996906164, 48.851913049132833 ], [ 2.363827485056833, 48.85241780610734 ], [ 2.363346221561235, 48.852656273045191 ], [ 2.364753286412188, 48.853946228477191 ], [ 2.366526312071298, 48.853502354772559 ], [ 2.367182935757818, 48.853412296619744 ], [ 2.367398210908031, 48.853865809091133 ], [ 2.368620658779927, 48.853756249366597 ], [ 2.368756313582485, 48.8536958091602 ], [ 2.368965669064553, 48.853851601966937 ] ] ] ] } },
{ "type": "Feature", "properties": { "code_iris": "751041504", "nom_iris": "Arsenal 4", "type_iris": "H", "arr": "4e", "n": 158, "prix_med": 192.0, "pct_multi": 57.6, "pct_entire": 97.5, "ratio_lh": 1.16 }, "geometry": { "type": "MultiPolygon", "coordinates": [ [ [ [ 2.364313790337467, 48.856457580947705 ], [ 2.36494121805568, 48.856306224200694 ], [ 2.36827851557945, 48.85578517843598 ], [ 2.368490886682737, 48.855805185775758 ], [ 2.368965669064553, 48.853851601966937 ], [ 2.368756313582485, 48.8536958091602 ], [ 2.368620658779927, 48.853756249366597 ], [ 2.367398210908031, 48.853865809091133 ], [ 2.367182935757818, 48.853412296619744 ], [ 2.366526312071298, 48.853502354772559 ], [ 2.364753286412188, 48.853946228477191 ], [ 2.363703944324246, 48.854276111298887 ], [ 2.362934367486209, 48.854574198697883 ], [ 2.364313790337467, 48.856457580947705 ] ] ] ] } },
{ "type": "Feature", "properties": { "code_iris": "751041601", "nom_iris": "Notre-Dame 1", "type_iris": "H", "arr": "4e", "n": 113, "prix_med": 230.0, "pct_multi": 58.4, "pct_entire": 98.2, "ratio_lh": 1.15 }, "geometry": { "type": "MultiPolygon", "coordinates": [ [ [ [ 2.353173835569825, 48.853444409422728 ], [ 2.353290319428051, 48.853612318814399 ], [ 2.354002893669865, 48.853408417356853 ], [ 2.357963731740346, 48.85215894904271 ], [ 2.359477946485411, 48.851594175888586 ], [ 2.359813021915871, 48.851386419559631 ], [ 2.360079878103139, 48.851073972264729 ], [ 2.360049795917873, 48.850416382738103 ], [ 2.358970482074484, 48.850084138884945 ], [ 2.356540108963236, 48.850902996998613 ], [ 2.355630900700125, 48.851252449877173 ], [ 2.354168130572012, 48.851622292362045 ], [ 2.353383197730717, 48.852497621898586 ], [ 2.353343090548957, 48.852874234568645 ], [ 2.353173835569825, 48.853444409422728 ] ] ] ] } },
{ "type": "Feature", "properties": { "code_iris": "751041602", "nom_iris": "Notre-Dame 2", "type_iris": "H", "arr": "4e", "n": 24, "prix_med": 225.5, "pct_multi": 58.3, "pct_entire": 91.7, "ratio_lh": 1.0 }, "geometry": { "type": "MultiPolygon", "coordinates": [ [ [ [ 2.352196915137621, 48.852657585740786 ], [ 2.349175941989934, 48.853606199043192 ], [ 2.350282054202625, 48.855069162429508 ], [ 2.351236052392895, 48.85452393476956 ], [ 2.351765917992303, 48.853999785543074 ], [ 2.352042053963985, 48.85349404582206 ], [ 2.352196915137621, 48.852657585740786 ] ] ] ] } },
{ "type": "Feature", "properties": { "code_iris": "751051701", "nom_iris": "Saint-Victor 1", "type_iris": "H", "arr": "5e", "n": 71, "prix_med": 191.0, "pct_multi": 43.7, "pct_entire": 97.2, "ratio_lh": 1.18 }, "geometry": { "type": "MultiPolygon", "coordinates": [ [ [ [ 2.351704637798709, 48.846437665133458 ], [ 2.351628966567298, 48.846605435261644 ], [ 2.350519228279287, 48.848068968250367 ], [ 2.352574145454497, 48.847524302459128 ], [ 2.352834413540318, 48.847415089509205 ], [ 2.353105939214732, 48.847386879129829 ], [ 2.353400158815481, 48.847286842103436 ], [ 2.354445906390378, 48.846581096561223 ], [ 2.354540002228952, 48.846575308743141 ], [ 2.354961541597278, 48.846316768111585 ], [ 2.355209085356635, 48.846133733867276 ], [ 2.355251330835264, 48.846023340340167 ], [ 2.356980360073035, 48.844823007119061 ], [ 2.355247144501433, 48.843938600661865 ], [ 2.354921400212138, 48.843835216806987 ], [ 2.354544687713377, 48.846086981948574 ], [ 2.354347550324824, 48.846050843183754 ], [ 2.353635974294777, 48.84574301726969 ], [ 2.352814342194144, 48.845958918512437 ], [ 2.351985864738388, 48.84639601947331 ], [ 2.351704637798709, 48.846437665133458 ] ] ] ] } },
{ "type": "Feature", "properties": { "code_iris": "751051702", "nom_iris": "Saint-Victor 2", "type_iris": "H", "arr": "5e", "n": 67, "prix_med": 186.0, "pct_multi": 40.3, "pct_entire": 92.5, "ratio_lh": 1.12 }, "geometry": { "type": "MultiPolygon", "coordinates": [ [ [ [ 2.352304484939423, 48.843784203354112 ], [ 2.35239820236455, 48.844466426526438 ], [ 2.351704637798709, 48.846437665133458 ], [ 2.351985864738388, 48.84639601947331 ], [ 2.352814342194144, 48.845958918512437 ], [ 2.353635974294777, 48.84574301726969 ], [ 2.354347550324824, 48.846050843183754 ], [ 2.354544687713377, 48.846086981948574 ], [ 2.354921400212138, 48.843835216806987 ], [ 2.355006649983132, 48.843662999095095 ], [ 2.35301558898725, 48.843688222111204 ], [ 2.352304484939423, 48.843784203354112 ] ] ] ] } },
{ "type": "Feature", "properties": { "code_iris": "751051703", "nom_iris": "Saint-Victor 3", "type_iris": "H", "arr": "5e", "n": 81, "prix_med": 201.0, "pct_multi": 46.9, "pct_entire": 91.4, "ratio_lh": 1.11 }, "geometry": { "type": "MultiPolygon", "coordinates": [ [ [ [ 2.351704637798709, 48.846437665133458 ], [ 2.35239820236455, 48.844466426526438 ], [ 2.352304484939423, 48.843784203354112 ], [ 2.349570067191699, 48.844414209872703 ], [ 2.349245824803476, 48.844518571187649 ], [ 2.349106186776724, 48.845334431222163 ], [ 2.34908902927981, 48.846162648645418 ], [ 2.348981152341465, 48.846617137687844 ], [ 2.348853688651342, 48.847003168556469 ], [ 2.348641714458518, 48.847172892923481 ], [ 2.348616234809366, 48.847358022165004 ], [ 2.348514865232174, 48.847509461868576 ], [ 2.348520001074306, 48.848624694267308 ], [ 2.350468138947337, 48.84812265239006 ], [ 2.350519228279287, 48.848068968250367 ], [ 2.351628966567298, 48.846605435261644 ], [ 2.351704637798709, 48.846437665133458 ] ] ] ] } },
{ "type": "Feature", "properties": { "code_iris": "751051704", "nom_iris": "Saint-Victor 4", "type_iris": "H", "arr": "5e", "n": 94, "prix_med": 157.5, "pct_multi": 42.6, "pct_entire": 93.6, "ratio_lh": 1.06 }, "geometry": { "type": "MultiPolygon", "coordinates": [ [ [ [ 2.356039827496007, 48.849370500848472 ], [ 2.355971521517203, 48.849273902019753 ], [ 2.355339542637769, 48.848806430287766 ], [ 2.353105939214732, 48.847386879129829 ], [ 2.352834413540318, 48.847415089509205 ], [ 2.352574145454497, 48.847524302459128 ], [ 2.350519228279287, 48.848068968250367 ], [ 2.350468138947337, 48.84812265239006 ], [ 2.348520001074306, 48.848624694267308 ], [ 2.34906156786516, 48.849888541065191 ], [ 2.348992277508322, 48.849980797823946 ], [ 2.35037412586041, 48.84965194919544 ], [ 2.356039827496007, 48.849370500848472 ] ] ] ] } },
{ "type": "Feature", "properties": { "code_iris": "751051705", "nom_iris": "Saint-Victor 5", "type_iris": "H", "arr": "5e", "n": 66, "prix_med": 200.0, "pct_multi": 59.1, "pct_entire": 93.9, "ratio_lh": 1.18 }, "geometry": { "type": "MultiPolygon", "coordinates": [ [ [ [ 2.356790270839716, 48.849405115715065 ], [ 2.356039827496007, 48.849370500848472 ], [ 2.35037412586041, 48.84965194919544 ], [ 2.348992277508322, 48.849980797823946 ], [ 2.348664053922537, 48.850400809754582 ], [ 2.34883470611569, 48.850485378783553 ], [ 2.349565391348728, 48.851776331425043 ], [ 2.350870532181008, 48.851263591806159 ], [ 2.356790270839716, 48.849405115715065 ] ] ] ] } },
{ "type": "Feature", "properties": { "code_iris": "751051801", "nom_iris": "Jardin des Plantes 1", "type_iris": "H", "arr": "5e", "n": 30, "prix_med": 143.0, "pct_multi": 33.3, "pct_entire": 100.0, "ratio_lh": 1.07 }, "geometry": { "type": "MultiPolygon", "coordinates": [ [ [ [ 2.361966407324183, 48.840242273201355 ], [ 2.361745287380767, 48.839940706157456 ], [ 2.357052208076733, 48.838446910993738 ], [ 2.356600687483709, 48.839705392820328 ], [ 2.358339298223169, 48.840031307704983 ], [ 2.359329519527566, 48.840278544077236 ], [ 2.361659982190581, 48.840342266493579 ], [ 2.361966407324183, 48.840242273201355 ] ] ] ] } },
{ "type": "Feature", "properties": { "code_iris": "751051802", "nom_iris": "Jardin des Plantes 2", "type_iris": "H", "arr": "5e", "n": 52, "prix_med": 154.5, "pct_multi": 32.7, "pct_entire": 94.2, "ratio_lh": 1.04 }, "geometry": { "type": "MultiPolygon", "coordinates": [ [ [ [ 2.357052208076733, 48.838446910993738 ], [ 2.353043375796223, 48.837168881669427 ], [ 2.351870772035156, 48.836804585637026 ], [ 2.350696015187118, 48.838473734460081 ], [ 2.353000235079423, 48.838888236283807 ], [ 2.353963192630677, 48.839022949472692 ], [ 2.356600687483709, 48.839705392820328 ], [ 2.357052208076733, 48.838446910993738 ] ] ] ] } },
{ "type": "Feature", "properties": { "code_iris": "751051803", "nom_iris": "Jardin des Plantes 3", "type_iris": "H", "arr": "5e", "n": 54, "prix_med": 144.0, "pct_multi": 40.7, "pct_entire": 90.7, "ratio_lh": 1.08 }, "geometry": { "type": "MultiPolygon", "coordinates": [ [ [ [ 2.351870772035156, 48.836804585637026 ], [ 2.349069026043048, 48.837072672284258 ], [ 2.34900177774623, 48.837111878464881 ], [ 2.349814478843176, 48.838803510225986 ], [ 2.350010715856558, 48.839237171542585 ], [ 2.349940538812957, 48.839292550848675 ], [ 2.34980492576018, 48.839678540842577 ], [ 2.349763831372898, 48.840242219219363 ], [ 2.349641713322218, 48.840856720585059 ], [ 2.349632899644473, 48.841453850285902 ], [ 2.350016760939393, 48.841483816879084 ], [ 2.350071600830936, 48.841347411566183 ], [ 2.350746920560862, 48.841168507869973 ], [ 2.350714551344258, 48.841032528246693 ], [ 2.351880439414871, 48.840848185521594 ], [ 2.351573695892749, 48.840205276519235 ], [ 2.350812482921405, 48.838858395792556 ], [ 2.350696015187118, 48.838473734460081 ], [ 2.351870772035156, 48.836804585637026 ] ] ] ] } },
{ "type": "Feature", "properties": { "code_iris": "751051804", "nom_iris": "Jardin des Plantes 4", "type_iris": "H", "arr": "5e", "n": 44, "prix_med": 130.0, "pct_multi": 36.4, "pct_entire": 88.6, "ratio_lh": 1.02 }, "geometry": { "type": "MultiPolygon", "coordinates": [ [ [ [ 2.351880439414871, 48.840848185521594 ], [ 2.353244226693132, 48.840526399516762 ], [ 2.353381886835851, 48.840522646891785 ], [ 2.355959769422451, 48.841183196125655 ], [ 2.356354712068096, 48.840095293011068 ], [ 2.356600687483709, 48.839705392820328 ], [ 2.353963192630677, 48.839022949472692 ], [ 2.353000235079423, 48.838888236283807 ], [ 2.350696015187118, 48.838473734460081 ], [ 2.350812482921405, 48.838858395792556 ], [ 2.351573695892749, 48.840205276519235 ], [ 2.351880439414871, 48.840848185521594 ] ] ] ] } },
{ "type": "Feature", "properties": { "code_iris": "751051805", "nom_iris": "Jardin des Plantes 5", "type_iris": "H", "arr": "5e", "n": 74, "prix_med": 144.0, "pct_multi": 60.8, "pct_entire": 93.2, "ratio_lh": 1.64 }, "geometry": { "type": "MultiPolygon", "coordinates": [ [ [ [ 2.364158198814394, 48.843184964547397 ], [ 2.361966407324183, 48.840242273201355 ], [ 2.361659982190581, 48.840342266493579 ], [ 2.359329519527566, 48.840278544077236 ], [ 2.358339298223169, 48.840031307704983 ], [ 2.356600687483709, 48.839705392820328 ], [ 2.356354712068096, 48.840095293011068 ], [ 2.355959769422451, 48.841183196125655 ], [ 2.363170745123504, 48.843039411748094 ], [ 2.363859582915653, 48.843202263585361 ], [ 2.364158198814394, 48.843184964547397 ] ] ] ] } },
{ "type": "Feature", "properties": { "code_iris": "751051806", "nom_iris": "Jardin des Plantes 6", "type_iris": "H", "arr": "5e", "n": 41, "prix_med": 182.0, "pct_multi": 34.1, "pct_entire": 95.1, "ratio_lh": 1.11 }, "geometry": { "type": "MultiPolygon", "coordinates": [ [ [ [ 2.351880439414871, 48.840848185521594 ], [ 2.352068212819877, 48.842183857957941 ], [ 2.353637078419256, 48.842248105536463 ], [ 2.353583653995173, 48.842380922526857 ], [ 2.354488032023899, 48.842410088762875 ], [ 2.354699311962403, 48.841412935936106 ], [ 2.355829501320546, 48.841580912575843 ], [ 2.355959769422451, 48.841183196125655 ], [ 2.353381886835851, 48.840522646891785 ], [ 2.353244226693132, 48.840526399516762 ], [ 2.351880439414871, 48.840848185521594 ] ] ] ] } },
{ "type": "Feature", "properties": { "code_iris": "751051807", "nom_iris": "Jardin des Plantes 7", "type_iris": "H", "arr": "5e", "n": 72, "prix_med": 200.0, "pct_multi": 45.8, "pct_entire": 90.3, "ratio_lh": 1.06 }, "geometry": { "type": "MultiPolygon", "coordinates": [ [ [ [ 2.352068212819877, 48.842183857957941 ], [ 2.351880439414871, 48.840848185521594 ], [ 2.350714551344258, 48.841032528246693 ], [ 2.350746920560862, 48.841168507869973 ], [ 2.350071600830936, 48.841347411566183 ], [ 2.350016760939393, 48.841483816879084 ], [ 2.349632899644473, 48.841453850285902 ], [ 2.349785027701893, 48.842365732246421 ], [ 2.349245824803476, 48.844518571187649 ], [ 2.349570067191699, 48.844414209872703 ], [ 2.352304484939423, 48.843784203354112 ], [ 2.352068212819877, 48.842183857957941 ] ] ] ] } },
{ "type": "Feature", "properties": { "code_iris": "751051808", "nom_iris": "Jardin des Plantes 8", "type_iris": "H", "arr": "5e", "n": 57, "prix_med": 164.0, "pct_multi": 45.6, "pct_entire": 87.7, "ratio_lh": 1.21 }, "geometry": { "type": "MultiPolygon", "coordinates": [ [ [ [ 2.352068212819877, 48.842183857957941 ], [ 2.352304484939423, 48.843784203354112 ], [ 2.35301558898725, 48.843688222111204 ], [ 2.355006649983132, 48.843662999095095 ], [ 2.355072973725997, 48.843588709668616 ], [ 2.355829501320546, 48.841580912575843 ], [ 2.354699311962403, 48.841412935936106 ], [ 2.354488032023899, 48.842410088762875 ], [ 2.353583653995173, 48.842380922526857 ], [ 2.353637078419256, 48.842248105536463 ], [ 2.352068212819877, 48.842183857957941 ] ] ] ] } },
{ "type": "Feature", "properties": { "code_iris": "751051901", "nom_iris": "Val de Grâce 1", "type_iris": "H", "arr": "5e", "n": 74, "prix_med": 159.0, "pct_multi": 54.1, "pct_entire": 91.9, "ratio_lh": 1.35 }, "geometry": { "type": "MultiPolygon", "coordinates": [ [ [ [ 2.349069026043048, 48.837072672284258 ], [ 2.347007359776023, 48.837315956106067 ], [ 2.345521063609997, 48.837632504603853 ], [ 2.345999825576988, 48.840303542065143 ], [ 2.349814478843176, 48.838803510225986 ], [ 2.34900177774623, 48.837111878464881 ], [ 2.349069026043048, 48.837072672284258 ] ] ] ] } },
{ "type": "Feature", "properties": { "code_iris": "751051902", "nom_iris": "Val de Grâce 2", "type_iris": "H", "arr": "5e", "n": 53, "prix_med": 181.0, "pct_multi": 39.6, "pct_entire": 83.0, "ratio_lh": 1.18 }, "geometry": { "type": "MultiPolygon", "coordinates": [ [ [ [ 2.345521063609997, 48.837632504603853 ], [ 2.342085567254399, 48.838343044734614 ], [ 2.339694669367677, 48.838864094503606 ], [ 2.340974853726771, 48.840846161530891 ], [ 2.341132482308175, 48.84109525451985 ], [ 2.341222625397032, 48.84140153494058 ], [ 2.3413008881962, 48.842108866159535 ], [ 2.343601021437416, 48.841232038192373 ], [ 2.345999825576988, 48.840303542065143 ], [ 2.345521063609997, 48.837632504603853 ] ] ] ] } },
{ "type": "Feature", "properties": { "code_iris": "751051903", "nom_iris": "Val de Grâce 3", "type_iris": "H", "arr": "5e", "n": 51, "prix_med": 187.0, "pct_multi": 54.9, "pct_entire": 86.3, "ratio_lh": 1.19 }, "geometry": { "type": "MultiPolygon", "coordinates": [ [ [ [ 2.339694669367677, 48.838864094503606 ], [ 2.337552480490955, 48.839430543050128 ], [ 2.336656991547952, 48.839671107587428 ], [ 2.336771393206437, 48.84074558477414 ], [ 2.337256165772474, 48.840875082026251 ], [ 2.337755934595522, 48.841754730571793 ], [ 2.340974853726771, 48.840846161530891 ], [ 2.339694669367677, 48.838864094503606 ] ] ] ] } },
{ "type": "Feature", "properties": { "code_iris": "751051904", "nom_iris": "Val de Grâce 4", "type_iris": "H", "arr": "5e", "n": 49, "prix_med": 193.0, "pct_multi": 53.1, "pct_entire": 91.8, "ratio_lh": 1.29 }, "geometry": { "type": "MultiPolygon", "coordinates": [ [ [ [ 2.337755934595522, 48.841754730571793 ], [ 2.338983319797129, 48.843924488312119 ], [ 2.340373549664305, 48.843679440984658 ], [ 2.341548163883287, 48.843351348932856 ], [ 2.341363653141145, 48.84296450648101 ], [ 2.3413008881962, 48.842108866159535 ], [ 2.341222625397032, 48.84140153494058 ], [ 2.341132482308175, 48.84109525451985 ], [ 2.340974853726771, 48.840846161530891 ], [ 2.337755934595522, 48.841754730571793 ] ] ] ] } },
{ "type": "Feature", "properties": { "code_iris": "751051905", "nom_iris": "Val de Grâce 5", "type_iris": "H", "arr": "5e", "n": 54, "prix_med": 191.5, "pct_multi": 48.1, "pct_entire": 96.3, "ratio_lh": 1.15 }, "geometry": { "type": "MultiPolygon", "coordinates": [ [ [ [ 2.338983319797129, 48.843924488312119 ], [ 2.340634393877524, 48.846971642213262 ], [ 2.340849163503854, 48.847337066432225 ], [ 2.341950515834955, 48.847097604034687 ], [ 2.341609860287623, 48.846664936391342 ], [ 2.34254362124708, 48.846422747357025 ], [ 2.342952432262412, 48.846097626060022 ], [ 2.341548163883287, 48.843351348932856 ], [ 2.340373549664305, 48.843679440984658 ], [ 2.338983319797129, 48.843924488312119 ] ] ] ] } },
{ "type": "Feature", "properties": { "code_iris": "751051906", "nom_iris": "Val de Grâce 6", "type_iris": "H", "arr": "5e", "n": 52, "prix_med": 189.5, "pct_multi": 51.9, "pct_entire": 94.2, "ratio_lh": 1.16 }, "geometry": { "type": "MultiPolygon", "coordinates": [ [ [ [ 2.3413008881962, 48.842108866159535 ], [ 2.341363653141145, 48.84296450648101 ], [ 2.341548163883287, 48.843351348932856 ], [ 2.342952432262412, 48.846097626060022 ], [ 2.343858857736384, 48.845860672759983 ], [ 2.344543535754267, 48.845485795042222 ], [ 2.344576740504233, 48.845337582406685 ], [ 2.345329471683235, 48.844534077512499 ], [ 2.344621183102341, 48.84310381095834 ], [ 2.343601021437416, 48.841232038192373 ], [ 2.3413008881962, 48.842108866159535 ] ] ] ] } },
{ "type": "Feature", "properties": { "code_iris": "751051907", "nom_iris": "Val de Grâce 7", "type_iris": "H", "arr": "5e", "n": 45, "prix_med": 146.0, "pct_multi": 33.3, "pct_entire": 97.8, "ratio_lh": 1.05 }, "geometry": { "type": "MultiPolygon", "coordinates": [ [ [ [ 2.345999825576988, 48.840303542065143 ], [ 2.343601021437416, 48.841232038192373 ], [ 2.344621183102341, 48.84310381095834 ], [ 2.345329471683235, 48.844534077512499 ], [ 2.344576740504233, 48.845337582406685 ], [ 2.344543535754267, 48.845485795042222 ], [ 2.345035911523967, 48.845232173793278 ], [ 2.345584560386708, 48.845054404658896 ], [ 2.348072533679408, 48.844415951534998 ], [ 2.348195689317331, 48.842849034594735 ], [ 2.348244562476955, 48.841664839636422 ], [ 2.348200004956771, 48.84152339677096 ], [ 2.345999825576988, 48.840303542065143 ] ] ] ] } },
{ "type": "Feature", "properties": { "code_iris": "751051908", "nom_iris": "Val de Grâce 8", "type_iris": "H", "arr": "5e", "n": 98, "prix_med": 164.0, "pct_multi": 42.9, "pct_entire": 94.9, "ratio_lh": 1.1 }, "geometry": { "type": "MultiPolygon", "coordinates": [ [ [ [ 2.348072533679408, 48.844415951534998 ], [ 2.349245824803476, 48.844518571187649 ], [ 2.349785027701893, 48.842365732246421 ], [ 2.349632899644473, 48.841453850285902 ], [ 2.349641713322218, 48.840856720585059 ], [ 2.349763831372898, 48.840242219219363 ], [ 2.34980492576018, 48.839678540842577 ], [ 2.349940538812957, 48.839292550848675 ], [ 2.350010715856558, 48.839237171542585 ], [ 2.349814478843176, 48.838803510225986 ], [ 2.345999825576988, 48.840303542065143 ], [ 2.348200004956771, 48.84152339677096 ], [ 2.348244562476955, 48.841664839636422 ], [ 2.348195689317331, 48.842849034594735 ], [ 2.348072533679408, 48.844415951534998 ] ] ] ] } },
{ "type": "Feature", "properties": { "code_iris": "751052001", "nom_iris": "Sorbonne 1", "type_iris": "H", "arr": "5e", "n": 81, "prix_med": 183.0, "pct_multi": 46.9, "pct_entire": 93.8, "ratio_lh": 1.09 }, "geometry": { "type": "MultiPolygon", "coordinates": [ [ [ [ 2.349245824803476, 48.844518571187649 ], [ 2.348072533679408, 48.844415951534998 ], [ 2.345584560386708, 48.845054404658896 ], [ 2.345035911523967, 48.845232173793278 ], [ 2.344543535754267, 48.845485795042222 ], [ 2.344870147416263, 48.846061376103911 ], [ 2.344472904267324, 48.846551150176936 ], [ 2.345426593069087, 48.846890933738251 ], [ 2.345521917524655, 48.846895952043738 ], [ 2.346393840855248, 48.846693865976654 ], [ 2.347071213444796, 48.848097866783903 ], [ 2.346566432858769, 48.848361321043413 ], [ 2.346270738771676, 48.848577350431363 ], [ 2.346648201339913, 48.84912172514764 ], [ 2.348520001074306, 48.848624694267308 ], [ 2.348514865232174, 48.847509461868576 ], [ 2.348616234809366, 48.847358022165004 ], [ 2.348641714458518, 48.847172892923481 ], [ 2.348853688651342, 48.847003168556469 ], [ 2.348981152341465, 48.846617137687844 ], [ 2.34908902927981, 48.846162648645418 ], [ 2.349106186776724, 48.845334431222163 ], [ 2.349245824803476, 48.844518571187649 ] ] ] ] } },
{ "type": "Feature", "properties": { "code_iris": "751052002", "nom_iris": "Sorbonne 2", "type_iris": "H", "arr": "5e", "n": 50, "prix_med": 247.5, "pct_multi": 56.0, "pct_entire": 82.0, "ratio_lh": 1.22 }, "geometry": { "type": "MultiPolygon", "coordinates": [ [ [ [ 2.340849163503854, 48.847337066432225 ], [ 2.342631736794723, 48.850348032972988 ], [ 2.343653661173407, 48.849927347998943 ], [ 2.342438862676042, 48.847813481158234 ], [ 2.343508441151609, 48.847392159277959 ], [ 2.344890804099697, 48.847128130111422 ], [ 2.345521917524655, 48.846895952043738 ], [ 2.345426593069087, 48.846890933738251 ], [ 2.344472904267324, 48.846551150176936 ], [ 2.344870147416263, 48.846061376103911 ], [ 2.344543535754267, 48.845485795042222 ], [ 2.343858857736384, 48.845860672759983 ], [ 2.342952432262412, 48.846097626060022 ], [ 2.34254362124708, 48.846422747357025 ], [ 2.341609860287623, 48.846664936391342 ], [ 2.341950515834955, 48.847097604034687 ], [ 2.340849163503854, 48.847337066432225 ] ] ] ] } },
{ "type": "Feature", "properties": { "code_iris": "751052003", "nom_iris": "Sorbonne 3", "type_iris": "H", "arr": "5e", "n": 141, "prix_med": 200.0, "pct_multi": 55.3, "pct_entire": 92.9, "ratio_lh": 1.18 }, "geometry": { "type": "MultiPolygon", "coordinates": [ [ [ [ 2.342631736794723, 48.850348032972988 ], [ 2.343821016117944, 48.852762137359065 ], [ 2.344281403902505, 48.853756649397681 ], [ 2.346713936006374, 48.853117923318614 ], [ 2.346818181207789, 48.853064531162502 ], [ 2.34488577406675, 48.849587848122091 ], [ 2.343653661173407, 48.849927347998943 ], [ 2.342631736794723, 48.850348032972988 ] ] ] ] } },
{ "type": "Feature", "properties": { "code_iris": "751052004", "nom_iris": "Sorbonne 4", "type_iris": "H", "arr": "5e", "n": 162, "prix_med": 282.5, "pct_multi": 53.1, "pct_entire": 94.4, "ratio_lh": 1.31 }, "geometry": { "type": "MultiPolygon", "coordinates": [ [ [ [ 2.346818181207789, 48.853064531162502 ], [ 2.348262117941535, 48.852355619152824 ], [ 2.349565391348728, 48.851776331425043 ], [ 2.34883470611569, 48.850485378783553 ], [ 2.348664053922537, 48.850400809754582 ], [ 2.348992277508322, 48.849980797823946 ], [ 2.34906156786516, 48.849888541065191 ], [ 2.348520001074306, 48.848624694267308 ], [ 2.346648201339913, 48.84912172514764 ], [ 2.34488577406675, 48.849587848122091 ], [ 2.346818181207789, 48.853064531162502 ] ] ] ] } },
{ "type": "Feature", "properties": { "code_iris": "751062101", "nom_iris": "Monnaie 1", "type_iris": "H", "arr": "6e", "n": 111, "prix_med": 248.0, "pct_multi": 55.0, "pct_entire": 95.5, "ratio_lh": 1.21 }, "geometry": { "type": "MultiPolygon", "coordinates": [ [ [ [ 2.343821016117944, 48.852762137359065 ], [ 2.342631736794723, 48.850348032972988 ], [ 2.342484795895101, 48.850437161263997 ], [ 2.341307221486754, 48.850879463297197 ], [ 2.341199569109284, 48.85087887059484 ], [ 2.340698740338919, 48.851148617007325 ], [ 2.34022313731397, 48.851470663065754 ], [ 2.339659215967595, 48.851986480714082 ], [ 2.339381621312688, 48.852168417004407 ], [ 2.339352314585971, 48.852330139254462 ], [ 2.338791828206612, 48.852466443406961 ], [ 2.336991541368246, 48.852894467554513 ], [ 2.336965692875884, 48.853854835696076 ], [ 2.337365200479902, 48.853839961044457 ], [ 2.338389466855206, 48.853672952803286 ], [ 2.339148770185848, 48.853550339805793 ], [ 2.34018718415576, 48.853449047238342 ], [ 2.342310810884491, 48.853316842024512 ], [ 2.343062730499531, 48.853238232028346 ], [ 2.343266038350776, 48.853110740347816 ], [ 2.343242719131724, 48.85290645878856 ], [ 2.343821016117944, 48.852762137359065 ] ] ] ] } },
{ "type": "Feature", "properties": { "code_iris": "751062102", "nom_iris": "Monnaie 2", "type_iris": "H", "arr": "6e", "n": 124, "prix_med": 195.5, "pct_multi": 50.8, "pct_entire": 96.0, "ratio_lh": 1.12 }, "geometry": { "type": "MultiPolygon", "coordinates": [ [ [ [ 2.338389466855206, 48.853672952803286 ], [ 2.337365200479902, 48.853839961044457 ], [ 2.336965692875884, 48.853854835696076 ], [ 2.336523267265558, 48.857133225041473 ], [ 2.336429814424291, 48.857407908598994 ], [ 2.336111156211742, 48.857600401143628 ], [ 2.336260337146086, 48.857872832926809 ], [ 2.336485519998964, 48.85784979923357 ], [ 2.338160587760303, 48.857421990489428 ], [ 2.339912242503876, 48.856433384987646 ], [ 2.34047303674055, 48.856060547813605 ], [ 2.338485686290563, 48.853715754470201 ], [ 2.338389466855206, 48.853672952803286 ] ] ] ] } },
{ "type": "Feature", "properties": { "code_iris": "751062103", "nom_iris": "Monnaie 3", "type_iris": "H", "arr": "6e", "n": 147, "prix_med": 250.0, "pct_multi": 61.9, "pct_entire": 95.2, "ratio_lh": 1.25 }, "geometry": { "type": "MultiPolygon", "coordinates": [ [ [ [ 2.344281403902505, 48.853756649397681 ], [ 2.343821016117944, 48.852762137359065 ], [ 2.343242719131724, 48.85290645878856 ], [ 2.343266038350776, 48.853110740347816 ], [ 2.343062730499531, 48.853238232028346 ], [ 2.342310810884491, 48.853316842024512 ], [ 2.34018718415576, 48.853449047238342 ], [ 2.339148770185848, 48.853550339805793 ], [ 2.338389466855206, 48.853672952803286 ], [ 2.338485686290563, 48.853715754470201 ], [ 2.34047303674055, 48.856060547813605 ], [ 2.34228876504118, 48.854739499162527 ], [ 2.344281403902505, 48.853756649397681 ] ] ] ] } },
{ "type": "Feature", "properties": { "code_iris": "751062201", "nom_iris": "Odéon 1", "type_iris": "H", "arr": "6e", "n": 37, "prix_med": 251.0, "pct_multi": 43.2, "pct_entire": 91.9, "ratio_lh": 1.06 }, "geometry": { "type": "MultiPolygon", "coordinates": [ [ [ [ 2.337755934595522, 48.841754730571793 ], [ 2.337256165772474, 48.840875082026251 ], [ 2.336936956657747, 48.840797766419854 ], [ 2.336701188621081, 48.840801855539716 ], [ 2.336495817535277, 48.840879860759628 ], [ 2.336284251363047, 48.841123314456887 ], [ 2.33611218466298, 48.841046812972252 ], [ 2.334855812082841, 48.842337617276833 ], [ 2.332901946019859, 48.844356601459978 ], [ 2.33618640246817, 48.844312815267166 ], [ 2.33758382732685, 48.844254008295422 ], [ 2.338983319797129, 48.843924488312119 ], [ 2.337755934595522, 48.841754730571793 ] ] ], [ [ [ 2.332689731891833, 48.848692137449788 ], [ 2.332467319796465, 48.84488480109642 ], [ 2.332410427598088, 48.844858402121773 ], [ 2.33139536593779, 48.845913081519335 ], [ 2.331523413081936, 48.846022619831459 ], [ 2.331664464160617, 48.848412109909781 ], [ 2.332689731891833, 48.848692137449788 ] ] ] ] } },
{ "type": "Feature", "properties": { "code_iris": "751062202", "nom_iris": "Odéon 2", "type_iris": "H", "arr": "6e", "n": 48, "prix_med": 200.0, "pct_multi": 60.4, "pct_entire": 91.7, "ratio_lh": 1.09 }, "geometry": { "type": "MultiPolygon", "coordinates": [ [ [ [ 2.33705734899499, 48.851471151360343 ], [ 2.337327563408002, 48.849298001555937 ], [ 2.335444971336735, 48.849241692346311 ], [ 2.332689731891833, 48.848692137449788 ], [ 2.331664464160617, 48.848412109909781 ], [ 2.331807007886084, 48.850261088792536 ], [ 2.332049034555354, 48.851366851531658 ], [ 2.332894841014901, 48.851298722389252 ], [ 2.332911200691662, 48.851191790079646 ], [ 2.333689938016989, 48.851252788823196 ], [ 2.333910982318862, 48.851231535657654 ], [ 2.334863745017782, 48.851324972925525 ], [ 2.335665184107105, 48.851315935136171 ], [ 2.33705734899499, 48.851471151360343 ] ] ] ] } },
{ "type": "Feature", "properties": { "code_iris": "751062203", "nom_iris": "Odéon 3", "type_iris": "H", "arr": "6e", "n": 152, "prix_med": 190.5, "pct_multi": 66.4, "pct_entire": 95.4, "ratio_lh": 1.37 }, "geometry": { "type": "MultiPolygon", "coordinates": [ [ [ [ 2.336991541368246, 48.852894467554513 ], [ 2.338791828206612, 48.852466443406961 ], [ 2.338720751583931, 48.852268192318498 ], [ 2.338681488291885, 48.851818297248983 ], [ 2.338477001503275, 48.851823462349913 ], [ 2.338259828069483, 48.851539863512876 ], [ 2.33705734899499, 48.851471151360343 ], [ 2.335665184107105, 48.851315935136171 ], [ 2.334863745017782, 48.851324972925525 ], [ 2.333910982318862, 48.851231535657654 ], [ 2.333689938016989, 48.851252788823196 ], [ 2.332911200691662, 48.851191790079646 ], [ 2.332894841014901, 48.851298722389252 ], [ 2.332049034555354, 48.851366851531658 ], [ 2.331919393606271, 48.85138051744709 ], [ 2.331968526798256, 48.852225287974633 ], [ 2.331795739795058, 48.852308862673752 ], [ 2.331884480427239, 48.8524028913005 ], [ 2.332302667700387, 48.852524840063133 ], [ 2.333139273620726, 48.85264462327504 ], [ 2.333624452708371, 48.852643728929067 ], [ 2.335059049631388, 48.85289363672409 ], [ 2.335641784779895, 48.85304436804303 ], [ 2.335843194540951, 48.853174094016843 ], [ 2.336991541368246, 48.852894467554513 ] ] ] ] } },
{ "type": "Feature", "properties": { "code_iris": "751062204", "nom_iris": "Odéon 4", "type_iris": "H", "arr": "6e", "n": 172, "prix_med": 249.0, "pct_multi": 65.7, "pct_entire": 87.8, "ratio_lh": 1.47 }, "geometry": { "type": "MultiPolygon", "coordinates": [ [ [ [ 2.342631736794723, 48.850348032972988 ], [ 2.340849163503854, 48.847337066432225 ], [ 2.340634393877524, 48.846971642213262 ], [ 2.340508193802032, 48.847037499260772 ], [ 2.340448017284769, 48.847270101748691 ], [ 2.339119028758465, 48.848803370401683 ], [ 2.338716479064962, 48.849061060778013 ], [ 2.338409626378566, 48.849187073284725 ], [ 2.337782915892257, 48.849282535579079 ], [ 2.337327563408002, 48.849298001555937 ], [ 2.33705734899499, 48.851471151360343 ], [ 2.338259828069483, 48.851539863512876 ], [ 2.338477001503275, 48.851823462349913 ], [ 2.338681488291885, 48.851818297248983 ], [ 2.338720751583931, 48.852268192318498 ], [ 2.338791828206612, 48.852466443406961 ], [ 2.339352314585971, 48.852330139254462 ], [ 2.339381621312688, 48.852168417004407 ], [ 2.339659215967595, 48.851986480714082 ], [ 2.34022313731397, 48.851470663065754 ], [ 2.340698740338919, 48.851148617007325 ], [ 2.341199569109284, 48.85087887059484 ], [ 2.341307221486754, 48.850879463297197 ], [ 2.342484795895101, 48.850437161263997 ], [ 2.342631736794723, 48.850348032972988 ] ] ] ] } },
{ "type": "Feature", "properties": { "code_iris": "751062301", "nom_iris": "Notre-Dame des Champs 1", "type_iris": "H", "arr": "6e", "n": 32, "prix_med": 185.5, "pct_multi": 43.8, "pct_entire": 100.0, "ratio_lh": 1.1 }, "geometry": { "type": "MultiPolygon", "coordinates": [ [ [ [ 2.337256165772474, 48.840875082026251 ], [ 2.336771393206437, 48.84074558477414 ], [ 2.336656991547952, 48.839671107587428 ], [ 2.334862059021432, 48.840246627980335 ], [ 2.3298321288791, 48.841907563280564 ], [ 2.329884570747136, 48.841961818965871 ], [ 2.331758107665112, 48.842703482790512 ], [ 2.332238796012576, 48.841876053397961 ], [ 2.333041752554997, 48.841311234744694 ], [ 2.334078641216557, 48.84195106363903 ], [ 2.334855812082841, 48.842337617276833 ], [ 2.33611218466298, 48.841046812972252 ], [ 2.336284251363047, 48.841123314456887 ], [ 2.336495817535277, 48.840879860759628 ], [ 2.336701188621081, 48.840801855539716 ], [ 2.336936956657747, 48.840797766419854 ], [ 2.337256165772474, 48.840875082026251 ] ] ] ] } },
{ "type": "Feature", "properties": { "code_iris": "751062302", "nom_iris": "Notre-Dame des Champs 2", "type_iris": "H", "arr": "6e", "n": 25, "prix_med": 276.0, "pct_multi": 36.0, "pct_entire": 92.0, "ratio_lh": 1.04 }, "geometry": { "type": "MultiPolygon", "coordinates": [ [ [ [ 2.332410427598088, 48.844858402121773 ], [ 2.332901946019859, 48.844356601459978 ], [ 2.334855812082841, 48.842337617276833 ], [ 2.334078641216557, 48.84195106363903 ], [ 2.333041752554997, 48.841311234744694 ], [ 2.332238796012576, 48.841876053397961 ], [ 2.331758107665112, 48.842703482790512 ], [ 2.331526435126236, 48.843131185163045 ], [ 2.331244437951255, 48.843445285799319 ], [ 2.33060536884278, 48.843976832932604 ], [ 2.332410427598088, 48.844858402121773 ] ] ] ] } },
{ "type": "Feature", "properties": { "code_iris": "751062303", "nom_iris": "Notre-Dame des Champs 3", "type_iris": "H", "arr": "6e", "n": 43, "prix_med": 210.0, "pct_multi": 32.6, "pct_entire": 90.7, "ratio_lh": 1.02 }, "geometry": { "type": "MultiPolygon", "coordinates": [ [ [ [ 2.3298321288791, 48.841907563280564 ], [ 2.329574854219896, 48.84199425949064 ], [ 2.329363592327736, 48.842422971778952 ], [ 2.328452918789027, 48.845526963118807 ], [ 2.328644226905967, 48.845590992198872 ], [ 2.329992827290823, 48.846259583527861 ], [ 2.331026714777416, 48.846288752585608 ], [ 2.33139536593779, 48.845913081519335 ], [ 2.332410427598088, 48.844858402121773 ], [ 2.33060536884278, 48.843976832932604 ], [ 2.331244437951255, 48.843445285799319 ], [ 2.331526435126236, 48.843131185163045 ], [ 2.331758107665112, 48.842703482790512 ], [ 2.329884570747136, 48.841961818965871 ], [ 2.3298321288791, 48.841907563280564 ] ] ] ] } },
{ "type": "Feature", "properties": { "code_iris": "751062304", "nom_iris": "Notre-Dame des Champs 4", "type_iris": "H", "arr": "6e", "n": 41, "prix_med": 225.0, "pct_multi": 29.3, "pct_entire": 92.7, "ratio_lh": 1.05 }, "geometry": { "type": "MultiPolygon", "coordinates": [ [ [ [ 2.328124944017282, 48.847396693255376 ], [ 2.331664464160617, 48.848412109909781 ], [ 2.331523413081936, 48.846022619831459 ], [ 2.33139536593779, 48.845913081519335 ], [ 2.331026714777416, 48.846288752585608 ], [ 2.329992827290823, 48.846259583527861 ], [ 2.328644226905967, 48.845590992198872 ], [ 2.328124944017282, 48.847396693255376 ] ] ] ] } },
{ "type": "Feature", "properties": { "code_iris": "751062305", "nom_iris": "Notre-Dame des Champs 5", "type_iris": "H", "arr": "6e", "n": 52, "prix_med": 235.5, "pct_multi": 36.5, "pct_entire": 94.2, "ratio_lh": 1.06 }, "geometry": { "type": "MultiPolygon", "coordinates": [ [ [ [ 2.329574854219896, 48.84199425949064 ], [ 2.324641767064501, 48.843621342685267 ], [ 2.324298358087334, 48.84372912596212 ], [ 2.324173954861267, 48.844180803362434 ], [ 2.325614154392971, 48.845661188156022 ], [ 2.326857913979301, 48.846953380935446 ], [ 2.327918332944669, 48.848096134722162 ], [ 2.328124944017282, 48.847396693255376 ], [ 2.328644226905967, 48.845590992198872 ], [ 2.328452918789027, 48.845526963118807 ], [ 2.329363592327736, 48.842422971778952 ], [ 2.329574854219896, 48.84199425949064 ] ] ] ] } },
{ "type": "Feature", "properties": { "code_iris": "751062306", "nom_iris": "Notre-Dame des Champs 6", "type_iris": "H", "arr": "6e", "n": 71, "prix_med": 200.0, "pct_multi": 59.2, "pct_entire": 90.1, "ratio_lh": 1.29 }, "geometry": { "type": "MultiPolygon", "coordinates": [ [ [ [ 2.324298358087334, 48.84372912596212 ], [ 2.323192682554711, 48.844090715696574 ], [ 2.320120502008693, 48.845096771762023 ], [ 2.319142060375021, 48.845519304285617 ], [ 2.320749573224252, 48.846491659544036 ], [ 2.322782446683642, 48.847558135371038 ], [ 2.324110470757472, 48.846239086745072 ], [ 2.324191944741678, 48.846261131699045 ], [ 2.324531019632446, 48.845753108131944 ], [ 2.325614154392971, 48.845661188156022 ], [ 2.324173954861267, 48.844180803362434 ], [ 2.324298358087334, 48.84372912596212 ] ] ] ] } },
{ "type": "Feature", "properties": { "code_iris": "751062307", "nom_iris": "Notre-Dame des Champs 7", "type_iris": "H", "arr": "6e", "n": 46, "prix_med": 267.5, "pct_multi": 47.8, "pct_entire": 95.7, "ratio_lh": 1.24 }, "geometry": { "type": "MultiPolygon", "coordinates": [ [ [ [ 2.322782446683642, 48.847558135371038 ], [ 2.324605350047455, 48.848534353376472 ], [ 2.325415764865039, 48.848986806831121 ], [ 2.32666283214302, 48.846970270381973 ], [ 2.326857913979301, 48.846953380935446 ], [ 2.325614154392971, 48.845661188156022 ], [ 2.324531019632446, 48.845753108131944 ], [ 2.324191944741678, 48.846261131699045 ], [ 2.324110470757472, 48.846239086745072 ], [ 2.322782446683642, 48.847558135371038 ] ] ] ] } },
{ "type": "Feature", "properties": { "code_iris": "751062308", "nom_iris": "Notre-Dame des Champs 8", "type_iris": "H", "arr": "6e", "n": 105, "prix_med": 207.0, "pct_multi": 51.4, "pct_entire": 95.2, "ratio_lh": 1.17 }, "geometry": { "type": "MultiPolygon", "coordinates": [ [ [ [ 2.319142060375021, 48.845519304285617 ], [ 2.316982623504709, 48.84663569579525 ], [ 2.316712552321028, 48.8468634910869 ], [ 2.319420835184011, 48.847858333176241 ], [ 2.320555394566371, 48.848425083699617 ], [ 2.323287262396386, 48.849819285580438 ], [ 2.324605350047455, 48.848534353376472 ], [ 2.322782446683642, 48.847558135371038 ], [ 2.320749573224252, 48.846491659544036 ], [ 2.319142060375021, 48.845519304285617 ] ] ] ] } },
{ "type": "Feature", "properties": { "code_iris": "751062309", "nom_iris": "Notre-Dame des Champs 9", "type_iris": "H", "arr": "6e", "n": 64, "prix_med": 183.0, "pct_multi": 48.4, "pct_entire": 98.4, "ratio_lh": 1.08 }, "geometry": { "type": "MultiPolygon", "coordinates": [ [ [ [ 2.323287262396386, 48.849819285580438 ], [ 2.324162209437006, 48.850235238210288 ], [ 2.326867309541756, 48.851395370799608 ], [ 2.326969194686432, 48.851315001747537 ], [ 2.327918332944669, 48.848096134722162 ], [ 2.326857913979301, 48.846953380935446 ], [ 2.32666283214302, 48.846970270381973 ], [ 2.325415764865039, 48.848986806831121 ], [ 2.324605350047455, 48.848534353376472 ], [ 2.323287262396386, 48.849819285580438 ] ] ] ] } },
{ "type": "Feature", "properties": { "code_iris": "751062310", "nom_iris": "Notre-Dame des Champs 10", "type_iris": "H", "arr": "6e", "n": 37, "prix_med": 250.0, "pct_multi": 56.8, "pct_entire": 100.0, "ratio_lh": 1.09 }, "geometry": { "type": "MultiPolygon", "coordinates": [ [ [ [ 2.326867309541756, 48.851395370799608 ], [ 2.326814484762852, 48.851581240650113 ], [ 2.328657392915725, 48.851867697935795 ], [ 2.330193628398726, 48.852158705785868 ], [ 2.331884480427239, 48.8524028913005 ], [ 2.331795739795058, 48.852308862673752 ], [ 2.327918332944669, 48.848096134722162 ], [ 2.326969194686432, 48.851315001747537 ], [ 2.326867309541756, 48.851395370799608 ] ] ] ] } },
{ "type": "Feature", "properties": { "code_iris": "751062311", "nom_iris": "Notre-Dame des Champs 11", "type_iris": "H", "arr": "6e", "n": 48, "prix_med": 286.5, "pct_multi": 47.9, "pct_entire": 100.0, "ratio_lh": 1.2 }, "geometry": { "type": "MultiPolygon", "coordinates": [ [ [ [ 2.331664464160617, 48.848412109909781 ], [ 2.328124944017282, 48.847396693255376 ], [ 2.327918332944669, 48.848096134722162 ], [ 2.331795739795058, 48.852308862673752 ], [ 2.331968526798256, 48.852225287974633 ], [ 2.331919393606271, 48.85138051744709 ], [ 2.332049034555354, 48.851366851531658 ], [ 2.331807007886084, 48.850261088792536 ], [ 2.331664464160617, 48.848412109909781 ] ] ] ] } },
{ "type": "Feature", "properties": { "code_iris": "751062401", "nom_iris": "Saint-Germain des Prés 1", "type_iris": "H", "arr": "6e", "n": 85, "prix_med": 225.0, "pct_multi": 50.6, "pct_entire": 95.3, "ratio_lh": 1.12 }, "geometry": { "type": "MultiPolygon", "coordinates": [ [ [ [ 2.328657392915725, 48.851867697935795 ], [ 2.32865905955895, 48.85205567293373 ], [ 2.329335689720448, 48.852638653251674 ], [ 2.330463707347445, 48.854473360733351 ], [ 2.335843194540951, 48.853174094016843 ], [ 2.335641784779895, 48.85304436804303 ], [ 2.335059049631388, 48.85289363672409 ], [ 2.333624452708371, 48.852643728929067 ], [ 2.333139273620726, 48.85264462327504 ], [ 2.332302667700387, 48.852524840063133 ], [ 2.331884480427239, 48.8524028913005 ], [ 2.330193628398726, 48.852158705785868 ], [ 2.328657392915725, 48.851867697935795 ] ] ] ] } },
{ "type": "Feature", "properties": { "code_iris": "751062402", "nom_iris": "Saint-Germain des Prés 2", "type_iris": "H", "arr": "6e", "n": 197, "prix_med": 207.0, "pct_multi": 60.9, "pct_entire": 82.2, "ratio_lh": 1.39 }, "geometry": { "type": "MultiPolygon", "coordinates": [ [ [ [ 2.330463707347445, 48.854473360733351 ], [ 2.330732889977583, 48.855055849769023 ], [ 2.331347623117892, 48.85590018253756 ], [ 2.333270093392226, 48.858290596600341 ], [ 2.334887869343847, 48.857869709201957 ], [ 2.335182857488519, 48.857823682777124 ], [ 2.336260337146086, 48.857872832926809 ], [ 2.336111156211742, 48.857600401143628 ], [ 2.336429814424291, 48.857407908598994 ], [ 2.336523267265558, 48.857133225041473 ], [ 2.336965692875884, 48.853854835696076 ], [ 2.336991541368246, 48.852894467554513 ], [ 2.335843194540951, 48.853174094016843 ], [ 2.330463707347445, 48.854473360733351 ] ] ] ] } },
{ "type": "Feature", "properties": { "code_iris": "751072501", "nom_iris": "Saint-Thomas d'Aquin 1", "type_iris": "H", "arr": "7e", "n": 39, "prix_med": 248.0, "pct_multi": 43.6, "pct_entire": 94.9, "ratio_lh": 1.05 }, "geometry": { "type": "MultiPolygon", "coordinates": [ [ [ [ 2.330463707347445, 48.854473360733351 ], [ 2.329335689720448, 48.852638653251674 ], [ 2.32865905955895, 48.85205567293373 ], [ 2.328657392915725, 48.851867697935795 ], [ 2.326814484762852, 48.851581240650113 ], [ 2.326768856571145, 48.851737472143455 ], [ 2.326669609860954, 48.852457298826003 ], [ 2.325711067472614, 48.855758831818633 ], [ 2.325593610370405, 48.85588318013577 ], [ 2.325861353776846, 48.856046572600171 ], [ 2.327642943605289, 48.855287648516551 ], [ 2.330463707347445, 48.854473360733351 ] ] ] ] } },
{ "type": "Feature", "properties": { "code_iris": "751072502", "nom_iris": "Saint-Thomas d'Aquin 2", "type_iris": "H", "arr": "7e", "n": 28, "prix_med": 211.5, "pct_multi": 46.4, "pct_entire": 100.0, "ratio_lh": 1.12 }, "geometry": { "type": "MultiPolygon", "coordinates": [ [ [ [ 2.323516200569286, 48.851709233353255 ], [ 2.323846304121677, 48.853996365159269 ], [ 2.323906109274668, 48.854218843998019 ], [ 2.324259991812644, 48.854675017590615 ], [ 2.324885437425606, 48.855315291432234 ], [ 2.325593610370405, 48.85588318013577 ], [ 2.325711067472614, 48.855758831818633 ], [ 2.326669609860954, 48.852457298826003 ], [ 2.326768856571145, 48.851737472143455 ], [ 2.323516200569286, 48.851709233353255 ] ] ] ] } },
{ "type": "Feature", "properties": { "code_iris": "751072503", "nom_iris": "Saint-Thomas d'Aquin 3", "type_iris": "H", "arr": "7e", "n": 36, "prix_med": 224.5, "pct_multi": 50.0, "pct_entire": 100.0, "ratio_lh": 1.06 }, "geometry": { "type": "MultiPolygon", "coordinates": [ [ [ [ 2.324162209437006, 48.850235238210288 ], [ 2.323287262396386, 48.849819285580438 ], [ 2.320555394566371, 48.848425083699617 ], [ 2.319565907300404, 48.850523962863818 ], [ 2.319020489890948, 48.851694523045481 ], [ 2.319099675496175, 48.852726537201306 ], [ 2.319955112133922, 48.854951913313329 ], [ 2.323846304121677, 48.853996365159269 ], [ 2.323516200569286, 48.851709233353255 ], [ 2.324162209437006, 48.850235238210288 ] ] ] ] } },
{ "type": "Feature", "properties": { "code_iris": "751072504", "nom_iris": "Saint-Thomas d'Aquin 4", "type_iris": "H", "arr": "7e", "n": 44, "prix_med": 255.0, "pct_multi": 63.6, "pct_entire": 100.0, "ratio_lh": 1.26 }, "geometry": { "type": "MultiPolygon", "coordinates": [ [ [ [ 2.322424507946866, 48.857794390974931 ], [ 2.323113019201412, 48.858512373581512 ], [ 2.324486487684712, 48.857073075944257 ], [ 2.325861353776846, 48.856046572600171 ], [ 2.325593610370405, 48.85588318013577 ], [ 2.324885437425606, 48.855315291432234 ], [ 2.324259991812644, 48.854675017590615 ], [ 2.323906109274668, 48.854218843998019 ], [ 2.323846304121677, 48.853996365159269 ], [ 2.319955112133922, 48.854951913313329 ], [ 2.321122372687715, 48.856473055041171 ], [ 2.322424507946866, 48.857794390974931 ] ] ] ] } },
{ "type": "Feature", "properties": { "code_iris": "751072505", "nom_iris": "Saint-Thomas d'Aquin 5", "type_iris": "H", "arr": "7e", "n": 64, "prix_med": 204.0, "pct_multi": 51.6, "pct_entire": 98.4, "ratio_lh": 1.25 }, "geometry": { "type": "MultiPolygon", "coordinates": [ [ [ [ 2.323113019201412, 48.858512373581512 ], [ 2.324584325774488, 48.860039691827929 ], [ 2.328758729688885, 48.858812181934987 ], [ 2.327438807115302, 48.856953903462497 ], [ 2.325861353776846, 48.856046572600171 ], [ 2.324486487684712, 48.857073075944257 ], [ 2.323113019201412, 48.858512373581512 ] ] ] ] } },
{ "type": "Feature", "properties": { "code_iris": "751072506", "nom_iris": "Saint-Thomas d'Aquin 6", "type_iris": "H", "arr": "7e", "n": 91, "prix_med": 206.0, "pct_multi": 46.2, "pct_entire": 94.5, "ratio_lh": 1.15 }, "geometry": { "type": "MultiPolygon", "coordinates": [ [ [ [ 2.332451956624262, 48.858530659098705 ], [ 2.333270093392226, 48.858290596600341 ], [ 2.331347623117892, 48.85590018253756 ], [ 2.330732889977583, 48.855055849769023 ], [ 2.330463707347445, 48.854473360733351 ], [ 2.327642943605289, 48.855287648516551 ], [ 2.325861353776846, 48.856046572600171 ], [ 2.327438807115302, 48.856953903462497 ], [ 2.328758729688885, 48.858812181934987 ], [ 2.32929029412567, 48.859553529807549 ], [ 2.332451956624262, 48.858530659098705 ] ] ] ] } },
{ "type": "Feature", "properties": { "code_iris": "751072601", "nom_iris": "Invalides 1", "type_iris": "H", "arr": "7e", "n": 75, "prix_med": 252.0, "pct_multi": 64.0, "pct_entire": 96.0, "ratio_lh": 1.74 }, "geometry": { "type": "MultiPolygon", "coordinates": [ [ [ [ 2.318003311320483, 48.859231622993583 ], [ 2.322424507946866, 48.857794390974931 ], [ 2.321122372687715, 48.856473055041171 ], [ 2.319955112133922, 48.854951913313329 ], [ 2.319099675496175, 48.852726537201306 ], [ 2.319020489890948, 48.851694523045481 ], [ 2.317122577682769, 48.851761950322853 ], [ 2.318051621270251, 48.855436625069544 ], [ 2.316888279157803, 48.855704292793121 ], [ 2.317534446881506, 48.857566046213584 ], [ 2.318003311320483, 48.859231622993583 ] ] ] ] } },
{ "type": "Feature", "properties": { "code_iris": "751072602", "nom_iris": "Invalides 2", "type_iris": "H", "arr": "7e", "n": 27, "prix_med": 213.0, "pct_multi": 44.4, "pct_entire": 96.3, "ratio_lh": 1.17 }, "geometry": { "type": "MultiPolygon", "coordinates": [ [ [ [ 2.318022271013671, 48.860802898422612 ], [ 2.31803020914161, 48.860508855831277 ], [ 2.318121728366433, 48.86038976361273 ], [ 2.318286080569324, 48.860329544078468 ], [ 2.318003311320483, 48.859231622993583 ], [ 2.317534446881506, 48.857566046213584 ], [ 2.316888279157803, 48.855704292793121 ], [ 2.318051621270251, 48.855436625069544 ], [ 2.317122577682769, 48.851761950322853 ], [ 2.314504083135025, 48.851802737380886 ], [ 2.314733979598688, 48.853699900697464 ], [ 2.315220125272401, 48.857981816568433 ], [ 2.314751844700716, 48.858041191324887 ], [ 2.314614421860583, 48.858126742252956 ], [ 2.314959943070394, 48.860976969642486 ], [ 2.318022271013671, 48.860802898422612 ] ] ] ] } },
{ "type": "Feature", "properties": { "code_iris": "751072603", "nom_iris": "Invalides 3", "type_iris": "H", "arr": "7e", "n": 27, "prix_med": 208.0, "pct_multi": 48.1, "pct_entire": 96.3, "ratio_lh": 1.08 }, "geometry": { "type": "MultiPolygon", "coordinates": [ [ [ [ 2.310425452304362, 48.862595839866458 ], [ 2.310425375149164, 48.862910611994572 ], [ 2.310604922045545, 48.862939526257392 ], [ 2.310760756068919, 48.862906248533029 ], [ 2.311653413177553, 48.862919480325878 ], [ 2.311660374183708, 48.862805302913905 ], [ 2.311605743581254, 48.861884953202548 ], [ 2.311131024366234, 48.858098646105681 ], [ 2.309960180724663, 48.857278883904456 ], [ 2.310034400241006, 48.858055454692121 ], [ 2.310145897002358, 48.859928551051269 ], [ 2.310264920542005, 48.861130771431391 ], [ 2.310425452304362, 48.862595839866458 ] ] ] ] } },
{ "type": "Feature", "properties": { "code_iris": "751072604", "nom_iris": "Invalides 4", "type_iris": "H", "arr": "7e", "n": 33, "prix_med": 260.0, "pct_multi": 54.5, "pct_entire": 93.9, "ratio_lh": 1.14 }, "geometry": { "type": "MultiPolygon", "coordinates": [ [ [ [ 2.325305164582824, 48.860792017796008 ], [ 2.324584325774488, 48.860039691827929 ], [ 2.323113019201412, 48.858512373581512 ], [ 2.322424507946866, 48.857794390974931 ], [ 2.318003311320483, 48.859231622993583 ], [ 2.318286080569324, 48.860329544078468 ], [ 2.318121728366433, 48.86038976361273 ], [ 2.31803020914161, 48.860508855831277 ], [ 2.318022271013671, 48.860802898422612 ], [ 2.318815117735038, 48.8607327678925 ], [ 2.319667988850566, 48.862119921018845 ], [ 2.319284615584906, 48.862459493879143 ], [ 2.319039006863441, 48.862583106190627 ], [ 2.319373444915552, 48.862546336662241 ], [ 2.320047781808954, 48.862367601937628 ], [ 2.325305164582824, 48.860792017796008 ] ] ] ] } },
{ "type": "Feature", "properties": { "code_iris": "751072701", "nom_iris": "École Militaire 1", "type_iris": "H", "arr": "7e", "n": 108, "prix_med": 200.0, "pct_multi": 65.7, "pct_entire": 96.3, "ratio_lh": 1.64 }, "geometry": { "type": "MultiPolygon", "coordinates": [ [ [ [ 2.320555394566371, 48.848425083699617 ], [ 2.319420835184011, 48.847858333176241 ], [ 2.316712552321028, 48.8468634910869 ], [ 2.316221343794524, 48.847431779685714 ], [ 2.315132046689788, 48.849440118429534 ], [ 2.318545876253237, 48.850367065206811 ], [ 2.319565907300404, 48.850523962863818 ], [ 2.320555394566371, 48.848425083699617 ] ] ] ] } },
{ "type": "Feature", "properties": { "code_iris": "751072702", "nom_iris": "École Militaire 2", "type_iris": "H", "arr": "7e", "n": 30, "prix_med": 140.0, "pct_multi": 40.0, "pct_entire": 96.7, "ratio_lh": 1.03 }, "geometry": { "type": "MultiPolygon", "coordinates": [ [ [ [ 2.316712552321028, 48.8468634910869 ], [ 2.313715867497841, 48.845943378055246 ], [ 2.311972122446195, 48.847044076029803 ], [ 2.311235573297421, 48.847509305256168 ], [ 2.31170425542156, 48.847619026660318 ], [ 2.312006227196465, 48.850447455665837 ], [ 2.312353309375655, 48.850273176387994 ], [ 2.313667402906636, 48.849416436416981 ], [ 2.313840219431152, 48.849125135389251 ], [ 2.313953923348576, 48.849183346526772 ], [ 2.315132046689788, 48.849440118429534 ], [ 2.316221343794524, 48.847431779685714 ], [ 2.316712552321028, 48.8468634910869 ] ] ] ] } },
{ "type": "Feature", "properties": { "code_iris": "751072703", "nom_iris": "École Militaire 3", "type_iris": "H", "arr": "7e", "n": 16, "prix_med": 295.5, "pct_multi": 50.0, "pct_entire": 100.0, "ratio_lh": 1.07 }, "geometry": { "type": "MultiPolygon", "coordinates": [ [ [ [ 2.31032513277025, 48.847933056251541 ], [ 2.308218200598362, 48.847433437626052 ], [ 2.307354149221545, 48.847133447290759 ], [ 2.306041515788186, 48.847979336062892 ], [ 2.307577348034486, 48.849513552237596 ], [ 2.307822266261913, 48.849541950246845 ], [ 2.31032513277025, 48.847933056251541 ] ] ] ] } },
{ "type": "Feature", "properties": { "code_iris": "751072704", "nom_iris": "École Militaire 4", "type_iris": "H", "arr": "7e", "n": 21, "prix_med": 220.0, "pct_multi": 38.1, "pct_entire": 90.5, "ratio_lh": 1.17 }, "geometry": { "type": "MultiPolygon", "coordinates": [ [ [ [ 2.311235573297421, 48.847509305256168 ], [ 2.310494899377192, 48.847976304782357 ], [ 2.31032513277025, 48.847933056251541 ], [ 2.307822266261913, 48.849541950246845 ], [ 2.31006476189126, 48.85174844186227 ], [ 2.310569194256409, 48.851424882097817 ], [ 2.310697758377781, 48.851493074779036 ], [ 2.312140748461883, 48.851612899711064 ], [ 2.312006227196465, 48.850447455665837 ], [ 2.31170425542156, 48.847619026660318 ], [ 2.311235573297421, 48.847509305256168 ] ] ] ] } },
{ "type": "Feature", "properties": { "code_iris": "751072705", "nom_iris": "École Militaire 5", "type_iris": "H", "arr": "7e", "n": 34, "prix_med": 234.5, "pct_multi": 61.8, "pct_entire": 91.2, "ratio_lh": 1.26 }, "geometry": { "type": "MultiPolygon", "coordinates": [ [ [ [ 2.31006476189126, 48.85174844186227 ], [ 2.306404286884797, 48.854100685803864 ], [ 2.309533972282797, 48.85395780146478 ], [ 2.314733979598688, 48.853699900697464 ], [ 2.314504083135025, 48.851802737380886 ], [ 2.313857057135992, 48.851779242811837 ], [ 2.312140748461883, 48.851612899711064 ], [ 2.310697758377781, 48.851493074779036 ], [ 2.310569194256409, 48.851424882097817 ], [ 2.31006476189126, 48.85174844186227 ] ] ] ] } },
{ "type": "Feature", "properties": { "code_iris": "751072706", "nom_iris": "École Militaire 6", "type_iris": "H", "arr": "7e", "n": 43, "prix_med": 215.0, "pct_multi": 46.5, "pct_entire": 93.0, "ratio_lh": 1.19 }, "geometry": { "type": "MultiPolygon", "coordinates": [ [ [ [ 2.319020489890948, 48.851694523045481 ], [ 2.319565907300404, 48.850523962863818 ], [ 2.318545876253237, 48.850367065206811 ], [ 2.315132046689788, 48.849440118429534 ], [ 2.313953923348576, 48.849183346526772 ], [ 2.313840219431152, 48.849125135389251 ], [ 2.313667402906636, 48.849416436416981 ], [ 2.312353309375655, 48.850273176387994 ], [ 2.312006227196465, 48.850447455665837 ], [ 2.312140748461883, 48.851612899711064 ], [ 2.313857057135992, 48.851779242811837 ], [ 2.314504083135025, 48.851802737380886 ], [ 2.317122577682769, 48.851761950322853 ], [ 2.319020489890948, 48.851694523045481 ] ] ] ] } },
{ "type": "Feature", "properties": { "code_iris": "751072801", "nom_iris": "Gros Caillou 1", "type_iris": "H", "arr": "7e", "n": 39, "prix_med": 192.0, "pct_multi": 59.0, "pct_entire": 97.4, "ratio_lh": 1.11 }, "geometry": { "type": "MultiPolygon", "coordinates": [ [ [ [ 2.306404286884797, 48.854100685803864 ], [ 2.305447988318348, 48.854272312149831 ], [ 2.305807622160315, 48.854489345564751 ], [ 2.307641030819356, 48.855695213172467 ], [ 2.309960180724663, 48.857278883904456 ], [ 2.309533972282797, 48.85395780146478 ], [ 2.306404286884797, 48.854100685803864 ] ] ] ] } },
{ "type": "Feature", "properties": { "code_iris": "751072802", "nom_iris": "Gros Caillou 2", "type_iris": "H", "arr": "7e", "n": 52, "prix_med": 173.5, "pct_multi": 61.5, "pct_entire": 92.3, "ratio_lh": 1.13 }, "geometry": { "type": "MultiPolygon", "coordinates": [ [ [ [ 2.307641030819356, 48.855695213172467 ], [ 2.307090211309687, 48.856735277591696 ], [ 2.306503345232669, 48.856590679043784 ], [ 2.305939473100609, 48.857687321219828 ], [ 2.306844614340581, 48.857882331503077 ], [ 2.310034400241006, 48.858055454692121 ], [ 2.309960180724663, 48.857278883904456 ], [ 2.307641030819356, 48.855695213172467 ] ] ] ] } },
{ "type": "Feature", "properties": { "code_iris": "751072803", "nom_iris": "Gros Caillou 3", "type_iris": "H", "arr": "7e", "n": 48, "prix_med": 131.5, "pct_multi": 45.8, "pct_entire": 93.8, "ratio_lh": 1.09 }, "geometry": { "type": "MultiPolygon", "coordinates": [ [ [ [ 2.305939473100609, 48.857687321219828 ], [ 2.306503345232669, 48.856590679043784 ], [ 2.307090211309687, 48.856735277591696 ], [ 2.307641030819356, 48.855695213172467 ], [ 2.305807622160315, 48.854489345564751 ], [ 2.305472215633465, 48.854704144329297 ], [ 2.304313934252559, 48.857140966902946 ], [ 2.305939473100609, 48.857687321219828 ] ] ] ] } },
{ "type": "Feature", "properties": { "code_iris": "751072804", "nom_iris": "Gros Caillou 4", "type_iris": "H", "arr": "7e", "n": 111, "prix_med": 183.0, "pct_multi": 58.6, "pct_entire": 93.7, "ratio_lh": 1.25 }, "geometry": { "type": "MultiPolygon", "coordinates": [ [ [ [ 2.304313934252559, 48.857140966902946 ], [ 2.303513461474096, 48.858803714254989 ], [ 2.304439290814594, 48.859083402141202 ], [ 2.30684783723581, 48.859586625668364 ], [ 2.307834155714321, 48.859727237566183 ], [ 2.310145897002358, 48.859928551051269 ], [ 2.310034400241006, 48.858055454692121 ], [ 2.306844614340581, 48.857882331503077 ], [ 2.305939473100609, 48.857687321219828 ], [ 2.304313934252559, 48.857140966902946 ] ] ] ] } },
{ "type": "Feature", "properties": { "code_iris": "751072805", "nom_iris": "Gros Caillou 5", "type_iris": "H", "arr": "7e", "n": 102, "prix_med": 180.0, "pct_multi": 51.0, "pct_entire": 92.2, "ratio_lh": 1.16 }, "geometry": { "type": "MultiPolygon", "coordinates": [ [ [ [ 2.303513461474096, 48.858803714254989 ], [ 2.304313934252559, 48.857140966902946 ], [ 2.305472215633465, 48.854704144329297 ], [ 2.305807622160315, 48.854489345564751 ], [ 2.305447988318348, 48.854272312149831 ], [ 2.300173235411874, 48.85765193894467 ], [ 2.302590042825405, 48.858548315696318 ], [ 2.303513461474096, 48.858803714254989 ] ] ] ] } },
{ "type": "Feature", "properties": { "code_iris": "751072806", "nom_iris": "Gros Caillou 6", "type_iris": "H", "arr": "7e", "n": 50, "prix_med": 197.0, "pct_multi": 36.0, "pct_entire": 92.0, "ratio_lh": 1.02 }, "geometry": { "type": "MultiPolygon", "coordinates": [ [ [ [ 2.305447988318348, 48.854272312149831 ], [ 2.304297076922185, 48.853503869822603 ], [ 2.300697412030575, 48.855866184156767 ], [ 2.300010182468253, 48.856295655857053 ], [ 2.299267694254462, 48.856678033407682 ], [ 2.298893901097704, 48.857007706331167 ], [ 2.296376714033232, 48.858609073636671 ], [ 2.296847882082604, 48.858943705042563 ], [ 2.294874995127961, 48.860198387211952 ], [ 2.295479578280877, 48.860646228715993 ], [ 2.29772035531875, 48.859235722504238 ], [ 2.300173235411874, 48.85765193894467 ], [ 2.305447988318348, 48.854272312149831 ] ] ] ] } },
{ "type": "Feature", "properties": { "code_iris": "751072807", "nom_iris": "Gros Caillou 7", "type_iris": "H", "arr": "7e", "n": 32, "prix_med": 335.0, "pct_multi": 46.9, "pct_entire": 93.8, "ratio_lh": 1.14 }, "geometry": { "type": "MultiPolygon", "coordinates": [ [ [ [ 2.30091161986372, 48.851176381144477 ], [ 2.299300737605958, 48.852194027596177 ], [ 2.295381342134141, 48.854707203752959 ], [ 2.291053303527222, 48.857475043722559 ], [ 2.291635918576814, 48.857929970822113 ], [ 2.293559723463235, 48.856675949137916 ], [ 2.294072896899644, 48.857026129299008 ], [ 2.301984924088163, 48.851931814476828 ], [ 2.30091161986372, 48.851176381144477 ] ] ] ] } },
{ "type": "Feature", "properties": { "code_iris": "751072808", "nom_iris": "Gros Caillou 8", "type_iris": "H", "arr": "7e", "n": 47, "prix_med": 278.0, "pct_multi": 46.8, "pct_entire": 95.7, "ratio_lh": 1.02 }, "geometry": { "type": "MultiPolygon", "coordinates": [ [ [ [ 2.300173235411874, 48.85765193894467 ], [ 2.29772035531875, 48.859235722504238 ], [ 2.300675238533054, 48.859853795317441 ], [ 2.300858219382312, 48.859828783231613 ], [ 2.300819081807382, 48.859698148300822 ], [ 2.301037932087051, 48.859640968775125 ], [ 2.302746292260485, 48.859807422282898 ], [ 2.303012714028886, 48.859862036142047 ], [ 2.303513461474096, 48.858803714254989 ], [ 2.302590042825405, 48.858548315696318 ], [ 2.300173235411874, 48.85765193894467 ] ] ] ] } },
{ "type": "Feature", "properties": { "code_iris": "751072809", "nom_iris": "Gros Caillou 9", "type_iris": "H", "arr": "7e", "n": 76, "prix_med": 248.0, "pct_multi": 59.2, "pct_entire": 88.2, "ratio_lh": 1.25 }, "geometry": { "type": "MultiPolygon", "coordinates": [ [ [ [ 2.301946176124402, 48.86245404852064 ], [ 2.302036715686537, 48.861902374764313 ], [ 2.302249614178043, 48.861781304401049 ], [ 2.302533264825607, 48.861160606261315 ], [ 2.302394219692153, 48.861161594511238 ], [ 2.303012714028886, 48.859862036142047 ], [ 2.302746292260485, 48.859807422282898 ], [ 2.301037932087051, 48.859640968775125 ], [ 2.300819081807382, 48.859698148300822 ], [ 2.300858219382312, 48.859828783231613 ], [ 2.300675238533054, 48.859853795317441 ], [ 2.29772035531875, 48.859235722504238 ], [ 2.295479578280877, 48.860646228715993 ], [ 2.296237808460318, 48.861122850524367 ], [ 2.296975725606092, 48.861489626904785 ], [ 2.297925373850425, 48.861823465489572 ], [ 2.298657277739832, 48.862031010576771 ], [ 2.299398030477206, 48.862189138571885 ], [ 2.30017886987559, 48.862306126180769 ], [ 2.301946176124402, 48.86245404852064 ] ] ] ] } },
{ "type": "Feature", "properties": { "code_iris": "751072810", "nom_iris": "Gros Caillou 10", "type_iris": "H", "arr": "7e", "n": 94, "prix_med": 172.5, "pct_multi": 44.7, "pct_entire": 97.9, "ratio_lh": 1.09 }, "geometry": { "type": "MultiPolygon", "coordinates": [ [ [ [ 2.303012714028886, 48.859862036142047 ], [ 2.302394219692153, 48.861161594511238 ], [ 2.302533264825607, 48.861160606261315 ], [ 2.310264920542005, 48.861130771431391 ], [ 2.310145897002358, 48.859928551051269 ], [ 2.307834155714321, 48.859727237566183 ], [ 2.30684783723581, 48.859586625668364 ], [ 2.304439290814594, 48.859083402141202 ], [ 2.303513461474096, 48.858803714254989 ], [ 2.303012714028886, 48.859862036142047 ] ] ] ] } },
{ "type": "Feature", "properties": { "code_iris": "751072811", "nom_iris": "Gros Caillou 11", "type_iris": "H", "arr": "7e", "n": 30, "prix_med": 233.5, "pct_multi": 50.0, "pct_entire": 90.0, "ratio_lh": 1.07 }, "geometry": { "type": "MultiPolygon", "coordinates": [ [ [ [ 2.301946176124402, 48.86245404852064 ], [ 2.302865285553371, 48.86242523070873 ], [ 2.309211600523887, 48.862545670651251 ], [ 2.310425452304362, 48.862595839866458 ], [ 2.310264920542005, 48.861130771431391 ], [ 2.302533264825607, 48.861160606261315 ], [ 2.302249614178043, 48.861781304401049 ], [ 2.302036715686537, 48.861902374764313 ], [ 2.301946176124402, 48.86245404852064 ] ] ] ] } },
{ "type": "Feature", "properties": { "code_iris": "751082901", "nom_iris": "Champs Élysées 1", "type_iris": "H", "arr": "8e", "n": 73, "prix_med": 420.0, "pct_multi": 67.1, "pct_entire": 95.9, "ratio_lh": 1.52 }, "geometry": { "type": "MultiPolygon", "coordinates": [ [ [ [ 2.301395548741394, 48.86458409487016 ], [ 2.300991315923401, 48.864740919462669 ], [ 2.301361074980032, 48.864715198671561 ], [ 2.301448889881984, 48.86497742193739 ], [ 2.301008892315762, 48.869932954813066 ], [ 2.300996333598208, 48.870056091773016 ], [ 2.301364284995865, 48.870167960125812 ], [ 2.301424301036425, 48.870063986380771 ], [ 2.306296267634072, 48.867025552229585 ], [ 2.302953696669906, 48.86529197432202 ], [ 2.302002574884739, 48.864755815043793 ], [ 2.301395548741394, 48.86458409487016 ] ] ] ] } },
{ "type": "Feature", "properties": { "code_iris": "751083001", "nom_iris": "Faubourg du Roule 1", "type_iris": "H", "arr": "8e", "n": 104, "prix_med": 230.0, "pct_multi": 62.5, "pct_entire": 97.1, "ratio_lh": 1.41 }, "geometry": { "type": "MultiPolygon", "coordinates": [ [ [ [ 2.295032069299387, 48.87377317675093 ], [ 2.29790844777493, 48.877745383292392 ], [ 2.29842793923117, 48.877644105539886 ], [ 2.298745885791634, 48.877625283640221 ], [ 2.300140622029627, 48.877227843642729 ], [ 2.304375818509014, 48.87537290855645 ], [ 2.305229787641235, 48.87503162186097 ], [ 2.305479841578351, 48.874888279044441 ], [ 2.29590385159428, 48.873831369004776 ], [ 2.295831483384342, 48.873536858219659 ], [ 2.295032069299387, 48.87377317675093 ] ] ] ] } },
{ "type": "Feature", "properties": { "code_iris": "751083002", "nom_iris": "Faubourg du Roule 2", "type_iris": "H", "arr": "8e", "n": 104, "prix_med": 187.0, "pct_multi": 54.8, "pct_entire": 95.2, "ratio_lh": 1.3 }, "geometry": { "type": "MultiPolygon", "coordinates": [ [ [ [ 2.29790844777493, 48.877745383292392 ], [ 2.29815486307795, 48.878076885672535 ], [ 2.300837245802401, 48.878658265589429 ], [ 2.303141823521401, 48.879150150424032 ], [ 2.305141532790596, 48.878069977799257 ], [ 2.305182666865955, 48.877950604553668 ], [ 2.305373529654847, 48.877952611514417 ], [ 2.306660268334812, 48.877368306125298 ], [ 2.307934033117392, 48.876321651396353 ], [ 2.309198637543142, 48.875036604390701 ], [ 2.305643307046338, 48.874899120093822 ], [ 2.305479841578351, 48.874888279044441 ], [ 2.305229787641235, 48.87503162186097 ], [ 2.304375818509014, 48.87537290855645 ], [ 2.300140622029627, 48.877227843642729 ], [ 2.298745885791634, 48.877625283640221 ], [ 2.29842793923117, 48.877644105539886 ], [ 2.29790844777493, 48.877745383292392 ] ] ] ] } },
{ "type": "Feature", "properties": { "code_iris": "751083201", "nom_iris": "Europe 1", "type_iris": "H", "arr": "8e", "n": 53, "prix_med": 164.0, "pct_multi": 67.9, "pct_entire": 90.6, "ratio_lh": 1.29 }, "geometry": { "type": "MultiPolygon", "coordinates": [ [ [ [ 2.320427261801884, 48.87465660248467 ], [ 2.319973798425609, 48.874718779733747 ], [ 2.319823751205422, 48.87461989922982 ], [ 2.319436336965455, 48.874531360661486 ], [ 2.31939728349362, 48.874807235888291 ], [ 2.319330351973698, 48.874816748055046 ], [ 2.319403583787788, 48.875264136088724 ], [ 2.319009710987573, 48.875564973322192 ], [ 2.316297353435521, 48.87778346887572 ], [ 2.318154463347347, 48.877884893860568 ], [ 2.319828382724574, 48.878232566910079 ], [ 2.322235002454951, 48.878753441937604 ], [ 2.322649176402916, 48.878045310413526 ], [ 2.323944238531564, 48.87554437887654 ], [ 2.324216630223158, 48.875251833210591 ], [ 2.321586442859528, 48.875053490854036 ], [ 2.320461914600719, 48.874926601033124 ], [ 2.320352188117462, 48.87476769436114 ], [ 2.320427261801884, 48.87465660248467 ] ] ] ] } },
{ "type": "Feature", "properties": { "code_iris": "751083202", "nom_iris": "Europe 2", "type_iris": "H", "arr": "8e", "n": 43, "prix_med": 200.0, "pct_multi": 44.2, "pct_entire": 90.7, "ratio_lh": 1.1 }, "geometry": { "type": "MultiPolygon", "coordinates": [ [ [ [ 2.310441233962838, 48.877571811176921 ], [ 2.310691244692598, 48.877534579475629 ], [ 2.316297353435521, 48.87778346887572 ], [ 2.319009710987573, 48.875564973322192 ], [ 2.31876091431978, 48.875614820028389 ], [ 2.318350963280148, 48.875581009482325 ], [ 2.316351883419489, 48.875395137604066 ], [ 2.315791681613924, 48.875278620197058 ], [ 2.314506148170518, 48.875679565658196 ], [ 2.310441233962838, 48.877571811176921 ] ] ] ] } },
{ "type": "Feature", "properties": { "code_iris": "751083203", "nom_iris": "Europe 3", "type_iris": "H", "arr": "8e", "n": 36, "prix_med": 205.5, "pct_multi": 41.7, "pct_entire": 86.1, "ratio_lh": 1.03 }, "geometry": { "type": "MultiPolygon", "coordinates": [ [ [ [ 2.303141823521401, 48.879150150424032 ], [ 2.308778523051354, 48.880392436220518 ], [ 2.312550891398833, 48.880851234377381 ], [ 2.316297353435521, 48.87778346887572 ], [ 2.310691244692598, 48.877534579475629 ], [ 2.310441233962838, 48.877571811176921 ], [ 2.310099799351292, 48.877511386991472 ], [ 2.306660268334812, 48.877368306125298 ], [ 2.305373529654847, 48.877952611514417 ], [ 2.305182666865955, 48.877950604553668 ], [ 2.305141532790596, 48.878069977799257 ], [ 2.303141823521401, 48.879150150424032 ] ] ] ] } },
{ "type": "Feature", "properties": { "code_iris": "751083204", "nom_iris": "Europe 4", "type_iris": "H", "arr": "8e", "n": 44, "prix_med": 279.5, "pct_multi": 45.5, "pct_entire": 93.2, "ratio_lh": 1.16 }, "geometry": { "type": "MultiPolygon", "coordinates": [ [ [ [ 2.312550891398833, 48.880851234377381 ], [ 2.316479725210513, 48.881341383876773 ], [ 2.318234212021124, 48.879500556340957 ], [ 2.319828382724574, 48.878232566910079 ], [ 2.318154463347347, 48.877884893860568 ], [ 2.316297353435521, 48.87778346887572 ], [ 2.312550891398833, 48.880851234377381 ] ] ] ] } },
{ "type": "Feature", "properties": { "code_iris": "751083205", "nom_iris": "Europe 5", "type_iris": "H", "arr": "8e", "n": 64, "prix_med": 190.5, "pct_multi": 37.5, "pct_entire": 90.6, "ratio_lh": 1.1 }, "geometry": { "type": "MultiPolygon", "coordinates": [ [ [ [ 2.316479725210513, 48.881341383876773 ], [ 2.32044880312552, 48.882096935646764 ], [ 2.322235002454951, 48.878753441937604 ], [ 2.319828382724574, 48.878232566910079 ], [ 2.318234212021124, 48.879500556340957 ], [ 2.316479725210513, 48.881341383876773 ] ] ] ] } },
{ "type": "Feature", "properties": { "code_iris": "751083206", "nom_iris": "Europe 6", "type_iris": "H", "arr": "8e", "n": 87, "prix_med": 185.0, "pct_multi": 36.8, "pct_entire": 81.6, "ratio_lh": 1.16 }, "geometry": { "type": "MultiPolygon", "coordinates": [ [ [ [ 2.32044880312552, 48.882096935646764 ], [ 2.320493681357567, 48.882106183703257 ], [ 2.324273217775089, 48.882870424253397 ], [ 2.324768972188438, 48.880708526032443 ], [ 2.324932180557051, 48.880635701029938 ], [ 2.324922240780162, 48.880455778122851 ], [ 2.325500631334763, 48.879384333162008 ], [ 2.323501768733678, 48.87906368317762 ], [ 2.323454968430309, 48.879097593459782 ], [ 2.323322646194269, 48.879102241612543 ], [ 2.323217327490231, 48.879022504726983 ], [ 2.322298415945034, 48.878805063087441 ], [ 2.322235002454951, 48.878753441937604 ], [ 2.32044880312552, 48.882096935646764 ] ] ] ] } },
{ "type": "Feature", "properties": { "code_iris": "751083207", "nom_iris": "Europe 7", "type_iris": "H", "arr": "8e", "n": 72, "prix_med": 197.0, "pct_multi": 45.8, "pct_entire": 94.4, "ratio_lh": 1.31 }, "geometry": { "type": "MultiPolygon", "coordinates": [ [ [ [ 2.324273217775089, 48.882870424253397 ], [ 2.326846459419327, 48.883391243883025 ], [ 2.327164725373034, 48.883455086782497 ], [ 2.327009342363597, 48.879650933071765 ], [ 2.326894604275168, 48.879666476042367 ], [ 2.326656630228852, 48.87961657372206 ], [ 2.326565989209845, 48.879561204451107 ], [ 2.325500631334763, 48.879384333162008 ], [ 2.324922240780162, 48.880455778122851 ], [ 2.324932180557051, 48.880635701029938 ], [ 2.324768972188438, 48.880708526032443 ], [ 2.324273217775089, 48.882870424253397 ] ] ] ] } },
{ "type": "Feature", "properties": { "code_iris": "751093301", "nom_iris": "Saint-Georges 1", "type_iris": "H", "arr": "9e", "n": 92, "prix_med": 304.0, "pct_multi": 60.9, "pct_entire": 76.1, "ratio_lh": 1.51 }, "geometry": { "type": "MultiPolygon", "coordinates": [ [ [ [ 2.337322572266892, 48.880016936158761 ], [ 2.340030432239695, 48.879382575593652 ], [ 2.339841571125351, 48.878899491270552 ], [ 2.3392441529549, 48.876765670453359 ], [ 2.339088757525873, 48.876870034936331 ], [ 2.33761141446188, 48.878319692351553 ], [ 2.33743127329847, 48.878332185501449 ], [ 2.337401829458697, 48.878395875313856 ], [ 2.337452758059866, 48.878465405965017 ], [ 2.337004727377976, 48.878849639452305 ], [ 2.336836546602751, 48.878993500781384 ], [ 2.337322572266892, 48.880016936158761 ] ] ] ] } },
{ "type": "Feature", "properties": { "code_iris": "751093302", "nom_iris": "Saint-Georges 2", "type_iris": "H", "arr": "9e", "n": 84, "prix_med": 194.0, "pct_multi": 39.3, "pct_entire": 91.7, "ratio_lh": 1.11 }, "geometry": { "type": "MultiPolygon", "coordinates": [ [ [ [ 2.335444774564567, 48.876826478607569 ], [ 2.334196248382113, 48.876901380690114 ], [ 2.334347193916698, 48.87799940992992 ], [ 2.334517433643311, 48.878655072418404 ], [ 2.334798448690135, 48.879285269126747 ], [ 2.337004727377976, 48.878849639452305 ], [ 2.337452758059866, 48.878465405965017 ], [ 2.337401829458697, 48.878395875313856 ], [ 2.33743127329847, 48.878332185501449 ], [ 2.33761141446188, 48.878319692351553 ], [ 2.339088757525873, 48.876870034936331 ], [ 2.3392441529549, 48.876765670453359 ], [ 2.338296869279738, 48.87684767364955 ], [ 2.337064590192991, 48.876717646785487 ], [ 2.336669180366611, 48.876718154424609 ], [ 2.335444774564567, 48.876826478607569 ] ] ] ] } },
{ "type": "Feature", "properties": { "code_iris": "751093303", "nom_iris": "Saint-Georges 3", "type_iris": "H", "arr": "9e", "n": 63, "prix_med": 200.0, "pct_multi": 39.7, "pct_entire": 85.7, "ratio_lh": 1.19 }, "geometry": { "type": "MultiPolygon", "coordinates": [ [ [ [ 2.334798448690135, 48.879285269126747 ], [ 2.334517433643311, 48.878655072418404 ], [ 2.334347193916698, 48.87799940992992 ], [ 2.334196248382113, 48.876901380690114 ], [ 2.332870486189496, 48.87683194552708 ], [ 2.33231989081264, 48.876706566081069 ], [ 2.332344100089861, 48.87683890359358 ], [ 2.331428002040406, 48.879163969678245 ], [ 2.331410603085138, 48.880413047829549 ], [ 2.331455461221692, 48.8806363330906 ], [ 2.333085496121794, 48.880378322470378 ], [ 2.332804795443196, 48.879724741347104 ], [ 2.334798448690135, 48.879285269126747 ] ] ] ] } },
{ "type": "Feature", "properties": { "code_iris": "751093304", "nom_iris": "Saint-Georges 4", "type_iris": "H", "arr": "9e", "n": 59, "prix_med": 206.0, "pct_multi": 40.7, "pct_entire": 86.4, "ratio_lh": 1.18 }, "geometry": { "type": "MultiPolygon", "coordinates": [ [ [ [ 2.33162836870543, 48.881506953743852 ], [ 2.331455461221692, 48.8806363330906 ], [ 2.331410603085138, 48.880413047829549 ], [ 2.331428002040406, 48.879163969678245 ], [ 2.332344100089861, 48.87683890359358 ], [ 2.33231989081264, 48.876706566081069 ], [ 2.331981356987917, 48.876524810073427 ], [ 2.331784443110096, 48.876463455492846 ], [ 2.331323755700404, 48.876450990351671 ], [ 2.330945020229402, 48.8765334118807 ], [ 2.330352282848558, 48.877777477388783 ], [ 2.329348897696476, 48.879354690901565 ], [ 2.328262701850954, 48.881744426796786 ], [ 2.328862553595927, 48.882177672000495 ], [ 2.33162836870543, 48.881506953743852 ] ] ] ] } },
{ "type": "Feature", "properties": { "code_iris": "751093305", "nom_iris": "Saint-Georges 5", "type_iris": "H", "arr": "9e", "n": 114, "prix_med": 204.0, "pct_multi": 67.5, "pct_entire": 82.5, "ratio_lh": 1.63 }, "geometry": { "type": "MultiPolygon", "coordinates": [ [ [ [ 2.327164725373034, 48.883455086782497 ], [ 2.327423135703934, 48.883507800617409 ], [ 2.32754768906134, 48.883366405840981 ], [ 2.328262701850954, 48.881744426796786 ], [ 2.329348897696476, 48.879354690901565 ], [ 2.330352282848558, 48.877777477388783 ], [ 2.330945020229402, 48.8765334118807 ], [ 2.326964471590538, 48.877847513019759 ], [ 2.327009342363597, 48.879650933071765 ], [ 2.327164725373034, 48.883455086782497 ] ] ] ] } },
{ "type": "Feature", "properties": { "code_iris": "751093306", "nom_iris": "Saint-Georges 6", "type_iris": "H", "arr": "9e", "n": 87, "prix_med": 200.0, "pct_multi": 48.3, "pct_entire": 79.3, "ratio_lh": 1.26 }, "geometry": { "type": "MultiPolygon", "coordinates": [ [ [ [ 2.327423135703934, 48.883507800617409 ], [ 2.328121477639861, 48.883706876529409 ], [ 2.329540571639999, 48.884589880699714 ], [ 2.329637790197905, 48.88455894849659 ], [ 2.332303072703811, 48.883867867243666 ], [ 2.332254593167777, 48.883713811283052 ], [ 2.332404476312233, 48.883616620042098 ], [ 2.332056441468493, 48.882789991971762 ], [ 2.331697519469299, 48.881856280864206 ], [ 2.33162836870543, 48.881506953743852 ], [ 2.328862553595927, 48.882177672000495 ], [ 2.328262701850954, 48.881744426796786 ], [ 2.32754768906134, 48.883366405840981 ], [ 2.327423135703934, 48.883507800617409 ] ] ] ] } },
{ "type": "Feature", "properties": { "code_iris": "751093307", "nom_iris": "Saint-Georges 7", "type_iris": "H", "arr": "9e", "n": 115, "prix_med": 168.0, "pct_multi": 28.7, "pct_entire": 87.8, "ratio_lh": 1.1 }, "geometry": { "type": "MultiPolygon", "coordinates": [ [ [ [ 2.332056441468493, 48.882789991971762 ], [ 2.336163312001624, 48.881212922098264 ], [ 2.335730553870706, 48.880931728554636 ], [ 2.334968179295068, 48.879661234472636 ], [ 2.334798448690135, 48.879285269126747 ], [ 2.332804795443196, 48.879724741347104 ], [ 2.333085496121794, 48.880378322470378 ], [ 2.331455461221692, 48.8806363330906 ], [ 2.33162836870543, 48.881506953743852 ], [ 2.331697519469299, 48.881856280864206 ], [ 2.332056441468493, 48.882789991971762 ] ] ] ] } },
{ "type": "Feature", "properties": { "code_iris": "751093308", "nom_iris": "Saint-Georges 8", "type_iris": "H", "arr": "9e", "n": 97, "prix_med": 150.0, "pct_multi": 41.2, "pct_entire": 90.7, "ratio_lh": 1.15 }, "geometry": { "type": "MultiPolygon", "coordinates": [ [ [ [ 2.332303072703811, 48.883867867243666 ], [ 2.33274232791497, 48.883748906415946 ], [ 2.336109461079046, 48.882763071918696 ], [ 2.337773141701889, 48.882328915321189 ], [ 2.337528460428007, 48.882054164819202 ], [ 2.337409170065509, 48.881998645437193 ], [ 2.337211542390125, 48.881991256205055 ], [ 2.336163312001624, 48.881212922098264 ], [ 2.332056441468493, 48.882789991971762 ], [ 2.332404476312233, 48.883616620042098 ], [ 2.332254593167777, 48.883713811283052 ], [ 2.332303072703811, 48.883867867243666 ] ] ] ] } },
{ "type": "Feature", "properties": { "code_iris": "751093309", "nom_iris": "Saint-Georges 9", "type_iris": "H", "arr": "9e", "n": 65, "prix_med": 178.0, "pct_multi": 47.7, "pct_entire": 87.7, "ratio_lh": 1.3 }, "geometry": { "type": "MultiPolygon", "coordinates": [ [ [ [ 2.337004727377976, 48.878849639452305 ], [ 2.334798448690135, 48.879285269126747 ], [ 2.334968179295068, 48.879661234472636 ], [ 2.335730553870706, 48.880931728554636 ], [ 2.336163312001624, 48.881212922098264 ], [ 2.337211542390125, 48.881991256205055 ], [ 2.337748850120729, 48.88091503077171 ], [ 2.337322572266892, 48.880016936158761 ], [ 2.336836546602751, 48.878993500781384 ], [ 2.337004727377976, 48.878849639452305 ] ] ] ] } },
{ "type": "Feature", "properties": { "code_iris": "751093310", "nom_iris": "Saint-Georges 10", "type_iris": "H", "arr": "9e", "n": 95, "prix_med": 144.0, "pct_multi": 41.1, "pct_entire": 86.3, "ratio_lh": 1.19 }, "geometry": { "type": "MultiPolygon", "coordinates": [ [ [ [ 2.337773141701889, 48.882328915321189 ], [ 2.337800457656781, 48.882325469084364 ], [ 2.339550582183016, 48.88206173956511 ], [ 2.339677883166918, 48.881915850684756 ], [ 2.340229594150713, 48.880774941823589 ], [ 2.340448225981834, 48.880415514057084 ], [ 2.34024972197025, 48.87993957241423 ], [ 2.340030432239695, 48.879382575593652 ], [ 2.337322572266892, 48.880016936158761 ], [ 2.337748850120729, 48.88091503077171 ], [ 2.337211542390125, 48.881991256205055 ], [ 2.337409170065509, 48.881998645437193 ], [ 2.337528460428007, 48.882054164819202 ], [ 2.337773141701889, 48.882328915321189 ] ] ] ] } },
{ "type": "Feature", "properties": { "code_iris": "751093501", "nom_iris": "Faubourg Montmartre 1", "type_iris": "H", "arr": "9e", "n": 149, "prix_med": 250.0, "pct_multi": 63.1, "pct_entire": 77.2, "ratio_lh": 1.42 }, "geometry": { "type": "MultiPolygon", "coordinates": [ [ [ [ 2.347901065991873, 48.874018902514081 ], [ 2.347883600185226, 48.872473744595602 ], [ 2.347918228212595, 48.870687845186424 ], [ 2.346736617803734, 48.87087565961599 ], [ 2.343050733348993, 48.871485024609157 ], [ 2.343195488538107, 48.872114457427315 ], [ 2.343173405342586, 48.8726764232444 ], [ 2.342885761161112, 48.873539108950915 ], [ 2.342420045613149, 48.874034784792755 ], [ 2.347901065991873, 48.874018902514081 ] ] ] ] } },
{ "type": "Feature", "properties": { "code_iris": "751093502", "nom_iris": "Faubourg Montmartre 2", "type_iris": "H", "arr": "9e", "n": 101, "prix_med": 207.0, "pct_multi": 59.4, "pct_entire": 83.2, "ratio_lh": 1.33 }, "geometry": { "type": "MultiPolygon", "coordinates": [ [ [ [ 2.341297384443435, 48.876561145304187 ], [ 2.342475963615163, 48.876517261821924 ], [ 2.344345027656415, 48.876535607377612 ], [ 2.343716350013831, 48.875896331864396 ], [ 2.34232513803263, 48.874100814395057 ], [ 2.342420045613149, 48.874034784792755 ], [ 2.338078921927349, 48.874149356644459 ], [ 2.338748368957355, 48.875973315549963 ], [ 2.339054043433574, 48.875952520245029 ], [ 2.339333376289233, 48.876718498091151 ], [ 2.339447276857672, 48.876660669798639 ], [ 2.341297384443435, 48.876561145304187 ] ] ] ] } },
{ "type": "Feature", "properties": { "code_iris": "751093503", "nom_iris": "Faubourg Montmartre 3", "type_iris": "H", "arr": "9e", "n": 151, "prix_med": 180.0, "pct_multi": 37.1, "pct_entire": 90.1, "ratio_lh": 1.11 }, "geometry": { "type": "MultiPolygon", "coordinates": [ [ [ [ 2.348666116138795, 48.876620350955129 ], [ 2.348226627388438, 48.8757851741452 ], [ 2.347901065991873, 48.874018902514081 ], [ 2.342420045613149, 48.874034784792755 ], [ 2.34232513803263, 48.874100814395057 ], [ 2.343716350013831, 48.875896331864396 ], [ 2.344345027656415, 48.876535607377612 ], [ 2.346113046254506, 48.876565962546699 ], [ 2.346171470209418, 48.876473650098767 ], [ 2.347291451837626, 48.876753159911978 ], [ 2.347392397357358, 48.876640394019304 ], [ 2.347478627239634, 48.876613884016663 ], [ 2.348666116138795, 48.876620350955129 ] ] ] ] } },
{ "type": "Feature", "properties": { "code_iris": "751093601", "nom_iris": "Rochechouart 1", "type_iris": "H", "arr": "9e", "n": 76, "prix_med": 165.0, "pct_multi": 27.6, "pct_entire": 93.4, "ratio_lh": 1.03 }, "geometry": { "type": "MultiPolygon", "coordinates": [ [ [ [ 2.34909503783491, 48.877429387286014 ], [ 2.348995549228066, 48.877207609981049 ], [ 2.348666116138795, 48.876620350955129 ], [ 2.347478627239634, 48.876613884016663 ], [ 2.347392397357358, 48.876640394019304 ], [ 2.347291451837626, 48.876753159911978 ], [ 2.346171470209418, 48.876473650098767 ], [ 2.346113046254506, 48.876565962546699 ], [ 2.344345027656415, 48.876535607377612 ], [ 2.345008348839841, 48.878324418370937 ], [ 2.345313621251594, 48.878770359200125 ], [ 2.345964494553653, 48.878623728121553 ], [ 2.347294431719909, 48.879017699985198 ], [ 2.346846497318009, 48.877877599557635 ], [ 2.34909503783491, 48.877429387286014 ] ] ] ] } },
{ "type": "Feature", "properties": { "code_iris": "751093602", "nom_iris": "Rochechouart 2", "type_iris": "H", "arr": "9e", "n": 91, "prix_med": 140.0, "pct_multi": 44.0, "pct_entire": 79.1, "ratio_lh": 1.28 }, "geometry": { "type": "MultiPolygon", "coordinates": [ [ [ [ 2.341909896317751, 48.876859496221144 ], [ 2.342221574302251, 48.877011398258993 ], [ 2.342412940707686, 48.877729219770131 ], [ 2.343220081108162, 48.879246330859857 ], [ 2.345313621251594, 48.878770359200125 ], [ 2.345008348839841, 48.878324418370937 ], [ 2.344345027656415, 48.876535607377612 ], [ 2.342475963615163, 48.876517261821924 ], [ 2.341297384443435, 48.876561145304187 ], [ 2.341909896317751, 48.876859496221144 ] ] ] ] } },
{ "type": "Feature", "properties": { "code_iris": "751093603", "nom_iris": "Rochechouart 3", "type_iris": "H", "arr": "9e", "n": 61, "prix_med": 130.0, "pct_multi": 34.4, "pct_entire": 95.1, "ratio_lh": 1.05 }, "geometry": { "type": "MultiPolygon", "coordinates": [ [ [ [ 2.343220081108162, 48.879246330859857 ], [ 2.342412940707686, 48.877729219770131 ], [ 2.342221574302251, 48.877011398258993 ], [ 2.341909896317751, 48.876859496221144 ], [ 2.34057074427762, 48.877093148914184 ], [ 2.34132644084698, 48.878791656127575 ], [ 2.34098814538413, 48.879234065341329 ], [ 2.341228977053831, 48.879705742300082 ], [ 2.343220081108162, 48.879246330859857 ] ] ] ] } },
{ "type": "Feature", "properties": { "code_iris": "751093604", "nom_iris": "Rochechouart 4", "type_iris": "H", "arr": "9e", "n": 66, "prix_med": 157.5, "pct_multi": 34.8, "pct_entire": 95.5, "ratio_lh": 1.1 }, "geometry": { "type": "MultiPolygon", "coordinates": [ [ [ [ 2.339333376289233, 48.876718498091151 ], [ 2.3392441529549, 48.876765670453359 ], [ 2.339841571125351, 48.878899491270552 ], [ 2.340030432239695, 48.879382575593652 ], [ 2.34024972197025, 48.87993957241423 ], [ 2.341228977053831, 48.879705742300082 ], [ 2.34098814538413, 48.879234065341329 ], [ 2.34132644084698, 48.878791656127575 ], [ 2.34057074427762, 48.877093148914184 ], [ 2.341909896317751, 48.876859496221144 ], [ 2.341297384443435, 48.876561145304187 ], [ 2.339447276857672, 48.876660669798639 ], [ 2.339333376289233, 48.876718498091151 ] ] ] ] } },
{ "type": "Feature", "properties": { "code_iris": "751093605", "nom_iris": "Rochechouart 5", "type_iris": "H", "arr": "9e", "n": 89, "prix_med": 175.0, "pct_multi": 42.7, "pct_entire": 98.9, "ratio_lh": 1.2 }, "geometry": { "type": "MultiPolygon", "coordinates": [ [ [ [ 2.34024972197025, 48.87993957241423 ], [ 2.340448225981834, 48.880415514057084 ], [ 2.343755111431963, 48.88017827607446 ], [ 2.345962245202235, 48.879671439265387 ], [ 2.345313621251594, 48.878770359200125 ], [ 2.343220081108162, 48.879246330859857 ], [ 2.341228977053831, 48.879705742300082 ], [ 2.34024972197025, 48.87993957241423 ] ] ] ] } },
{ "type": "Feature", "properties": { "code_iris": "751093606", "nom_iris": "Rochechouart 6", "type_iris": "H", "arr": "9e", "n": 65, "prix_med": 180.0, "pct_multi": 35.4, "pct_entire": 86.2, "ratio_lh": 1.07 }, "geometry": { "type": "MultiPolygon", "coordinates": [ [ [ [ 2.349530386371681, 48.879689980171953 ], [ 2.349252958934487, 48.878867381451016 ], [ 2.34909503783491, 48.877429387286014 ], [ 2.346846497318009, 48.877877599557635 ], [ 2.347294431719909, 48.879017699985198 ], [ 2.345964494553653, 48.878623728121553 ], [ 2.345313621251594, 48.878770359200125 ], [ 2.345962245202235, 48.879671439265387 ], [ 2.348712674963569, 48.879439117250868 ], [ 2.349530386371681, 48.879689980171953 ] ] ] ] } },
{ "type": "Feature", "properties": { "code_iris": "751093607", "nom_iris": "Rochechouart 7", "type_iris": "H", "arr": "9e", "n": 77, "prix_med": 154.0, "pct_multi": 42.9, "pct_entire": 87.0, "ratio_lh": 1.2 }, "geometry": { "type": "MultiPolygon", "coordinates": [ [ [ [ 2.349835975240238, 48.881097296134193 ], [ 2.349852552535392, 48.880643223677687 ], [ 2.349530386371681, 48.879689980171953 ], [ 2.348712674963569, 48.879439117250868 ], [ 2.345962245202235, 48.879671439265387 ], [ 2.346351496709719, 48.880489259871766 ], [ 2.34659694089027, 48.882010470181164 ], [ 2.349835975240238, 48.881097296134193 ] ] ] ] } },
{ "type": "Feature", "properties": { "code_iris": "751093608", "nom_iris": "Rochechouart 8", "type_iris": "H", "arr": "9e", "n": 102, "prix_med": 160.5, "pct_multi": 34.3, "pct_entire": 95.1, "ratio_lh": 1.07 }, "geometry": { "type": "MultiPolygon", "coordinates": [ [ [ [ 2.340448225981834, 48.880415514057084 ], [ 2.340229594150713, 48.880774941823589 ], [ 2.344442415487426, 48.881580503092415 ], [ 2.344462059048349, 48.881536543404522 ], [ 2.3450197897013, 48.881643019090205 ], [ 2.344997374338638, 48.881690561024172 ], [ 2.34659694089027, 48.882010470181164 ], [ 2.346351496709719, 48.880489259871766 ], [ 2.345962245202235, 48.879671439265387 ], [ 2.343755111431963, 48.88017827607446 ], [ 2.340448225981834, 48.880415514057084 ] ] ] ] } },
{ "type": "Feature", "properties": { "code_iris": "751093609", "nom_iris": "Rochechouart 9", "type_iris": "H", "arr": "9e", "n": 114, "prix_med": 175.5, "pct_multi": 30.7, "pct_entire": 90.4, "ratio_lh": 1.09 }, "geometry": { "type": "MultiPolygon", "coordinates": [ [ [ [ 2.339550582183016, 48.88206173956511 ], [ 2.33980196854301, 48.882023555476984 ], [ 2.34195931462228, 48.882444628201839 ], [ 2.346909326916857, 48.883414230779763 ], [ 2.346895040745081, 48.883139857212853 ], [ 2.34659694089027, 48.882010470181164 ], [ 2.344997374338638, 48.881690561024172 ], [ 2.3450197897013, 48.881643019090205 ], [ 2.344462059048349, 48.881536543404522 ], [ 2.344442415487426, 48.881580503092415 ], [ 2.340229594150713, 48.880774941823589 ], [ 2.339677883166918, 48.881915850684756 ], [ 2.339550582183016, 48.88206173956511 ] ] ] ] } },
{ "type": "Feature", "properties": { "code_iris": "751093610", "nom_iris": "Rochechouart 10", "type_iris": "H", "arr": "9e", "n": 78, "prix_med": 142.0, "pct_multi": 35.9, "pct_entire": 89.7, "ratio_lh": 1.08 }, "geometry": { "type": "MultiPolygon", "coordinates": [ [ [ [ 2.346909326916857, 48.883414230779763 ], [ 2.349464985893749, 48.883724922998049 ], [ 2.349600316361947, 48.88348014130127 ], [ 2.349835975240238, 48.881097296134193 ], [ 2.34659694089027, 48.882010470181164 ], [ 2.346895040745081, 48.883139857212853 ], [ 2.346909326916857, 48.883414230779763 ] ] ] ] } },
{ "type": "Feature", "properties": { "code_iris": "751103701", "nom_iris": "Saint-Vincent de Paul 1", "type_iris": "H", "arr": "10e", "n": 72, "prix_med": 117.0, "pct_multi": 26.4, "pct_entire": 90.3, "ratio_lh": 1.12 }, "geometry": { "type": "MultiPolygon", "coordinates": [ [ [ [ 2.367546742687418, 48.884183334006181 ], [ 2.36827567111368, 48.884122430718357 ], [ 2.368718249261116, 48.883947597603751 ], [ 2.365146153015036, 48.881097622588278 ], [ 2.364722017717484, 48.881326500546457 ], [ 2.364530528635915, 48.881486464337087 ], [ 2.363355980554886, 48.882085473062027 ], [ 2.363476233607797, 48.882176045398218 ], [ 2.366997431911758, 48.883826995358 ], [ 2.367231906251648, 48.883945147385553 ], [ 2.367546742687418, 48.884183334006181 ] ] ] ] } },
{ "type": "Feature", "properties": { "code_iris": "751103702", "nom_iris": "Saint-Vincent de Paul 2", "type_iris": "H", "arr": "10e", "n": 42, "prix_med": 126.5, "pct_multi": 26.2, "pct_entire": 83.3, "ratio_lh": 1.02 }, "geometry": { "type": "MultiPolygon", "coordinates": [ [ [ [ 2.363355980554886, 48.882085473062027 ], [ 2.364530528635915, 48.881486464337087 ], [ 2.364722017717484, 48.881326500546457 ], [ 2.365146153015036, 48.881097622588278 ], [ 2.362897221751404, 48.879235751970697 ], [ 2.362523952222605, 48.878985549328405 ], [ 2.362323078973102, 48.8789098349664 ], [ 2.362369694194268, 48.879223050778741 ], [ 2.362271468765045, 48.880006744656086 ], [ 2.362022701538582, 48.880612467643552 ], [ 2.361774535049148, 48.881947549608569 ], [ 2.361340826436205, 48.882065746957949 ], [ 2.361726760156753, 48.882619093970931 ], [ 2.361760602606402, 48.882750576428712 ], [ 2.361652348289712, 48.883016200644121 ], [ 2.363355980554886, 48.882085473062027 ] ] ] ] } },
{ "type": "Feature", "properties": { "code_iris": "751103703", "nom_iris": "Saint-Vincent de Paul 3", "type_iris": "H", "arr": "10e", "n": 75, "prix_med": 140.0, "pct_multi": 44.0, "pct_entire": 65.3, "ratio_lh": 1.27 }, "geometry": { "type": "MultiPolygon", "coordinates": [ [ [ [ 2.355983100943926, 48.879762638233608 ], [ 2.357207790070614, 48.879522803187832 ], [ 2.357597146978918, 48.879461939871156 ], [ 2.35867105205127, 48.879728503888188 ], [ 2.358720123582632, 48.879619048275977 ], [ 2.358571144921019, 48.878762085901201 ], [ 2.358313221212522, 48.877894646064014 ], [ 2.35755436482776, 48.87651909180444 ], [ 2.357505607809469, 48.876271513119647 ], [ 2.356242070376606, 48.876461679190392 ], [ 2.356100388014313, 48.876562541998823 ], [ 2.355865115783879, 48.876513611542265 ], [ 2.355675430595575, 48.876526980087384 ], [ 2.355018189793621, 48.877302264342767 ], [ 2.355239485844312, 48.877379000493939 ], [ 2.355396302735432, 48.877487765069318 ], [ 2.355925229021529, 48.879701172322854 ], [ 2.355983100943926, 48.879762638233608 ] ] ] ] } },
{ "type": "Feature", "properties": { "code_iris": "751103704", "nom_iris": "Saint-Vincent de Paul 4", "type_iris": "H", "arr": "10e", "n": 90, "prix_med": 187.5, "pct_multi": 36.7, "pct_entire": 90.0, "ratio_lh": 1.1 }, "geometry": { "type": "MultiPolygon", "coordinates": [ [ [ [ 2.353694420700493, 48.880255729053175 ], [ 2.354764455992748, 48.879953929412302 ], [ 2.355983100943926, 48.879762638233608 ], [ 2.355925229021529, 48.879701172322854 ], [ 2.355396302735432, 48.877487765069318 ], [ 2.355239485844312, 48.877379000493939 ], [ 2.355018189793621, 48.877302264342767 ], [ 2.355675430595575, 48.876526980087384 ], [ 2.351408855459954, 48.877101098002527 ], [ 2.351557842414144, 48.877619022368521 ], [ 2.35191793207603, 48.877718100391931 ], [ 2.351262710229496, 48.878106661051397 ], [ 2.35135995379258, 48.878290652054432 ], [ 2.351331957621503, 48.878348957044317 ], [ 2.351622966185114, 48.879397357253545 ], [ 2.352063388076111, 48.879506762316289 ], [ 2.352342415965058, 48.880423792286777 ], [ 2.352283026510916, 48.880484625546067 ], [ 2.352430191226313, 48.88049261631425 ], [ 2.353694420700493, 48.880255729053175 ] ] ] ] } },
{ "type": "Feature", "properties": { "code_iris": "751103705", "nom_iris": "Saint-Vincent de Paul 5", "type_iris": "H", "arr": "10e", "n": 82, "prix_med": 188.0, "pct_multi": 42.7, "pct_entire": 86.6, "ratio_lh": 1.15 }, "geometry": { "type": "MultiPolygon", "coordinates": [ [ [ [ 2.348995549228066, 48.877207609981049 ], [ 2.34909503783491, 48.877429387286014 ], [ 2.349252958934487, 48.878867381451016 ], [ 2.349530386371681, 48.879689980171953 ], [ 2.349852552535392, 48.880643223677687 ], [ 2.349835975240238, 48.881097296134193 ], [ 2.352169522072761, 48.880620709816149 ], [ 2.352287205339626, 48.880587171967498 ], [ 2.352323415990171, 48.880526213317147 ], [ 2.352283026510916, 48.880484625546067 ], [ 2.352342415965058, 48.880423792286777 ], [ 2.352063388076111, 48.879506762316289 ], [ 2.351622966185114, 48.879397357253545 ], [ 2.351331957621503, 48.878348957044317 ], [ 2.35135995379258, 48.878290652054432 ], [ 2.351262710229496, 48.878106661051397 ], [ 2.35191793207603, 48.877718100391931 ], [ 2.351557842414144, 48.877619022368521 ], [ 2.351408855459954, 48.877101098002527 ], [ 2.349544512178655, 48.877358084921795 ], [ 2.348995549228066, 48.877207609981049 ] ] ] ] } },
{ "type": "Feature", "properties": { "code_iris": "751103706", "nom_iris": "Saint-Vincent de Paul 6", "type_iris": "H", "arr": "10e", "n": 86, "prix_med": 204.0, "pct_multi": 46.5, "pct_entire": 77.9, "ratio_lh": 1.23 }, "geometry": { "type": "MultiPolygon", "coordinates": [ [ [ [ 2.349835975240238, 48.881097296134193 ], [ 2.349600316361947, 48.88348014130127 ], [ 2.349464985893749, 48.883724922998049 ], [ 2.351242871583771, 48.88385867732763 ], [ 2.351127302001508, 48.88218979432726 ], [ 2.351177172606257, 48.882127111471014 ], [ 2.354015059535257, 48.881778228554467 ], [ 2.354224971422981, 48.881784756972685 ], [ 2.354331706681674, 48.881864473727532 ], [ 2.354151046355446, 48.881148531357525 ], [ 2.353694420700493, 48.880255729053175 ], [ 2.352430191226313, 48.88049261631425 ], [ 2.352283026510916, 48.880484625546067 ], [ 2.352323415990171, 48.880526213317147 ], [ 2.352287205339626, 48.880587171967498 ], [ 2.352169522072761, 48.880620709816149 ], [ 2.349835975240238, 48.881097296134193 ] ] ] ] } },
{ "type": "Feature", "properties": { "code_iris": "751103707", "nom_iris": "Saint-Vincent de Paul 7", "type_iris": "H", "arr": "10e", "n": 62, "prix_med": 134.5, "pct_multi": 22.6, "pct_entire": 88.7, "ratio_lh": 1.02 }, "geometry": { "type": "MultiPolygon", "coordinates": [ [ [ [ 2.361726760156753, 48.882619093970931 ], [ 2.361340826436205, 48.882065746957949 ], [ 2.361774535049148, 48.881947549608569 ], [ 2.362022701538582, 48.880612467643552 ], [ 2.35867105205127, 48.879728503888188 ], [ 2.357597146978918, 48.879461939871156 ], [ 2.357207790070614, 48.879522803187832 ], [ 2.358185093672873, 48.881431930724752 ], [ 2.359041559167699, 48.882861057398962 ], [ 2.361726760156753, 48.882619093970931 ] ] ] ] } },
{ "type": "Feature", "properties": { "code_iris": "751103708", "nom_iris": "Saint-Vincent de Paul 8", "type_iris": "H", "arr": "10e", "n": 51, "prix_med": 123.0, "pct_multi": 15.7, "pct_entire": 82.4, "ratio_lh": 1.0 }, "geometry": { "type": "MultiPolygon", "coordinates": [ [ [ [ 2.359340232450158, 48.884409501023576 ], [ 2.361500301513613, 48.884406650660416 ], [ 2.361652348289712, 48.883016200644121 ], [ 2.361760602606402, 48.882750576428712 ], [ 2.361726760156753, 48.882619093970931 ], [ 2.359041559167699, 48.882861057398962 ], [ 2.359108418557588, 48.882968435482297 ], [ 2.359264727896314, 48.884007097345979 ], [ 2.359423006017881, 48.884221085042881 ], [ 2.359345706082686, 48.88429711432304 ], [ 2.359340232450158, 48.884409501023576 ] ] ] ] } },
{ "type": "Feature", "properties": { "code_iris": "751103709", "nom_iris": "Saint-Vincent de Paul 9", "type_iris": "H", "arr": "10e", "n": 60, "prix_med": 105.5, "pct_multi": 26.7, "pct_entire": 88.3, "ratio_lh": 1.03 }, "geometry": { "type": "MultiPolygon", "coordinates": [ [ [ [ 2.361500301513613, 48.884406650660416 ], [ 2.364713572113417, 48.884366186579925 ], [ 2.367546742687418, 48.884183334006181 ], [ 2.367231906251648, 48.883945147385553 ], [ 2.366997431911758, 48.883826995358 ], [ 2.363476233607797, 48.882176045398218 ], [ 2.363355980554886, 48.882085473062027 ], [ 2.361652348289712, 48.883016200644121 ], [ 2.361500301513613, 48.884406650660416 ] ] ] ] } },
{ "type": "Feature", "properties": { "code_iris": "751103801", "nom_iris": "Porte Saint-Denis 1", "type_iris": "H", "arr": "10e", "n": 70, "prix_med": 143.0, "pct_multi": 42.9, "pct_entire": 88.6, "ratio_lh": 1.08 }, "geometry": { "type": "MultiPolygon", "coordinates": [ [ [ [ 2.35729874083073, 48.874915104424815 ], [ 2.357146086163084, 48.874690350080968 ], [ 2.356921750111235, 48.87463968163582 ], [ 2.357087521212047, 48.874574920539402 ], [ 2.357124210450315, 48.874474391936147 ], [ 2.355905648706567, 48.872243780515767 ], [ 2.354557414017715, 48.872785114362607 ], [ 2.354396114240612, 48.872819318678239 ], [ 2.356247439355908, 48.875696374012165 ], [ 2.35604784271356, 48.875849986134163 ], [ 2.356200455489989, 48.87596772055781 ], [ 2.355960586568175, 48.87618047201515 ], [ 2.355675430595575, 48.876526980087384 ], [ 2.355865115783879, 48.876513611542265 ], [ 2.356100388014313, 48.876562541998823 ], [ 2.356242070376606, 48.876461679190392 ], [ 2.357505607809469, 48.876271513119647 ], [ 2.35786625420636, 48.876214991457417 ], [ 2.357485202610192, 48.875162523372907 ], [ 2.35729874083073, 48.874915104424815 ] ] ] ] } },
{ "type": "Feature", "properties": { "code_iris": "751103802", "nom_iris": "Porte Saint-Denis 2", "type_iris": "H", "arr": "10e", "n": 74, "prix_med": 167.5, "pct_multi": 50.0, "pct_entire": 97.3, "ratio_lh": 1.12 }, "geometry": { "type": "MultiPolygon", "coordinates": [ [ [ [ 2.35425267163513, 48.869323712708123 ], [ 2.352661345726701, 48.869684745845525 ], [ 2.352641244160752, 48.869766477111149 ], [ 2.353638498974924, 48.871577740507171 ], [ 2.354396114240612, 48.872819318678239 ], [ 2.354557414017715, 48.872785114362607 ], [ 2.355905648706567, 48.872243780515767 ], [ 2.35425267163513, 48.869323712708123 ] ] ] ] } },
{ "type": "Feature", "properties": { "code_iris": "751103803", "nom_iris": "Porte Saint-Denis 3", "type_iris": "H", "arr": "10e", "n": 202, "prix_med": 161.0, "pct_multi": 51.5, "pct_entire": 90.1, "ratio_lh": 1.25 }, "geometry": { "type": "MultiPolygon", "coordinates": [ [ [ [ 2.352661345726701, 48.869684745845525 ], [ 2.352047532032926, 48.869821721694478 ], [ 2.347918228212595, 48.870687845186424 ], [ 2.347883600185226, 48.872473744595602 ], [ 2.353638498974924, 48.871577740507171 ], [ 2.352641244160752, 48.869766477111149 ], [ 2.352661345726701, 48.869684745845525 ] ] ] ] } },
{ "type": "Feature", "properties": { "code_iris": "751103804", "nom_iris": "Porte Saint-Denis 4", "type_iris": "H", "arr": "10e", "n": 163, "prix_med": 167.0, "pct_multi": 43.6, "pct_entire": 86.5, "ratio_lh": 1.19 }, "geometry": { "type": "MultiPolygon", "coordinates": [ [ [ [ 2.347883600185226, 48.872473744595602 ], [ 2.347901065991873, 48.874018902514081 ], [ 2.350506276296961, 48.87381812472654 ], [ 2.351563142024459, 48.873688953879423 ], [ 2.352029320501816, 48.873587155152627 ], [ 2.354107629153282, 48.872885212726871 ], [ 2.354396114240612, 48.872819318678239 ], [ 2.353638498974924, 48.871577740507171 ], [ 2.347883600185226, 48.872473744595602 ] ] ] ] } },
{ "type": "Feature", "properties": { "code_iris": "751103805", "nom_iris": "Porte Saint-Denis 5", "type_iris": "H", "arr": "10e", "n": 87, "prix_med": 208.0, "pct_multi": 39.1, "pct_entire": 96.6, "ratio_lh": 1.09 }, "geometry": { "type": "MultiPolygon", "coordinates": [ [ [ [ 2.347901065991873, 48.874018902514081 ], [ 2.348226627388438, 48.8757851741452 ], [ 2.348666116138795, 48.876620350955129 ], [ 2.348995549228066, 48.877207609981049 ], [ 2.349544512178655, 48.877358084921795 ], [ 2.351408855459954, 48.877101098002527 ], [ 2.350506276296961, 48.87381812472654 ], [ 2.347901065991873, 48.874018902514081 ] ] ] ] } },
{ "type": "Feature", "properties": { "code_iris": "751103806", "nom_iris": "Porte Saint-Denis 6", "type_iris": "H", "arr": "10e", "n": 161, "prix_med": 171.0, "pct_multi": 32.9, "pct_entire": 88.8, "ratio_lh": 1.07 }, "geometry": { "type": "MultiPolygon", "coordinates": [ [ [ [ 2.354396114240612, 48.872819318678239 ], [ 2.354107629153282, 48.872885212726871 ], [ 2.352029320501816, 48.873587155152627 ], [ 2.351563142024459, 48.873688953879423 ], [ 2.350506276296961, 48.87381812472654 ], [ 2.351408855459954, 48.877101098002527 ], [ 2.355675430595575, 48.876526980087384 ], [ 2.355960586568175, 48.87618047201515 ], [ 2.356200455489989, 48.87596772055781 ], [ 2.35604784271356, 48.875849986134163 ], [ 2.356247439355908, 48.875696374012165 ], [ 2.354396114240612, 48.872819318678239 ] ] ] ] } },
{ "type": "Feature", "properties": { "code_iris": "751103901", "nom_iris": "Porte Saint-Martin 1", "type_iris": "H", "arr": "10e", "n": 62, "prix_med": 135.5, "pct_multi": 35.5, "pct_entire": 95.2, "ratio_lh": 1.02 }, "geometry": { "type": "MultiPolygon", "coordinates": [ [ [ [ 2.369358394801617, 48.869485196131386 ], [ 2.367835860204891, 48.868904285209574 ], [ 2.367610590375759, 48.868819456609302 ], [ 2.365941513214639, 48.870985228345276 ], [ 2.367915850728346, 48.871749315564522 ], [ 2.369358394801617, 48.869485196131386 ] ] ] ] } },
{ "type": "Feature", "properties": { "code_iris": "751103902", "nom_iris": "Porte Saint-Martin 2", "type_iris": "H", "arr": "10e", "n": 74, "prix_med": 186.5, "pct_multi": 35.1, "pct_entire": 91.9, "ratio_lh": 1.09 }, "geometry": { "type": "MultiPolygon", "coordinates": [ [ [ [ 2.367064435257618, 48.868665480641553 ], [ 2.365419787037786, 48.868153141703367 ], [ 2.364379719953637, 48.869152185945829 ], [ 2.362852153883509, 48.871105522912309 ], [ 2.362573626334262, 48.871250632136054 ], [ 2.364514005192331, 48.871889586726596 ], [ 2.367064435257618, 48.868665480641553 ] ] ] ] } },
{ "type": "Feature", "properties": { "code_iris": "751103903", "nom_iris": "Porte Saint-Martin 3", "type_iris": "H", "arr": "10e", "n": 94, "prix_med": 176.0, "pct_multi": 42.6, "pct_entire": 84.0, "ratio_lh": 1.25 }, "geometry": { "type": "MultiPolygon", "coordinates": [ [ [ [ 2.365419787037786, 48.868153141703367 ], [ 2.364355998683669, 48.867744592206073 ], [ 2.363007879381323, 48.868516254150691 ], [ 2.361193015183021, 48.870548982472329 ], [ 2.361399398810129, 48.870839670866722 ], [ 2.362098900132801, 48.871497219818828 ], [ 2.362573626334262, 48.871250632136054 ], [ 2.362852153883509, 48.871105522912309 ], [ 2.364379719953637, 48.869152185945829 ], [ 2.365419787037786, 48.868153141703367 ] ] ] ] } },
{ "type": "Feature", "properties": { "code_iris": "751103904", "nom_iris": "Porte Saint-Martin 4", "type_iris": "H", "arr": "10e", "n": 137, "prix_med": 178.0, "pct_multi": 52.6, "pct_entire": 92.0, "ratio_lh": 1.28 }, "geometry": { "type": "MultiPolygon", "coordinates": [ [ [ [ 2.364355998683669, 48.867744592206073 ], [ 2.363872116727158, 48.867516286797745 ], [ 2.363290446814834, 48.867816271851481 ], [ 2.359086831752374, 48.868435066297167 ], [ 2.359232364533484, 48.868794682465897 ], [ 2.358422228560991, 48.86904575538356 ], [ 2.357696214103413, 48.869218132298926 ], [ 2.358772776773313, 48.870912864420397 ], [ 2.360026021256045, 48.87021718780089 ], [ 2.3608253595125, 48.870958017618875 ], [ 2.361193015183021, 48.870548982472329 ], [ 2.363007879381323, 48.868516254150691 ], [ 2.364355998683669, 48.867744592206073 ] ] ] ] } },
{ "type": "Feature", "properties": { "code_iris": "751103905", "nom_iris": "Porte Saint-Martin 5", "type_iris": "H", "arr": "10e", "n": 95, "prix_med": 171.0, "pct_multi": 32.6, "pct_entire": 89.5, "ratio_lh": 1.07 }, "geometry": { "type": "MultiPolygon", "coordinates": [ [ [ [ 2.359086831752374, 48.868435066297167 ], [ 2.355742901188442, 48.868978302426825 ], [ 2.355826567453077, 48.869157721544184 ], [ 2.355718883326315, 48.869266861501487 ], [ 2.357202716507911, 48.871758814926004 ], [ 2.358772776773313, 48.870912864420397 ], [ 2.357696214103413, 48.869218132298926 ], [ 2.358422228560991, 48.86904575538356 ], [ 2.359232364533484, 48.868794682465897 ], [ 2.359086831752374, 48.868435066297167 ] ] ] ] } },
{ "type": "Feature", "properties": { "code_iris": "751103906", "nom_iris": "Porte Saint-Martin 6", "type_iris": "H", "arr": "10e", "n": 122, "prix_med": 182.0, "pct_multi": 42.6, "pct_entire": 92.6, "ratio_lh": 1.16 }, "geometry": { "type": "MultiPolygon", "coordinates": [ [ [ [ 2.355742901188442, 48.868978302426825 ], [ 2.35425267163513, 48.869323712708123 ], [ 2.355905648706567, 48.872243780515767 ], [ 2.357124210450315, 48.874474391936147 ], [ 2.357087521212047, 48.874574920539402 ], [ 2.356921750111235, 48.87463968163582 ], [ 2.357146086163084, 48.874690350080968 ], [ 2.35729874083073, 48.874915104424815 ], [ 2.358324516207395, 48.873768557770788 ], [ 2.357202716507911, 48.871758814926004 ], [ 2.355718883326315, 48.869266861501487 ], [ 2.355826567453077, 48.869157721544184 ], [ 2.355742901188442, 48.868978302426825 ] ] ] ] } },
{ "type": "Feature", "properties": { "code_iris": "751103907", "nom_iris": "Porte Saint-Martin 7", "type_iris": "H", "arr": "10e", "n": 100, "prix_med": 146.0, "pct_multi": 34.0, "pct_entire": 95.0, "ratio_lh": 1.06 }, "geometry": { "type": "MultiPolygon", "coordinates": [ [ [ [ 2.358772776773313, 48.870912864420397 ], [ 2.357202716507911, 48.871758814926004 ], [ 2.358324516207395, 48.873768557770788 ], [ 2.358762779267228, 48.873275371719586 ], [ 2.3608253595125, 48.870958017618875 ], [ 2.360026021256045, 48.87021718780089 ], [ 2.358772776773313, 48.870912864420397 ] ] ] ] } },
{ "type": "Feature", "properties": { "code_iris": "751103908", "nom_iris": "Porte Saint-Martin 8", "type_iris": "H", "arr": "10e", "n": 130, "prix_med": 146.0, "pct_multi": 26.2, "pct_entire": 94.6, "ratio_lh": 1.02 }, "geometry": { "type": "MultiPolygon", "coordinates": [ [ [ [ 2.364514005192331, 48.871889586726596 ], [ 2.362573626334262, 48.871250632136054 ], [ 2.362098900132801, 48.871497219818828 ], [ 2.361399398810129, 48.870839670866722 ], [ 2.361193015183021, 48.870548982472329 ], [ 2.3608253595125, 48.870958017618875 ], [ 2.358762779267228, 48.873275371719586 ], [ 2.360806358749873, 48.873172985176339 ], [ 2.363344072465032, 48.873132549172055 ], [ 2.363550894477858, 48.873166025135404 ], [ 2.364514005192331, 48.871889586726596 ] ] ] ] } },
{ "type": "Feature", "properties": { "code_iris": "751103909", "nom_iris": "Porte Saint-Martin 9", "type_iris": "H", "arr": "10e", "n": 60, "prix_med": 127.0, "pct_multi": 30.0, "pct_entire": 93.3, "ratio_lh": 1.02 }, "geometry": { "type": "MultiPolygon", "coordinates": [ [ [ [ 2.365941513214639, 48.870985228345276 ], [ 2.363568710929424, 48.874051066780069 ], [ 2.364940407814287, 48.873704912811149 ], [ 2.36658422899427, 48.872729748520172 ], [ 2.366767098845458, 48.872490593135502 ], [ 2.367915850728346, 48.871749315564522 ], [ 2.365941513214639, 48.870985228345276 ] ] ] ] } },
{ "type": "Feature", "properties": { "code_iris": "751103910", "nom_iris": "Porte Saint-Martin 10", "type_iris": "H", "arr": "10e", "n": 116, "prix_med": 140.0, "pct_multi": 37.9, "pct_entire": 85.3, "ratio_lh": 1.15 }, "geometry": { "type": "MultiPolygon", "coordinates": [ [ [ [ 2.358762779267228, 48.873275371719586 ], [ 2.358324516207395, 48.873768557770788 ], [ 2.35729874083073, 48.874915104424815 ], [ 2.357485202610192, 48.875162523372907 ], [ 2.35786625420636, 48.876214991457417 ], [ 2.359522045044485, 48.875946866793207 ], [ 2.359219281070431, 48.875399350172465 ], [ 2.359605672477486, 48.875133415942706 ], [ 2.361407075180576, 48.87455037727473 ], [ 2.362883773804858, 48.874204806995166 ], [ 2.363044040047265, 48.873809052706839 ], [ 2.363550894477858, 48.873166025135404 ], [ 2.363344072465032, 48.873132549172055 ], [ 2.360806358749873, 48.873172985176339 ], [ 2.358762779267228, 48.873275371719586 ] ] ] ] } },
{ "type": "Feature", "properties": { "code_iris": "751104001", "nom_iris": "Hôpital Saint-Louis 1", "type_iris": "H", "arr": "10e", "n": 71, "prix_med": 110.0, "pct_multi": 21.1, "pct_entire": 87.3, "ratio_lh": 1.04 }, "geometry": { "type": "MultiPolygon", "coordinates": [ [ [ [ 2.37509243793508, 48.873677401573666 ], [ 2.376904765014236, 48.872048259443247 ], [ 2.375886726070379, 48.87167602636832 ], [ 2.374663502121221, 48.871248752427761 ], [ 2.372896637378593, 48.870570401510726 ], [ 2.371956110488844, 48.871802059324814 ], [ 2.372933053946734, 48.872075183609567 ], [ 2.374424863032743, 48.87284292856112 ], [ 2.3750178670539, 48.873642837516513 ], [ 2.37509243793508, 48.873677401573666 ] ] ] ] } },
{ "type": "Feature", "properties": { "code_iris": "751104002", "nom_iris": "Hôpital Saint-Louis 2", "type_iris": "H", "arr": "10e", "n": 69, "prix_med": 108.0, "pct_multi": 33.3, "pct_entire": 91.3, "ratio_lh": 1.13 }, "geometry": { "type": "MultiPolygon", "coordinates": [ [ [ [ 2.374534258323927, 48.874178113929403 ], [ 2.37509243793508, 48.873677401573666 ], [ 2.3750178670539, 48.873642837516513 ], [ 2.374424863032743, 48.87284292856112 ], [ 2.372933053946734, 48.872075183609567 ], [ 2.371956110488844, 48.871802059324814 ], [ 2.370600749757913, 48.873399356515023 ], [ 2.373186892614124, 48.87454608885367 ], [ 2.373369879361163, 48.874521865518581 ], [ 2.374006510433697, 48.874301262112155 ], [ 2.374140742902159, 48.874363118766439 ], [ 2.374534258323927, 48.874178113929403 ] ] ] ] } },
{ "type": "Feature", "properties": { "code_iris": "751104003", "nom_iris": "Hôpital Saint-Louis 3", "type_iris": "H", "arr": "10e", "n": 97, "prix_med": 133.0, "pct_multi": 24.7, "pct_entire": 93.8, "ratio_lh": 1.04 }, "geometry": { "type": "MultiPolygon", "coordinates": [ [ [ [ 2.372896637378593, 48.870570401510726 ], [ 2.371543710704607, 48.870163100171084 ], [ 2.371045328493689, 48.87000219880472 ], [ 2.369523432162596, 48.872068964476114 ], [ 2.369673939291909, 48.872249624512968 ], [ 2.370315630307815, 48.873752195276758 ], [ 2.370600749757913, 48.873399356515023 ], [ 2.371956110488844, 48.871802059324814 ], [ 2.372896637378593, 48.870570401510726 ] ] ] ] } },
{ "type": "Feature", "properties": { "code_iris": "751104004", "nom_iris": "Hôpital Saint-Louis 4", "type_iris": "H", "arr": "10e", "n": 52, "prix_med": 137.0, "pct_multi": 26.9, "pct_entire": 94.2, "ratio_lh": 1.02 }, "geometry": { "type": "MultiPolygon", "coordinates": [ [ [ [ 2.371045328493689, 48.87000219880472 ], [ 2.369358394801617, 48.869485196131386 ], [ 2.367915850728346, 48.871749315564522 ], [ 2.369523432162596, 48.872068964476114 ], [ 2.371045328493689, 48.87000219880472 ] ] ] ] } },
{ "type": "Feature", "properties": { "code_iris": "751104005", "nom_iris": "Hôpital Saint-Louis 5", "type_iris": "H", "arr": "10e", "n": 48, "prix_med": 109.0, "pct_multi": 20.8, "pct_entire": 97.9, "ratio_lh": 1.07 }, "geometry": { "type": "MultiPolygon", "coordinates": [ [ [ [ 2.373300707155034, 48.875285038265226 ], [ 2.374534258323927, 48.874178113929403 ], [ 2.374140742902159, 48.874363118766439 ], [ 2.374006510433697, 48.874301262112155 ], [ 2.373369879361163, 48.874521865518581 ], [ 2.373186892614124, 48.87454608885367 ], [ 2.370600749757913, 48.873399356515023 ], [ 2.370315630307815, 48.873752195276758 ], [ 2.370328293473015, 48.874058035938255 ], [ 2.370318304415444, 48.875222622011236 ], [ 2.371427311420273, 48.874838139335665 ], [ 2.372490184245429, 48.874660251488748 ], [ 2.373175302318366, 48.87528258300204 ], [ 2.373300707155034, 48.875285038265226 ] ] ] ] } },
{ "type": "Feature", "properties": { "code_iris": "751104006", "nom_iris": "Hôpital Saint-Louis 6", "type_iris": "H", "arr": "10e", "n": 80, "prix_med": 123.5, "pct_multi": 38.8, "pct_entire": 91.2, "ratio_lh": 1.16 }, "geometry": { "type": "MultiPolygon", "coordinates": [ [ [ [ 2.370575635491561, 48.877734014637767 ], [ 2.372341359986538, 48.876148768402814 ], [ 2.373300707155034, 48.875285038265226 ], [ 2.373175302318366, 48.87528258300204 ], [ 2.372490184245429, 48.874660251488748 ], [ 2.371427311420273, 48.874838139335665 ], [ 2.370318304415444, 48.875222622011236 ], [ 2.370328293473015, 48.874058035938255 ], [ 2.3700560834056, 48.874132147904106 ], [ 2.368540047514563, 48.87615215966737 ], [ 2.369906879654463, 48.877562321430794 ], [ 2.370066291358343, 48.87768457024881 ], [ 2.370388704563797, 48.877632306425447 ], [ 2.370575635491561, 48.877734014637767 ] ] ] ] } },
{ "type": "Feature", "properties": { "code_iris": "751104007", "nom_iris": "Hôpital Saint-Louis 7", "type_iris": "H", "arr": "10e", "n": 61, "prix_med": 135.0, "pct_multi": 26.2, "pct_entire": 95.1, "ratio_lh": 1.05 }, "geometry": { "type": "MultiPolygon", "coordinates": [ [ [ [ 2.370287299693743, 48.878463655217338 ], [ 2.370290292159464, 48.877990622369403 ], [ 2.370575635491561, 48.877734014637767 ], [ 2.370388704563797, 48.877632306425447 ], [ 2.370066291358343, 48.87768457024881 ], [ 2.369906879654463, 48.877562321430794 ], [ 2.368540047514563, 48.87615215966737 ], [ 2.367496908969274, 48.875375023879819 ], [ 2.364940407814287, 48.873704912811149 ], [ 2.363568710929424, 48.874051066780069 ], [ 2.363464640293878, 48.874422838440296 ], [ 2.363623512586339, 48.874810397397468 ], [ 2.365125917128676, 48.876493835159778 ], [ 2.36616440868004, 48.877763800697572 ], [ 2.366345821086678, 48.877646049155459 ], [ 2.366737716049669, 48.877598659564534 ], [ 2.36759920298462, 48.877730019510146 ], [ 2.367851090617975, 48.877984062295411 ], [ 2.368101738693612, 48.877890955688031 ], [ 2.36814444009706, 48.877967624327255 ], [ 2.368293868815913, 48.87801337954393 ], [ 2.368474372210645, 48.877970264609857 ], [ 2.368509514906253, 48.877883214757972 ], [ 2.369360330211489, 48.877883203149032 ], [ 2.369452069884059, 48.87785131042903 ], [ 2.369527832316282, 48.877900273400634 ], [ 2.369884444537364, 48.877951614246321 ], [ 2.369869769376923, 48.87815028939616 ], [ 2.369927474565631, 48.878339452828044 ], [ 2.370086823436324, 48.878467097179495 ], [ 2.370287299693743, 48.878463655217338 ] ] ] ] } },
{ "type": "Feature", "properties": { "code_iris": "751104008", "nom_iris": "Hôpital Saint-Louis 8", "type_iris": "H", "arr": "10e", "n": 103, "prix_med": 135.0, "pct_multi": 20.4, "pct_entire": 86.4, "ratio_lh": 1.05 }, "geometry": { "type": "MultiPolygon", "coordinates": [ [ [ [ 2.362852384078874, 48.874318855572305 ], [ 2.362883773804858, 48.874204806995166 ], [ 2.361407075180576, 48.87455037727473 ], [ 2.359605672477486, 48.875133415942706 ], [ 2.359219281070431, 48.875399350172465 ], [ 2.359522045044485, 48.875946866793207 ], [ 2.360302051376702, 48.875826030003687 ], [ 2.360376317433804, 48.87588488360398 ], [ 2.360559204081269, 48.876091808292976 ], [ 2.36191121753853, 48.878359947034774 ], [ 2.362323078973102, 48.8789098349664 ], [ 2.362523952222605, 48.878985549328405 ], [ 2.362897221751404, 48.879235751970697 ], [ 2.364449010179692, 48.878445393402401 ], [ 2.36540997531333, 48.877686957917717 ], [ 2.36310382420215, 48.875052252706816 ], [ 2.362824633087458, 48.874469796261643 ], [ 2.362852384078874, 48.874318855572305 ] ] ] ] } },
{ "type": "Feature", "properties": { "code_iris": "751104009", "nom_iris": "Hôpital Saint-Louis 9", "type_iris": "H", "arr": "10e", "n": 85, "prix_med": 117.0, "pct_multi": 24.7, "pct_entire": 94.1, "ratio_lh": 1.04 }, "geometry": { "type": "MultiPolygon", "coordinates": [ [ [ [ 2.36540997531333, 48.877686957917717 ], [ 2.364449010179692, 48.878445393402401 ], [ 2.362897221751404, 48.879235751970697 ], [ 2.365146153015036, 48.881097622588278 ], [ 2.367088639502728, 48.880025113733232 ], [ 2.367029781586508, 48.879594922375354 ], [ 2.36540997531333, 48.877686957917717 ] ] ] ] } },
{ "type": "Feature", "properties": { "code_iris": "751104010", "nom_iris": "Hôpital Saint-Louis 10", "type_iris": "H", "arr": "10e", "n": 31, "prix_med": 113.0, "pct_multi": 48.4, "pct_entire": 64.5, "ratio_lh": 1.48 }, "geometry": { "type": "MultiPolygon", "coordinates": [ [ [ [ 2.370220435118679, 48.881963497019271 ], [ 2.370287299693743, 48.878463655217338 ], [ 2.370086823436324, 48.878467097179495 ], [ 2.369927474565631, 48.878339452828044 ], [ 2.369869769376923, 48.87815028939616 ], [ 2.369884444537364, 48.877951614246321 ], [ 2.369527832316282, 48.877900273400634 ], [ 2.369452069884059, 48.87785131042903 ], [ 2.369360330211489, 48.877883203149032 ], [ 2.368509514906253, 48.877883214757972 ], [ 2.368474372210645, 48.877970264609857 ], [ 2.368293868815913, 48.87801337954393 ], [ 2.36814444009706, 48.877967624327255 ], [ 2.368101738693612, 48.877890955688031 ], [ 2.367851090617975, 48.877984062295411 ], [ 2.36759920298462, 48.877730019510146 ], [ 2.366737716049669, 48.877598659564534 ], [ 2.366345821086678, 48.877646049155459 ], [ 2.36616440868004, 48.877763800697572 ], [ 2.367667384541433, 48.879413928939407 ], [ 2.368061843346311, 48.879493354258514 ], [ 2.369666869863407, 48.881395805106777 ], [ 2.369822800760107, 48.881468572327215 ], [ 2.370054311706419, 48.88149317326414 ], [ 2.370066576526478, 48.881944700999249 ], [ 2.370220435118679, 48.881963497019271 ] ] ] ] } },
{ "type": "Feature", "properties": { "code_iris": "751104011", "nom_iris": "Hôpital Saint-Louis 11", "type_iris": "H", "arr": "10e", "n": 58, "prix_med": 161.0, "pct_multi": 29.3, "pct_entire": 96.6, "ratio_lh": 1.05 }, "geometry": { "type": "MultiPolygon", "coordinates": [ [ [ [ 2.368718249261116, 48.883947597603751 ], [ 2.369301392563939, 48.883313047626963 ], [ 2.370083654434945, 48.882787461712056 ], [ 2.370168080363927, 48.88268448312931 ], [ 2.369884750158155, 48.882659609751727 ], [ 2.369165374196715, 48.882496640349792 ], [ 2.367088639502728, 48.880025113733232 ], [ 2.365146153015036, 48.881097622588278 ], [ 2.368718249261116, 48.883947597603751 ] ] ] ] } },
{ "type": "Feature", "properties": { "code_iris": "751114101", "nom_iris": "Folie Méricourt 1", "type_iris": "H", "arr": "11e", "n": 81, "prix_med": 120.0, "pct_multi": 34.6, "pct_entire": 82.7, "ratio_lh": 1.23 }, "geometry": { "type": "MultiPolygon", "coordinates": [ [ [ [ 2.380575885891117, 48.868980787689885 ], [ 2.382366809467288, 48.867633839527606 ], [ 2.383069142721887, 48.867034904182425 ], [ 2.381296519905058, 48.866614755541143 ], [ 2.380197020361616, 48.8663356672145 ], [ 2.37993017454718, 48.86665085292276 ], [ 2.37856472569805, 48.867982888372012 ], [ 2.379286766326318, 48.868251040842409 ], [ 2.380575885891117, 48.868980787689885 ] ] ] ] } },
{ "type": "Feature", "properties": { "code_iris": "751114102", "nom_iris": "Folie Méricourt 2", "type_iris": "H", "arr": "11e", "n": 95, "prix_med": 117.0, "pct_multi": 29.5, "pct_entire": 91.6, "ratio_lh": 1.08 }, "geometry": { "type": "MultiPolygon", "coordinates": [ [ [ [ 2.37856472569805, 48.867982888372012 ], [ 2.37993017454718, 48.86665085292276 ], [ 2.380197020361616, 48.8663356672145 ], [ 2.379214351165468, 48.866091349651583 ], [ 2.377337092336681, 48.86564901470765 ], [ 2.375903755434976, 48.867296336507103 ], [ 2.37856472569805, 48.867982888372012 ] ] ] ] } },
{ "type": "Feature", "properties": { "code_iris": "751114103", "nom_iris": "Folie Méricourt 3", "type_iris": "H", "arr": "11e", "n": 74, "prix_med": 121.0, "pct_multi": 24.3, "pct_entire": 93.2, "ratio_lh": 1.03 }, "geometry": { "type": "MultiPolygon", "coordinates": [ [ [ [ 2.373503695311074, 48.866683937334507 ], [ 2.375903755434976, 48.867296336507103 ], [ 2.377337092336681, 48.86564901470765 ], [ 2.375413769065326, 48.86518572472221 ], [ 2.375341036870924, 48.865112498422754 ], [ 2.374556866721297, 48.865255895146099 ], [ 2.373503695311074, 48.866683937334507 ] ] ] ] } },
{ "type": "Feature", "properties": { "code_iris": "751114104", "nom_iris": "Folie Méricourt 4", "type_iris": "H", "arr": "11e", "n": 73, "prix_med": 121.0, "pct_multi": 21.9, "pct_entire": 91.8, "ratio_lh": 1.03 }, "geometry": { "type": "MultiPolygon", "coordinates": [ [ [ [ 2.370714091439697, 48.864018041366322 ], [ 2.368851063636991, 48.866351018577483 ], [ 2.3706615022269, 48.866001714712631 ], [ 2.374556866721297, 48.865255895146099 ], [ 2.375341036870924, 48.865112498422754 ], [ 2.374728467008199, 48.865041849001258 ], [ 2.371872301823469, 48.864507072989404 ], [ 2.370714091439697, 48.864018041366322 ] ] ] ] } },
{ "type": "Feature", "properties": { "code_iris": "751114105", "nom_iris": "Folie Méricourt 5", "type_iris": "H", "arr": "11e", "n": 76, "prix_med": 182.5, "pct_multi": 38.2, "pct_entire": 84.2, "ratio_lh": 1.17 }, "geometry": { "type": "MultiPolygon", "coordinates": [ [ [ [ 2.368851063636991, 48.866351018577483 ], [ 2.370714091439697, 48.864018041366322 ], [ 2.370124128220065, 48.863770316379139 ], [ 2.365164572995695, 48.866722735192212 ], [ 2.365503634753936, 48.866977248145645 ], [ 2.368851063636991, 48.866351018577483 ] ] ] ] } },
{ "type": "Feature", "properties": { "code_iris": "751114106", "nom_iris": "Folie Méricourt 6", "type_iris": "H", "arr": "11e", "n": 103, "prix_med": 203.0, "pct_multi": 46.6, "pct_entire": 96.1, "ratio_lh": 1.23 }, "geometry": { "type": "MultiPolygon", "coordinates": [ [ [ [ 2.366888855469114, 48.862473478026516 ], [ 2.366686433327767, 48.863202674954714 ], [ 2.365426063659955, 48.86528787222101 ], [ 2.364858189028701, 48.866248055810075 ], [ 2.364877509683401, 48.866452308991875 ], [ 2.364950748000027, 48.866594793641106 ], [ 2.365164572995695, 48.866722735192212 ], [ 2.370124128220065, 48.863770316379139 ], [ 2.366888855469114, 48.862473478026516 ] ] ] ] } },
{ "type": "Feature", "properties": { "code_iris": "751114107", "nom_iris": "Folie Méricourt 7", "type_iris": "H", "arr": "11e", "n": 118, "prix_med": 159.0, "pct_multi": 36.4, "pct_entire": 91.5, "ratio_lh": 1.09 }, "geometry": { "type": "MultiPolygon", "coordinates": [ [ [ [ 2.364858189028701, 48.866248055810075 ], [ 2.364306784904801, 48.867309049699891 ], [ 2.363872116727158, 48.867516286797745 ], [ 2.364355998683669, 48.867744592206073 ], [ 2.365419787037786, 48.868153141703367 ], [ 2.367064435257618, 48.868665480641553 ], [ 2.367610590375759, 48.868819456609302 ], [ 2.367835860204891, 48.868904285209574 ], [ 2.36812198358397, 48.868692652528139 ], [ 2.368234187908139, 48.868658170573823 ], [ 2.36978363460064, 48.868479276317245 ], [ 2.371234641388896, 48.866177400692173 ], [ 2.3706615022269, 48.866001714712631 ], [ 2.368851063636991, 48.866351018577483 ], [ 2.365503634753936, 48.866977248145645 ], [ 2.365164572995695, 48.866722735192212 ], [ 2.364950748000027, 48.866594793641106 ], [ 2.364877509683401, 48.866452308991875 ], [ 2.364858189028701, 48.866248055810075 ] ] ] ] } },
{ "type": "Feature", "properties": { "code_iris": "751114108", "nom_iris": "Folie Méricourt 8", "type_iris": "H", "arr": "11e", "n": 80, "prix_med": 135.5, "pct_multi": 21.2, "pct_entire": 93.8, "ratio_lh": 1.01 }, "geometry": { "type": "MultiPolygon", "coordinates": [ [ [ [ 2.3706615022269, 48.866001714712631 ], [ 2.371234641388896, 48.866177400692173 ], [ 2.36978363460064, 48.868479276317245 ], [ 2.371692359633301, 48.868237496110844 ], [ 2.372443888785873, 48.868092148446593 ], [ 2.373503695311074, 48.866683937334507 ], [ 2.374556866721297, 48.865255895146099 ], [ 2.3706615022269, 48.866001714712631 ] ] ] ] } },
{ "type": "Feature", "properties": { "code_iris": "751114109", "nom_iris": "Folie Méricourt 9", "type_iris": "H", "arr": "11e", "n": 90, "prix_med": 116.0, "pct_multi": 15.6, "pct_entire": 93.3, "ratio_lh": 1.03 }, "geometry": { "type": "MultiPolygon", "coordinates": [ [ [ [ 2.374927686642078, 48.868433404667499 ], [ 2.376305131785451, 48.868840796256457 ], [ 2.377485174690476, 48.869227359765262 ], [ 2.37838805421536, 48.868051220093534 ], [ 2.37856472569805, 48.867982888372012 ], [ 2.375903755434976, 48.867296336507103 ], [ 2.373503695311074, 48.866683937334507 ], [ 2.372443888785873, 48.868092148446593 ], [ 2.37299351686979, 48.868071646153652 ], [ 2.373368024086122, 48.868103285679815 ], [ 2.374927686642078, 48.868433404667499 ] ] ] ] } },
{ "type": "Feature", "properties": { "code_iris": "751114110", "nom_iris": "Folie Méricourt 10", "type_iris": "H", "arr": "11e", "n": 41, "prix_med": 108.0, "pct_multi": 19.5, "pct_entire": 95.1, "ratio_lh": 1.0 }, "geometry": { "type": "MultiPolygon", "coordinates": [ [ [ [ 2.379195650384537, 48.870062735367597 ], [ 2.380575885891117, 48.868980787689885 ], [ 2.379286766326318, 48.868251040842409 ], [ 2.37856472569805, 48.867982888372012 ], [ 2.37838805421536, 48.868051220093534 ], [ 2.377485174690476, 48.869227359765262 ], [ 2.379195650384537, 48.870062735367597 ] ] ] ] } },
{ "type": "Feature", "properties": { "code_iris": "751114111", "nom_iris": "Folie Méricourt 11", "type_iris": "H", "arr": "11e", "n": 35, "prix_med": 110.0, "pct_multi": 45.7, "pct_entire": 57.1, "ratio_lh": 1.35 }, "geometry": { "type": "MultiPolygon", "coordinates": [ [ [ [ 2.375886726070379, 48.87167602636832 ], [ 2.376904765014236, 48.872048259443247 ], [ 2.378290113390531, 48.870774807340588 ], [ 2.379195650384537, 48.870062735367597 ], [ 2.377485174690476, 48.869227359765262 ], [ 2.376765784513629, 48.870332500109022 ], [ 2.376519830689573, 48.870265567550973 ], [ 2.376719401215189, 48.871132668915131 ], [ 2.375886726070379, 48.87167602636832 ] ] ] ] } },
{ "type": "Feature", "properties": { "code_iris": "751114112", "nom_iris": "Folie Méricourt 12", "type_iris": "H", "arr": "11e", "n": 34, "prix_med": 111.0, "pct_multi": 26.5, "pct_entire": 85.3, "ratio_lh": 1.03 }, "geometry": { "type": "MultiPolygon", "coordinates": [ [ [ [ 2.374663502121221, 48.871248752427761 ], [ 2.375886726070379, 48.87167602636832 ], [ 2.376719401215189, 48.871132668915131 ], [ 2.376519830689573, 48.870265567550973 ], [ 2.376765784513629, 48.870332500109022 ], [ 2.377485174690476, 48.869227359765262 ], [ 2.376305131785451, 48.868840796256457 ], [ 2.375420905086264, 48.869934277914162 ], [ 2.375573032756615, 48.869980937886282 ], [ 2.374663502121221, 48.871248752427761 ] ] ] ] } },
{ "type": "Feature", "properties": { "code_iris": "751114113", "nom_iris": "Folie Méricourt 13", "type_iris": "H", "arr": "11e", "n": 53, "prix_med": 117.0, "pct_multi": 15.1, "pct_entire": 86.8, "ratio_lh": 1.02 }, "geometry": { "type": "MultiPolygon", "coordinates": [ [ [ [ 2.372896637378593, 48.870570401510726 ], [ 2.374663502121221, 48.871248752427761 ], [ 2.375573032756615, 48.869980937886282 ], [ 2.375420905086264, 48.869934277914162 ], [ 2.376305131785451, 48.868840796256457 ], [ 2.374927686642078, 48.868433404667499 ], [ 2.372896637378593, 48.870570401510726 ] ] ] ] } },
{ "type": "Feature", "properties": { "code_iris": "751114114", "nom_iris": "Folie Méricourt 14", "type_iris": "H", "arr": "11e", "n": 70, "prix_med": 129.5, "pct_multi": 27.1, "pct_entire": 84.3, "ratio_lh": 1.06 }, "geometry": { "type": "MultiPolygon", "coordinates": [ [ [ [ 2.371543710704607, 48.870163100171084 ], [ 2.372896637378593, 48.870570401510726 ], [ 2.374927686642078, 48.868433404667499 ], [ 2.373368024086122, 48.868103285679815 ], [ 2.37299351686979, 48.868071646153652 ], [ 2.372443888785873, 48.868092148446593 ], [ 2.372050327699393, 48.868623392782666 ], [ 2.372659125251294, 48.86889728641038 ], [ 2.371543710704607, 48.870163100171084 ] ] ] ] } },
{ "type": "Feature", "properties": { "code_iris": "751114115", "nom_iris": "Folie Méricourt 15", "type_iris": "H", "arr": "11e", "n": 77, "prix_med": 133.0, "pct_multi": 19.5, "pct_entire": 90.9, "ratio_lh": 1.01 }, "geometry": { "type": "MultiPolygon", "coordinates": [ [ [ [ 2.367835860204891, 48.868904285209574 ], [ 2.369358394801617, 48.869485196131386 ], [ 2.371045328493689, 48.87000219880472 ], [ 2.371543710704607, 48.870163100171084 ], [ 2.372659125251294, 48.86889728641038 ], [ 2.372050327699393, 48.868623392782666 ], [ 2.372443888785873, 48.868092148446593 ], [ 2.371692359633301, 48.868237496110844 ], [ 2.36978363460064, 48.868479276317245 ], [ 2.368234187908139, 48.868658170573823 ], [ 2.36812198358397, 48.868692652528139 ], [ 2.367835860204891, 48.868904285209574 ] ] ] ] } },
{ "type": "Feature", "properties": { "code_iris": "751114201", "nom_iris": "Saint-Ambroise 1", "type_iris": "H", "arr": "11e", "n": 60, "prix_med": 151.0, "pct_multi": 41.7, "pct_entire": 96.7, "ratio_lh": 1.22 }, "geometry": { "type": "MultiPolygon", "coordinates": [ [ [ [ 2.383069142721887, 48.867034904182425 ], [ 2.383583978668193, 48.866266822302812 ], [ 2.38391313024185, 48.865983426127585 ], [ 2.387201100440798, 48.863086439467125 ], [ 2.38707044154386, 48.863069582199259 ], [ 2.386849815623261, 48.862937148007049 ], [ 2.383384090239231, 48.863575862 ], [ 2.383740978739396, 48.864403296478223 ], [ 2.383356226129605, 48.864317675887534 ], [ 2.383146050888182, 48.864339076345736 ], [ 2.382955936641662, 48.864738303470531 ], [ 2.382680479082472, 48.865092122922405 ], [ 2.382205861531277, 48.865342388859403 ], [ 2.381296519905058, 48.866614755541143 ], [ 2.383069142721887, 48.867034904182425 ] ] ] ] } },
{ "type": "Feature", "properties": { "code_iris": "751114202", "nom_iris": "Saint-Ambroise 2", "type_iris": "H", "arr": "11e", "n": 56, "prix_med": 112.5, "pct_multi": 23.2, "pct_entire": 82.1, "ratio_lh": 1.02 }, "geometry": { "type": "MultiPolygon", "coordinates": [ [ [ [ 2.387201100440798, 48.863086439467125 ], [ 2.387377786989926, 48.862898482059187 ], [ 2.385960779441364, 48.862500005803099 ], [ 2.385213475632737, 48.862297414272327 ], [ 2.38413512046826, 48.862080524018765 ], [ 2.382570821152097, 48.861577824412514 ], [ 2.381176964404017, 48.863941294571042 ], [ 2.381199356234151, 48.864007062354759 ], [ 2.383384090239231, 48.863575862 ], [ 2.386849815623261, 48.862937148007049 ], [ 2.38707044154386, 48.863069582199259 ], [ 2.387201100440798, 48.863086439467125 ] ] ] ] } },
{ "type": "Feature", "properties": { "code_iris": "751114203", "nom_iris": "Saint-Ambroise 3", "type_iris": "H", "arr": "11e", "n": 76, "prix_med": 144.5, "pct_multi": 19.7, "pct_entire": 97.4, "ratio_lh": 1.01 }, "geometry": { "type": "MultiPolygon", "coordinates": [ [ [ [ 2.382570821152097, 48.861577824412514 ], [ 2.381123531616012, 48.861095494725042 ], [ 2.379307603204893, 48.863070043458073 ], [ 2.378006637977999, 48.864602064866318 ], [ 2.381131044124968, 48.864020199267529 ], [ 2.381199356234151, 48.864007062354759 ], [ 2.381176964404017, 48.863941294571042 ], [ 2.382570821152097, 48.861577824412514 ] ] ] ] } },
{ "type": "Feature", "properties": { "code_iris": "751114204", "nom_iris": "Saint-Ambroise 4", "type_iris": "H", "arr": "11e", "n": 76, "prix_med": 145.0, "pct_multi": 18.4, "pct_entire": 93.4, "ratio_lh": 1.03 }, "geometry": { "type": "MultiPolygon", "coordinates": [ [ [ [ 2.37698550727793, 48.861992254928843 ], [ 2.379307603204893, 48.863070043458073 ], [ 2.381123531616012, 48.861095494725042 ], [ 2.378645309114921, 48.860312813493913 ], [ 2.37698550727793, 48.861992254928843 ] ] ] ] } },
{ "type": "Feature", "properties": { "code_iris": "751114205", "nom_iris": "Saint-Ambroise 5", "type_iris": "H", "arr": "11e", "n": 34, "prix_med": 149.5, "pct_multi": 26.5, "pct_entire": 82.4, "ratio_lh": 1.06 }, "geometry": { "type": "MultiPolygon", "coordinates": [ [ [ [ 2.378645309114921, 48.860312813493913 ], [ 2.376847413080422, 48.859748568401223 ], [ 2.374764639068146, 48.861005782610405 ], [ 2.375031933557569, 48.861107905496397 ], [ 2.374441168290868, 48.861722669049939 ], [ 2.376485763911548, 48.862633582803717 ], [ 2.37698550727793, 48.861992254928843 ], [ 2.378645309114921, 48.860312813493913 ] ] ] ] } },
{ "type": "Feature", "properties": { "code_iris": "751114206", "nom_iris": "Saint-Ambroise 6", "type_iris": "H", "arr": "11e", "n": 80, "prix_med": 146.5, "pct_multi": 35.0, "pct_entire": 93.8, "ratio_lh": 1.08 }, "geometry": { "type": "MultiPolygon", "coordinates": [ [ [ [ 2.370940564914427, 48.857793059949415 ], [ 2.372043610083812, 48.860246876965725 ], [ 2.372230428981989, 48.860805451735452 ], [ 2.372275312864598, 48.861152834644145 ], [ 2.372154088982339, 48.861937327190027 ], [ 2.371867846923835, 48.862502412371001 ], [ 2.371433996086778, 48.862986679804742 ], [ 2.372857818669, 48.862131678184198 ], [ 2.374764639068146, 48.861005782610405 ], [ 2.376847413080422, 48.859748568401223 ], [ 2.375876422775739, 48.859451220612954 ], [ 2.373778692921376, 48.85877654348154 ], [ 2.371983110989935, 48.858142086936333 ], [ 2.371628732683426, 48.858029606774906 ], [ 2.370940564914427, 48.857793059949415 ] ] ] ] } },
{ "type": "Feature", "properties": { "code_iris": "751114207", "nom_iris": "Saint-Ambroise 7", "type_iris": "H", "arr": "11e", "n": 85, "prix_med": 200.0, "pct_multi": 36.5, "pct_entire": 97.6, "ratio_lh": 1.09 }, "geometry": { "type": "MultiPolygon", "coordinates": [ [ [ [ 2.368229037863571, 48.856943279862392 ], [ 2.36783451579174, 48.858568118254283 ], [ 2.367612199287384, 48.859478882262259 ], [ 2.368541916323989, 48.859579122533965 ], [ 2.368657130968082, 48.859407055749166 ], [ 2.371899257951376, 48.860236226599554 ], [ 2.372043610083812, 48.860246876965725 ], [ 2.370940564914427, 48.857793059949415 ], [ 2.368856528930018, 48.857123762923358 ], [ 2.368229037863571, 48.856943279862392 ] ] ] ] } },
{ "type": "Feature", "properties": { "code_iris": "751114208", "nom_iris": "Saint-Ambroise 8", "type_iris": "H", "arr": "11e", "n": 116, "prix_med": 209.5, "pct_multi": 46.6, "pct_entire": 93.1, "ratio_lh": 1.2 }, "geometry": { "type": "MultiPolygon", "coordinates": [ [ [ [ 2.367612199287384, 48.859478882262259 ], [ 2.367327839507425, 48.860671711986321 ], [ 2.370086502856326, 48.861358075908271 ], [ 2.372154088982339, 48.861937327190027 ], [ 2.372275312864598, 48.861152834644145 ], [ 2.372230428981989, 48.860805451735452 ], [ 2.372043610083812, 48.860246876965725 ], [ 2.371899257951376, 48.860236226599554 ], [ 2.368657130968082, 48.859407055749166 ], [ 2.368541916323989, 48.859579122533965 ], [ 2.367612199287384, 48.859478882262259 ] ] ] ] } },
{ "type": "Feature", "properties": { "code_iris": "751114209", "nom_iris": "Saint-Ambroise 9", "type_iris": "H", "arr": "11e", "n": 75, "prix_med": 165.0, "pct_multi": 29.3, "pct_entire": 92.0, "ratio_lh": 1.04 }, "geometry": { "type": "MultiPolygon", "coordinates": [ [ [ [ 2.367327839507425, 48.860671711986321 ], [ 2.367251725976692, 48.860990577523985 ], [ 2.366888855469114, 48.862473478026516 ], [ 2.370124128220065, 48.863770316379139 ], [ 2.371433996086778, 48.862986679804742 ], [ 2.371867846923835, 48.862502412371001 ], [ 2.372154088982339, 48.861937327190027 ], [ 2.370086502856326, 48.861358075908271 ], [ 2.367327839507425, 48.860671711986321 ] ] ] ] } },
{ "type": "Feature", "properties": { "code_iris": "751114210", "nom_iris": "Saint-Ambroise 10", "type_iris": "H", "arr": "11e", "n": 83, "prix_med": 133.0, "pct_multi": 12.0, "pct_entire": 94.0, "ratio_lh": 1.01 }, "geometry": { "type": "MultiPolygon", "coordinates": [ [ [ [ 2.370124128220065, 48.863770316379139 ], [ 2.370714091439697, 48.864018041366322 ], [ 2.371872301823469, 48.864507072989404 ], [ 2.374728467008199, 48.865041849001258 ], [ 2.375524060269174, 48.863945207504763 ], [ 2.374079202895809, 48.863373771334274 ], [ 2.37313723896149, 48.86292546456977 ], [ 2.373703748869704, 48.86240321352161 ], [ 2.372857818669, 48.862131678184198 ], [ 2.371433996086778, 48.862986679804742 ], [ 2.370124128220065, 48.863770316379139 ] ] ] ] } },
{ "type": "Feature", "properties": { "code_iris": "751114211", "nom_iris": "Saint-Ambroise 11", "type_iris": "H", "arr": "11e", "n": 42, "prix_med": 135.0, "pct_multi": 28.6, "pct_entire": 95.2, "ratio_lh": 1.14 }, "geometry": { "type": "MultiPolygon", "coordinates": [ [ [ [ 2.376485763911548, 48.862633582803717 ], [ 2.374441168290868, 48.861722669049939 ], [ 2.375031933557569, 48.861107905496397 ], [ 2.374764639068146, 48.861005782610405 ], [ 2.372857818669, 48.862131678184198 ], [ 2.373703748869704, 48.86240321352161 ], [ 2.37313723896149, 48.86292546456977 ], [ 2.374079202895809, 48.863373771334274 ], [ 2.375524060269174, 48.863945207504763 ], [ 2.376485763911548, 48.862633582803717 ] ] ] ] } },
{ "type": "Feature", "properties": { "code_iris": "751114212", "nom_iris": "Saint-Ambroise 12", "type_iris": "H", "arr": "11e", "n": 67, "prix_med": 150.0, "pct_multi": 28.4, "pct_entire": 94.0, "ratio_lh": 1.0 }, "geometry": { "type": "MultiPolygon", "coordinates": [ [ [ [ 2.375524060269174, 48.863945207504763 ], [ 2.374728467008199, 48.865041849001258 ], [ 2.375341036870924, 48.865112498422754 ], [ 2.378006637977999, 48.864602064866318 ], [ 2.379307603204893, 48.863070043458073 ], [ 2.37698550727793, 48.861992254928843 ], [ 2.376485763911548, 48.862633582803717 ], [ 2.375524060269174, 48.863945207504763 ] ] ] ] } },
{ "type": "Feature", "properties": { "code_iris": "751114213", "nom_iris": "Saint-Ambroise 13", "type_iris": "H", "arr": "11e", "n": 76, "prix_med": 126.0, "pct_multi": 30.3, "pct_entire": 92.1, "ratio_lh": 1.09 }, "geometry": { "type": "MultiPolygon", "coordinates": [ [ [ [ 2.378006637977999, 48.864602064866318 ], [ 2.375341036870924, 48.865112498422754 ], [ 2.375413769065326, 48.86518572472221 ], [ 2.377337092336681, 48.86564901470765 ], [ 2.379214351165468, 48.866091349651583 ], [ 2.379724859510577, 48.86546175961832 ], [ 2.380703820202655, 48.865787894032501 ], [ 2.381801831365397, 48.864353724679638 ], [ 2.381195273555073, 48.864121257738425 ], [ 2.381131044124968, 48.864020199267529 ], [ 2.378006637977999, 48.864602064866318 ] ] ] ] } },
{ "type": "Feature", "properties": { "code_iris": "751114214", "nom_iris": "Saint-Ambroise 14", "type_iris": "H", "arr": "11e", "n": 41, "prix_med": 126.0, "pct_multi": 46.3, "pct_entire": 90.2, "ratio_lh": 1.21 }, "geometry": { "type": "MultiPolygon", "coordinates": [ [ [ [ 2.383384090239231, 48.863575862 ], [ 2.381199356234151, 48.864007062354759 ], [ 2.381131044124968, 48.864020199267529 ], [ 2.381195273555073, 48.864121257738425 ], [ 2.381801831365397, 48.864353724679638 ], [ 2.380703820202655, 48.865787894032501 ], [ 2.379724859510577, 48.86546175961832 ], [ 2.379214351165468, 48.866091349651583 ], [ 2.380197020361616, 48.8663356672145 ], [ 2.381296519905058, 48.866614755541143 ], [ 2.382205861531277, 48.865342388859403 ], [ 2.382680479082472, 48.865092122922405 ], [ 2.382955936641662, 48.864738303470531 ], [ 2.383146050888182, 48.864339076345736 ], [ 2.383356226129605, 48.864317675887534 ], [ 2.383740978739396, 48.864403296478223 ], [ 2.383384090239231, 48.863575862 ] ] ] ] } },
{ "type": "Feature", "properties": { "code_iris": "751114301", "nom_iris": "Roquette 1", "type_iris": "H", "arr": "11e", "n": 24, "prix_med": 153.5, "pct_multi": 12.5, "pct_entire": 91.7, "ratio_lh": 1.04 }, "geometry": { "type": "MultiPolygon", "coordinates": [ [ [ [ 2.389819086218175, 48.858359371620729 ], [ 2.392167384833463, 48.857667134364611 ], [ 2.394345091773725, 48.85651981725605 ], [ 2.392171771409601, 48.855889146829469 ], [ 2.391329663195242, 48.855758058181884 ], [ 2.390098264857279, 48.857796904556594 ], [ 2.389819086218175, 48.858359371620729 ] ] ] ] } },
{ "type": "Feature", "properties": { "code_iris": "751114302", "nom_iris": "Roquette 2", "type_iris": "H", "arr": "11e", "n": 70, "prix_med": 119.0, "pct_multi": 24.3, "pct_entire": 92.9, "ratio_lh": 1.09 }, "geometry": { "type": "MultiPolygon", "coordinates": [ [ [ [ 2.389546437996218, 48.858480292169283 ], [ 2.389819086218175, 48.858359371620729 ], [ 2.390098264857279, 48.857796904556594 ], [ 2.391329663195242, 48.855758058181884 ], [ 2.390163702926789, 48.855583044142897 ], [ 2.387117621901007, 48.855119605445061 ], [ 2.385619938813296, 48.85661113936893 ], [ 2.387260101466105, 48.857026953751642 ], [ 2.386918955595862, 48.857525243603689 ], [ 2.387724663783847, 48.857739816029707 ], [ 2.387571227615818, 48.858038513382709 ], [ 2.389279012588646, 48.858388093679451 ], [ 2.389546437996218, 48.858480292169283 ] ] ] ] } },
{ "type": "Feature", "properties": { "code_iris": "751114303", "nom_iris": "Roquette 3", "type_iris": "H", "arr": "11e", "n": 19, "prix_med": 90.0, "pct_multi": 21.1, "pct_entire": 68.4, "ratio_lh": 1.0 }, "geometry": { "type": "MultiPolygon", "coordinates": [ [ [ [ 2.388879258024645, 48.859816912036926 ], [ 2.389546437996218, 48.858480292169283 ], [ 2.389279012588646, 48.858388093679451 ], [ 2.387571227615818, 48.858038513382709 ], [ 2.387724663783847, 48.857739816029707 ], [ 2.386918955595862, 48.857525243603689 ], [ 2.385935147161944, 48.85912373434391 ], [ 2.386834885463864, 48.859341492849815 ], [ 2.388695241550911, 48.859817770864844 ], [ 2.388879258024645, 48.859816912036926 ] ] ] ] } },
{ "type": "Feature", "properties": { "code_iris": "751114304", "nom_iris": "Roquette 4", "type_iris": "H", "arr": "11e", "n": 21, "prix_med": 120.0, "pct_multi": 42.9, "pct_entire": 100.0, "ratio_lh": 1.05 }, "geometry": { "type": "MultiPolygon", "coordinates": [ [ [ [ 2.385619938813296, 48.85661113936893 ], [ 2.383633346303203, 48.858522828789283 ], [ 2.385935147161944, 48.85912373434391 ], [ 2.386918955595862, 48.857525243603689 ], [ 2.387260101466105, 48.857026953751642 ], [ 2.385619938813296, 48.85661113936893 ] ] ] ] } },
{ "type": "Feature", "properties": { "code_iris": "751114305", "nom_iris": "Roquette 5", "type_iris": "H", "arr": "11e", "n": 62, "prix_med": 119.5, "pct_multi": 35.5, "pct_entire": 93.5, "ratio_lh": 1.15 }, "geometry": { "type": "MultiPolygon", "coordinates": [ [ [ [ 2.383633346303203, 48.858522828789283 ], [ 2.385619938813296, 48.85661113936893 ], [ 2.387117621901007, 48.855119605445061 ], [ 2.385327676682735, 48.854697622654726 ], [ 2.38039420719264, 48.857665211322285 ], [ 2.38047580254254, 48.857795139847305 ], [ 2.381077338571579, 48.857870200384554 ], [ 2.383633346303203, 48.858522828789283 ] ] ] ] } },
{ "type": "Feature", "properties": { "code_iris": "751114306", "nom_iris": "Roquette 6", "type_iris": "H", "arr": "11e", "n": 87, "prix_med": 130.0, "pct_multi": 32.2, "pct_entire": 88.5, "ratio_lh": 1.09 }, "geometry": { "type": "MultiPolygon", "coordinates": [ [ [ [ 2.382405600140141, 48.854013459894048 ], [ 2.382030497854425, 48.853925185589418 ], [ 2.37970582243895, 48.85744400279988 ], [ 2.379772841670193, 48.857538781715924 ], [ 2.380089933818601, 48.857693313928074 ], [ 2.380237701639324, 48.857645514554392 ], [ 2.38039420719264, 48.857665211322285 ], [ 2.385327676682735, 48.854697622654726 ], [ 2.382405600140141, 48.854013459894048 ] ] ] ] } },
{ "type": "Feature", "properties": { "code_iris": "751114307", "nom_iris": "Roquette 7", "type_iris": "H", "arr": "11e", "n": 81, "prix_med": 130.0, "pct_multi": 33.3, "pct_entire": 97.5, "ratio_lh": 1.03 }, "geometry": { "type": "MultiPolygon", "coordinates": [ [ [ [ 2.377876540341711, 48.856776183462934 ], [ 2.37970582243895, 48.85744400279988 ], [ 2.382030497854425, 48.853925185589418 ], [ 2.380429043008459, 48.853589540326361 ], [ 2.377876540341711, 48.856776183462934 ] ] ] ] } },
{ "type": "Feature", "properties": { "code_iris": "751114308", "nom_iris": "Roquette 8", "type_iris": "H", "arr": "11e", "n": 31, "prix_med": 150.0, "pct_multi": 19.4, "pct_entire": 90.3, "ratio_lh": 1.03 }, "geometry": { "type": "MultiPolygon", "coordinates": [ [ [ [ 2.376788065116468, 48.856391893645053 ], [ 2.377876540341711, 48.856776183462934 ], [ 2.380429043008459, 48.853589540326361 ], [ 2.37944462916089, 48.85339737394731 ], [ 2.378734180132954, 48.853317242417276 ], [ 2.37816153035812, 48.854366508444627 ], [ 2.37796722049732, 48.854432050430106 ], [ 2.378067357824907, 48.85460614559269 ], [ 2.377599385489332, 48.855333085317142 ], [ 2.376788065116468, 48.856391893645053 ] ] ] ] } },
{ "type": "Feature", "properties": { "code_iris": "751114309", "nom_iris": "Roquette 9", "type_iris": "H", "arr": "11e", "n": 35, "prix_med": 162.0, "pct_multi": 25.7, "pct_entire": 91.4, "ratio_lh": 1.06 }, "geometry": { "type": "MultiPolygon", "coordinates": [ [ [ [ 2.378734180132954, 48.853317242417276 ], [ 2.378520495385053, 48.853293648951201 ], [ 2.378214175614867, 48.853266875702694 ], [ 2.376840388761047, 48.853270521108684 ], [ 2.376928150635784, 48.853339328860599 ], [ 2.376899787834004, 48.8534318143695 ], [ 2.375096027589469, 48.855764316890522 ], [ 2.376788065116468, 48.856391893645053 ], [ 2.377599385489332, 48.855333085317142 ], [ 2.378067357824907, 48.85460614559269 ], [ 2.37796722049732, 48.854432050430106 ], [ 2.37816153035812, 48.854366508444627 ], [ 2.378734180132954, 48.853317242417276 ] ] ] ] } },
{ "type": "Feature", "properties": { "code_iris": "751114310", "nom_iris": "Roquette 10", "type_iris": "H", "arr": "11e", "n": 79, "prix_med": 150.0, "pct_multi": 31.6, "pct_entire": 93.7, "ratio_lh": 1.05 }, "geometry": { "type": "MultiPolygon", "coordinates": [ [ [ [ 2.372740165014653, 48.854808572091386 ], [ 2.373053369344487, 48.854943317431427 ], [ 2.374432393863394, 48.855528817061909 ], [ 2.375096027589469, 48.855764316890522 ], [ 2.376899787834004, 48.8534318143695 ], [ 2.376928150635784, 48.853339328860599 ], [ 2.376840388761047, 48.853270521108684 ], [ 2.37554393392166, 48.853303333606661 ], [ 2.375085839006644, 48.853204711363475 ], [ 2.372899808767227, 48.854566584137153 ], [ 2.372740165014653, 48.854808572091386 ] ] ] ] } },
{ "type": "Feature", "properties": { "code_iris": "751114311", "nom_iris": "Roquette 11", "type_iris": "H", "arr": "11e", "n": 106, "prix_med": 156.5, "pct_multi": 56.6, "pct_entire": 95.3, "ratio_lh": 1.36 }, "geometry": { "type": "MultiPolygon", "coordinates": [ [ [ [ 2.373812582082284, 48.851874207933342 ], [ 2.371718734832672, 48.852487382482948 ], [ 2.370255132996807, 48.853271118518911 ], [ 2.371333196014023, 48.854283162101886 ], [ 2.372740165014653, 48.854808572091386 ], [ 2.372899808767227, 48.854566584137153 ], [ 2.375085839006644, 48.853204711363475 ], [ 2.374702208524999, 48.853033629006909 ], [ 2.37457801211835, 48.852934950531186 ], [ 2.373812582082284, 48.851874207933342 ] ] ] ] } },
{ "type": "Feature", "properties": { "code_iris": "751114312", "nom_iris": "Roquette 12", "type_iris": "H", "arr": "11e", "n": 111, "prix_med": 151.0, "pct_multi": 45.0, "pct_entire": 91.0, "ratio_lh": 1.13 }, "geometry": { "type": "MultiPolygon", "coordinates": [ [ [ [ 2.370255132996807, 48.853271118518911 ], [ 2.369123881441926, 48.853166230578523 ], [ 2.368965669064553, 48.853851601966937 ], [ 2.368490886682737, 48.855805185775758 ], [ 2.368229037863571, 48.856943279862392 ], [ 2.368856528930018, 48.857123762923358 ], [ 2.369213107591719, 48.855927709361595 ], [ 2.36931794709619, 48.855936356125987 ], [ 2.36989302370352, 48.855491509317297 ], [ 2.370940564914427, 48.857793059949415 ], [ 2.371628732683426, 48.858029606774906 ], [ 2.370486303715527, 48.855456859248676 ], [ 2.371646049684404, 48.855689591172968 ], [ 2.372015382041862, 48.85535157564783 ], [ 2.37245730767693, 48.855549053111019 ], [ 2.373053369344487, 48.854943317431427 ], [ 2.372740165014653, 48.854808572091386 ], [ 2.371333196014023, 48.854283162101886 ], [ 2.370255132996807, 48.853271118518911 ] ] ] ] } },
{ "type": "Feature", "properties": { "code_iris": "751114313", "nom_iris": "Roquette 13", "type_iris": "H", "arr": "11e", "n": 52, "prix_med": 158.0, "pct_multi": 46.2, "pct_entire": 92.3, "ratio_lh": 1.06 }, "geometry": { "type": "MultiPolygon", "coordinates": [ [ [ [ 2.36989302370352, 48.855491509317297 ], [ 2.36931794709619, 48.855936356125987 ], [ 2.369213107591719, 48.855927709361595 ], [ 2.368856528930018, 48.857123762923358 ], [ 2.370940564914427, 48.857793059949415 ], [ 2.36989302370352, 48.855491509317297 ] ] ], [ [ [ 2.371983110989935, 48.858142086936333 ], [ 2.373490399967642, 48.856454715648127 ], [ 2.371646049684404, 48.855689591172968 ], [ 2.370486303715527, 48.855456859248676 ], [ 2.371628732683426, 48.858029606774906 ], [ 2.371983110989935, 48.858142086936333 ] ] ] ] } },
{ "type": "Feature", "properties": { "code_iris": "751114314", "nom_iris": "Roquette 14", "type_iris": "H", "arr": "11e", "n": 78, "prix_med": 162.5, "pct_multi": 28.2, "pct_entire": 97.4, "ratio_lh": 1.04 }, "geometry": { "type": "MultiPolygon", "coordinates": [ [ [ [ 2.373490399967642, 48.856454715648127 ], [ 2.376994524397442, 48.857932653260029 ], [ 2.377876540341711, 48.856776183462934 ], [ 2.376788065116468, 48.856391893645053 ], [ 2.375096027589469, 48.855764316890522 ], [ 2.374432393863394, 48.855528817061909 ], [ 2.373053369344487, 48.854943317431427 ], [ 2.37245730767693, 48.855549053111019 ], [ 2.372015382041862, 48.85535157564783 ], [ 2.371646049684404, 48.855689591172968 ], [ 2.373490399967642, 48.856454715648127 ] ] ] ] } },
{ "type": "Feature", "properties": { "code_iris": "751114315", "nom_iris": "Roquette 15", "type_iris": "H", "arr": "11e", "n": 81, "prix_med": 139.0, "pct_multi": 38.3, "pct_entire": 92.6, "ratio_lh": 1.11 }, "geometry": { "type": "MultiPolygon", "coordinates": [ [ [ [ 2.376994524397442, 48.857932653260029 ], [ 2.373490399967642, 48.856454715648127 ], [ 2.371983110989935, 48.858142086936333 ], [ 2.373778692921376, 48.85877654348154 ], [ 2.375876422775739, 48.859451220612954 ], [ 2.376994524397442, 48.857932653260029 ] ] ] ] } },
{ "type": "Feature", "properties": { "code_iris": "751114316", "nom_iris": "Roquette 16", "type_iris": "H", "arr": "11e", "n": 98, "prix_med": 147.5, "pct_multi": 40.8, "pct_entire": 96.9, "ratio_lh": 1.18 }, "geometry": { "type": "MultiPolygon", "coordinates": [ [ [ [ 2.376847413080422, 48.859748568401223 ], [ 2.37941670920237, 48.858259111474119 ], [ 2.379332165029978, 48.858148053273013 ], [ 2.37970582243895, 48.85744400279988 ], [ 2.377876540341711, 48.856776183462934 ], [ 2.376994524397442, 48.857932653260029 ], [ 2.375876422775739, 48.859451220612954 ], [ 2.376847413080422, 48.859748568401223 ] ] ] ] } },
{ "type": "Feature", "properties": { "code_iris": "751114317", "nom_iris": "Roquette 17", "type_iris": "H", "arr": "11e", "n": 73, "prix_med": 155.0, "pct_multi": 19.2, "pct_entire": 93.2, "ratio_lh": 1.04 }, "geometry": { "type": "MultiPolygon", "coordinates": [ [ [ [ 2.381123531616012, 48.861095494725042 ], [ 2.382053239328937, 48.860166778715836 ], [ 2.38069922313631, 48.859753274961221 ], [ 2.381254332531607, 48.859033971375425 ], [ 2.38084436968245, 48.858894250915597 ], [ 2.380178795981218, 48.858472609091329 ], [ 2.37941670920237, 48.858259111474119 ], [ 2.376847413080422, 48.859748568401223 ], [ 2.378645309114921, 48.860312813493913 ], [ 2.381123531616012, 48.861095494725042 ] ] ] ] } },
{ "type": "Feature", "properties": { "code_iris": "751114318", "nom_iris": "Roquette 18", "type_iris": "H", "arr": "11e", "n": 60, "prix_med": 121.0, "pct_multi": 20.0, "pct_entire": 91.7, "ratio_lh": 1.03 }, "geometry": { "type": "MultiPolygon", "coordinates": [ [ [ [ 2.37941670920237, 48.858259111474119 ], [ 2.380178795981218, 48.858472609091329 ], [ 2.38084436968245, 48.858894250915597 ], [ 2.381254332531607, 48.859033971375425 ], [ 2.38069922313631, 48.859753274961221 ], [ 2.382053239328937, 48.860166778715836 ], [ 2.383633346303203, 48.858522828789283 ], [ 2.381077338571579, 48.857870200384554 ], [ 2.38047580254254, 48.857795139847305 ], [ 2.38039420719264, 48.857665211322285 ], [ 2.380237701639324, 48.857645514554392 ], [ 2.380089933818601, 48.857693313928074 ], [ 2.379772841670193, 48.857538781715924 ], [ 2.37970582243895, 48.85744400279988 ], [ 2.379332165029978, 48.858148053273013 ], [ 2.37941670920237, 48.858259111474119 ] ] ] ] } },
{ "type": "Feature", "properties": { "code_iris": "751114319", "nom_iris": "Roquette 19", "type_iris": "H", "arr": "11e", "n": 26, "prix_med": 150.0, "pct_multi": 38.5, "pct_entire": 100.0, "ratio_lh": 1.04 }, "geometry": { "type": "MultiPolygon", "coordinates": [ [ [ [ 2.385823782355374, 48.861170971929383 ], [ 2.386834885463864, 48.859341492849815 ], [ 2.385935147161944, 48.85912373434391 ], [ 2.383633346303203, 48.858522828789283 ], [ 2.382053239328937, 48.860166778715836 ], [ 2.385823782355374, 48.861170971929383 ] ] ] ] } },
{ "type": "Feature", "properties": { "code_iris": "751114320", "nom_iris": "Roquette 20", "type_iris": "H", "arr": "11e", "n": 50, "prix_med": 162.0, "pct_multi": 18.0, "pct_entire": 90.0, "ratio_lh": 1.0 }, "geometry": { "type": "MultiPolygon", "coordinates": [ [ [ [ 2.382053239328937, 48.860166778715836 ], [ 2.381123531616012, 48.861095494725042 ], [ 2.382570821152097, 48.861577824412514 ], [ 2.38413512046826, 48.862080524018765 ], [ 2.385213475632737, 48.862297414272327 ], [ 2.385960779441364, 48.862500005803099 ], [ 2.386575118932972, 48.861377177973814 ], [ 2.385823782355374, 48.861170971929383 ], [ 2.382053239328937, 48.860166778715836 ] ] ] ] } },
{ "type": "Feature", "properties": { "code_iris": "751114321", "nom_iris": "Roquette 21", "type_iris": "H", "arr": "11e", "n": 33, "prix_med": 129.0, "pct_multi": 30.3, "pct_entire": 100.0, "ratio_lh": 1.0 }, "geometry": { "type": "MultiPolygon", "coordinates": [ [ [ [ 2.387377786989926, 48.862898482059187 ], [ 2.388879258024645, 48.859816912036926 ], [ 2.388695241550911, 48.859817770864844 ], [ 2.386834885463864, 48.859341492849815 ], [ 2.385823782355374, 48.861170971929383 ], [ 2.386575118932972, 48.861377177973814 ], [ 2.385960779441364, 48.862500005803099 ], [ 2.387377786989926, 48.862898482059187 ] ] ] ] } },
{ "type": "Feature", "properties": { "code_iris": "751114401", "nom_iris": "Sainte-Marguerite 1", "type_iris": "H", "arr": "11e", "n": 26, "prix_med": 134.0, "pct_multi": 30.8, "pct_entire": 92.3, "ratio_lh": 1.0 }, "geometry": { "type": "MultiPolygon", "coordinates": [ [ [ [ 2.398394619444394, 48.851301535998793 ], [ 2.398755968948561, 48.850338348022383 ], [ 2.399247185197987, 48.848865877197035 ], [ 2.39912112864224, 48.848098095635009 ], [ 2.397515647030773, 48.848234817602595 ], [ 2.397524677236651, 48.848514562086784 ], [ 2.397462724909021, 48.848686925985099 ], [ 2.397219259703606, 48.849000473300812 ], [ 2.396911653864037, 48.849203975678712 ], [ 2.396611931436767, 48.849314883637661 ], [ 2.396141906760377, 48.849422233373453 ], [ 2.39571274257075, 48.849413771104132 ], [ 2.395330545401933, 48.849350684129092 ], [ 2.394489227175594, 48.850684666029913 ], [ 2.39516854179008, 48.850745660487597 ], [ 2.398394619444394, 48.851301535998793 ] ] ] ] } },
{ "type": "Feature", "properties": { "code_iris": "751114402", "nom_iris": "Sainte-Marguerite 2", "type_iris": "H", "arr": "11e", "n": 62, "prix_med": 116.0, "pct_multi": 33.9, "pct_entire": 85.5, "ratio_lh": 1.15 }, "geometry": { "type": "MultiPolygon", "coordinates": [ [ [ [ 2.397515647030773, 48.848234817602595 ], [ 2.395957776088525, 48.848378053912235 ], [ 2.391973134719696, 48.848968531528755 ], [ 2.390577831984812, 48.850472345966871 ], [ 2.392516492310897, 48.850403061775395 ], [ 2.394489227175594, 48.850684666029913 ], [ 2.395330545401933, 48.849350684129092 ], [ 2.39571274257075, 48.849413771104132 ], [ 2.396141906760377, 48.849422233373453 ], [ 2.396611931436767, 48.849314883637661 ], [ 2.396911653864037, 48.849203975678712 ], [ 2.397219259703606, 48.849000473300812 ], [ 2.397462724909021, 48.848686925985099 ], [ 2.397524677236651, 48.848514562086784 ], [ 2.397515647030773, 48.848234817602595 ] ] ] ] } },
{ "type": "Feature", "properties": { "code_iris": "751114403", "nom_iris": "Sainte-Marguerite 3", "type_iris": "H", "arr": "11e", "n": 44, "prix_med": 118.0, "pct_multi": 29.5, "pct_entire": 90.9, "ratio_lh": 1.02 }, "geometry": { "type": "MultiPolygon", "coordinates": [ [ [ [ 2.391973134719696, 48.848968531528755 ], [ 2.389496724149868, 48.849346240391817 ], [ 2.384707528580461, 48.850084359018055 ], [ 2.384449460955182, 48.850473350954879 ], [ 2.3865551465213, 48.850455386262411 ], [ 2.390577831984812, 48.850472345966871 ], [ 2.391973134719696, 48.848968531528755 ] ] ] ] } },
{ "type": "Feature", "properties": { "code_iris": "751114404", "nom_iris": "Sainte-Marguerite 4", "type_iris": "H", "arr": "11e", "n": 89, "prix_med": 188.0, "pct_multi": 39.3, "pct_entire": 89.9, "ratio_lh": 1.13 }, "geometry": { "type": "MultiPolygon", "coordinates": [ [ [ [ 2.378555472483217, 48.850703695477897 ], [ 2.377805079911062, 48.85089045857206 ], [ 2.373812582082284, 48.851874207933342 ], [ 2.37457801211835, 48.852934950531186 ], [ 2.374702208524999, 48.853033629006909 ], [ 2.375085839006644, 48.853204711363475 ], [ 2.37554393392166, 48.853303333606661 ], [ 2.376840388761047, 48.853270521108684 ], [ 2.378214175614867, 48.853266875702694 ], [ 2.378520495385053, 48.853293648951201 ], [ 2.378462999947351, 48.852743846442394 ], [ 2.378274608854456, 48.85265652990946 ], [ 2.377924680464209, 48.851716686601911 ], [ 2.377943243870643, 48.851645734243291 ], [ 2.37878973445011, 48.851515229204217 ], [ 2.378555472483217, 48.850703695477897 ] ] ] ] } },
{ "type": "Feature", "properties": { "code_iris": "751114405", "nom_iris": "Sainte-Marguerite 5", "type_iris": "H", "arr": "11e", "n": 60, "prix_med": 139.0, "pct_multi": 38.3, "pct_entire": 91.7, "ratio_lh": 1.07 }, "geometry": { "type": "MultiPolygon", "coordinates": [ [ [ [ 2.37938717089219, 48.850555122286963 ], [ 2.378555472483217, 48.850703695477897 ], [ 2.37878973445011, 48.851515229204217 ], [ 2.377943243870643, 48.851645734243291 ], [ 2.377924680464209, 48.851716686601911 ], [ 2.378274608854456, 48.85265652990946 ], [ 2.378462999947351, 48.852743846442394 ], [ 2.378520495385053, 48.853293648951201 ], [ 2.378734180132954, 48.853317242417276 ], [ 2.37944462916089, 48.85339737394731 ], [ 2.380429043008459, 48.853589540326361 ], [ 2.381142850605099, 48.852584162050604 ], [ 2.380311179551233, 48.85112380605274 ], [ 2.380114712394509, 48.850455468182119 ], [ 2.37938717089219, 48.850555122286963 ] ] ] ] } },
{ "type": "Feature", "properties": { "code_iris": "751114406", "nom_iris": "Sainte-Marguerite 6", "type_iris": "H", "arr": "11e", "n": 101, "prix_med": 139.0, "pct_multi": 38.6, "pct_entire": 96.0, "ratio_lh": 1.12 }, "geometry": { "type": "MultiPolygon", "coordinates": [ [ [ [ 2.384707528580461, 48.850084359018055 ], [ 2.38445763880411, 48.850127141997085 ], [ 2.381426253806176, 48.850408294800395 ], [ 2.380114712394509, 48.850455468182119 ], [ 2.380311179551233, 48.85112380605274 ], [ 2.381142850605099, 48.852584162050604 ], [ 2.380429043008459, 48.853589540326361 ], [ 2.382030497854425, 48.853925185589418 ], [ 2.382405600140141, 48.854013459894048 ], [ 2.383247845297332, 48.852516787237747 ], [ 2.384449460955182, 48.850473350954879 ], [ 2.384707528580461, 48.850084359018055 ] ] ] ] } },
{ "type": "Feature", "properties": { "code_iris": "751114407", "nom_iris": "Sainte-Marguerite 7", "type_iris": "H", "arr": "11e", "n": 66, "prix_med": 132.5, "pct_multi": 36.4, "pct_entire": 84.8, "ratio_lh": 1.14 }, "geometry": { "type": "MultiPolygon", "coordinates": [ [ [ [ 2.384449460955182, 48.850473350954879 ], [ 2.383247845297332, 48.852516787237747 ], [ 2.384881569417685, 48.852657401837995 ], [ 2.386230177793193, 48.852938629356132 ], [ 2.3865551465213, 48.850455386262411 ], [ 2.384449460955182, 48.850473350954879 ] ] ] ] } },
{ "type": "Feature", "properties": { "code_iris": "751114408", "nom_iris": "Sainte-Marguerite 8", "type_iris": "H", "arr": "11e", "n": 69, "prix_med": 126.0, "pct_multi": 24.6, "pct_entire": 95.7, "ratio_lh": 1.03 }, "geometry": { "type": "MultiPolygon", "coordinates": [ [ [ [ 2.386230177793193, 48.852938629356132 ], [ 2.387718446026721, 48.853281712108043 ], [ 2.388440270056142, 48.852858211975189 ], [ 2.388617320008402, 48.852752094004352 ], [ 2.392516492310897, 48.850403061775395 ], [ 2.390577831984812, 48.850472345966871 ], [ 2.3865551465213, 48.850455386262411 ], [ 2.386230177793193, 48.852938629356132 ] ] ] ] } },
{ "type": "Feature", "properties": { "code_iris": "751114409", "nom_iris": "Sainte-Marguerite 9", "type_iris": "H", "arr": "11e", "n": 75, "prix_med": 122.0, "pct_multi": 12.0, "pct_entire": 90.7, "ratio_lh": 1.01 }, "geometry": { "type": "MultiPolygon", "coordinates": [ [ [ [ 2.388617320008402, 48.852752094004352 ], [ 2.392700281911386, 48.853576006582401 ], [ 2.394489227175594, 48.850684666029913 ], [ 2.392516492310897, 48.850403061775395 ], [ 2.388617320008402, 48.852752094004352 ] ] ] ] } },
{ "type": "Feature", "properties": { "code_iris": "751114410", "nom_iris": "Sainte-Marguerite 10", "type_iris": "H", "arr": "11e", "n": 32, "prix_med": 132.0, "pct_multi": 28.1, "pct_entire": 96.9, "ratio_lh": 1.03 }, "geometry": { "type": "MultiPolygon", "coordinates": [ [ [ [ 2.396012785487526, 48.854331138914525 ], [ 2.397079060811191, 48.852991089519364 ], [ 2.398394619444394, 48.851301535998793 ], [ 2.39516854179008, 48.850745660487597 ], [ 2.394489227175594, 48.850684666029913 ], [ 2.392700281911386, 48.853576006582401 ], [ 2.393207640646957, 48.853660421407561 ], [ 2.396012785487526, 48.854331138914525 ] ] ] ] } },
{ "type": "Feature", "properties": { "code_iris": "751114411", "nom_iris": "Sainte-Marguerite 11", "type_iris": "H", "arr": "11e", "n": 90, "prix_med": 126.5, "pct_multi": 21.1, "pct_entire": 96.7, "ratio_lh": 1.05 }, "geometry": { "type": "MultiPolygon", "coordinates": [ [ [ [ 2.394345091773725, 48.85651981725605 ], [ 2.396012785487526, 48.854331138914525 ], [ 2.393207640646957, 48.853660421407561 ], [ 2.392700281911386, 48.853576006582401 ], [ 2.388617320008402, 48.852752094004352 ], [ 2.388440270056142, 48.852858211975189 ], [ 2.388008418629598, 48.853772442192117 ], [ 2.390858110556406, 48.854358070414534 ], [ 2.390262152072816, 48.855322734734045 ], [ 2.390163702926789, 48.855583044142897 ], [ 2.391329663195242, 48.855758058181884 ], [ 2.392171771409601, 48.855889146829469 ], [ 2.394345091773725, 48.85651981725605 ] ] ] ] } },
{ "type": "Feature", "properties": { "code_iris": "751114412", "nom_iris": "Sainte-Marguerite 12", "type_iris": "H", "arr": "11e", "n": 68, "prix_med": 124.5, "pct_multi": 32.4, "pct_entire": 85.3, "ratio_lh": 1.1 }, "geometry": { "type": "MultiPolygon", "coordinates": [ [ [ [ 2.387117621901007, 48.855119605445061 ], [ 2.390163702926789, 48.855583044142897 ], [ 2.390262152072816, 48.855322734734045 ], [ 2.390858110556406, 48.854358070414534 ], [ 2.388008418629598, 48.853772442192117 ], [ 2.388440270056142, 48.852858211975189 ], [ 2.387718446026721, 48.853281712108043 ], [ 2.385327676682735, 48.854697622654726 ], [ 2.387117621901007, 48.855119605445061 ] ] ] ] } },
{ "type": "Feature", "properties": { "code_iris": "751114413", "nom_iris": "Sainte-Marguerite 13", "type_iris": "H", "arr": "11e", "n": 69, "prix_med": 137.0, "pct_multi": 31.9, "pct_entire": 97.1, "ratio_lh": 1.08 }, "geometry": { "type": "MultiPolygon", "coordinates": [ [ [ [ 2.383247845297332, 48.852516787237747 ], [ 2.382405600140141, 48.854013459894048 ], [ 2.385327676682735, 48.854697622654726 ], [ 2.387718446026721, 48.853281712108043 ], [ 2.386230177793193, 48.852938629356132 ], [ 2.384881569417685, 48.852657401837995 ], [ 2.383247845297332, 48.852516787237747 ] ] ] ] } },
{ "type": "Feature", "properties": { "code_iris": "751124501", "nom_iris": "Bel-Air 1", "type_iris": "H", "arr": "12e", "n": 14, "prix_med": 88.5, "pct_multi": 21.4, "pct_entire": 57.1, "ratio_lh": 1.17 }, "geometry": { "type": "MultiPolygon", "coordinates": [ [ [ [ 2.414046530133938, 48.839759549826958 ], [ 2.412852033331908, 48.836216506762881 ], [ 2.412245612562639, 48.834538914678532 ], [ 2.411471874927622, 48.833928938778136 ], [ 2.410880016072129, 48.833982685027358 ], [ 2.410270628702279, 48.83414066816885 ], [ 2.409829812222219, 48.834330058454618 ], [ 2.409774435716869, 48.834408029869323 ], [ 2.408170135527091, 48.834960406163837 ], [ 2.407979003756543, 48.834875819472174 ], [ 2.407781085115324, 48.834549269975945 ], [ 2.407560248455296, 48.834321536595432 ], [ 2.407250314698875, 48.834141926916956 ], [ 2.405530408694009, 48.833242120525085 ], [ 2.404435713882528, 48.832950676422179 ], [ 2.404177933082124, 48.832500609033303 ], [ 2.403894202061208, 48.832295039166425 ], [ 2.402175894369019, 48.833404374507843 ], [ 2.404451000840054, 48.834235945184027 ], [ 2.404902026297711, 48.834466628613797 ], [ 2.406569017367902, 48.835469607183356 ], [ 2.407675246083633, 48.836430213789399 ], [ 2.407919943533368, 48.836837037672112 ], [ 2.408564026055103, 48.838907855582143 ], [ 2.409040568835738, 48.84037796596678 ], [ 2.409149653603645, 48.84073105355764 ], [ 2.410391866433805, 48.840765962154961 ], [ 2.410762875386304, 48.84085053122174 ], [ 2.411449678279635, 48.841083248672533 ], [ 2.412058821669267, 48.841074552424381 ], [ 2.412511065174265, 48.841205382521473 ], [ 2.41253512888999, 48.841125457812701 ], [ 2.413118482817416, 48.841229049291222 ], [ 2.413195154412282, 48.841196149165057 ], [ 2.413285448698135, 48.840921388422636 ], [ 2.413205669796642, 48.840383180657639 ], [ 2.413061986188211, 48.839954380860512 ], [ 2.413738936446429, 48.839851576082367 ], [ 2.413913294575755, 48.839855128552401 ], [ 2.413897865914286, 48.839773211268763 ], [ 2.414046530133938, 48.839759549826958 ] ] ] ] } },
{ "type": "Feature", "properties": { "code_iris": "751124502", "nom_iris": "Bel-Air 2", "type_iris": "H", "arr": "12e", "n": 44, "prix_med": 138.5, "pct_multi": 34.1, "pct_entire": 90.9, "ratio_lh": 1.19 }, "geometry": { "type": "MultiPolygon", "coordinates": [ [ [ [ 2.404451000840054, 48.834235945184027 ], [ 2.402910572654274, 48.836224853006371 ], [ 2.403452280422746, 48.836627772361716 ], [ 2.403808001155794, 48.837688095249888 ], [ 2.408152009854913, 48.838836566983744 ], [ 2.408564026055103, 48.838907855582143 ], [ 2.407919943533368, 48.836837037672112 ], [ 2.407675246083633, 48.836430213789399 ], [ 2.406569017367902, 48.835469607183356 ], [ 2.404902026297711, 48.834466628613797 ], [ 2.404451000840054, 48.834235945184027 ] ] ] ] } },
{ "type": "Feature", "properties": { "code_iris": "751124503", "nom_iris": "Bel-Air 3", "type_iris": "H", "arr": "12e", "n": 18, "prix_med": 115.0, "pct_multi": 38.9, "pct_entire": 83.3, "ratio_lh": 1.2 }, "geometry": { "type": "MultiPolygon", "coordinates": [ [ [ [ 2.403808001155794, 48.837688095249888 ], [ 2.404380849332338, 48.83977926509592 ], [ 2.404464919623959, 48.840053089093871 ], [ 2.406405909203875, 48.840102308299073 ], [ 2.407886821420527, 48.84035247478878 ], [ 2.409040568835738, 48.84037796596678 ], [ 2.408564026055103, 48.838907855582143 ], [ 2.408152009854913, 48.838836566983744 ], [ 2.403808001155794, 48.837688095249888 ] ] ] ] } },
{ "type": "Feature", "properties": { "code_iris": "751124504", "nom_iris": "Bel-Air 4", "type_iris": "H", "arr": "12e", "n": 22, "prix_med": 148.0, "pct_multi": 18.2, "pct_entire": 90.9, "ratio_lh": 1.0 }, "geometry": { "type": "MultiPolygon", "coordinates": [ [ [ [ 2.402262573372123, 48.837131771650157 ], [ 2.402124399648174, 48.83718144538728 ], [ 2.402203364610364, 48.837305052687618 ], [ 2.402120056859217, 48.837560055168652 ], [ 2.40132796588075, 48.838554384942505 ], [ 2.400109892149316, 48.83974173446871 ], [ 2.402519058144565, 48.839716018787364 ], [ 2.404380849332338, 48.83977926509592 ], [ 2.403808001155794, 48.837688095249888 ], [ 2.403452280422746, 48.836627772361716 ], [ 2.402910572654274, 48.836224853006371 ], [ 2.402262573372123, 48.837131771650157 ] ] ] ] } },
{ "type": "Feature", "properties": { "code_iris": "751124505", "nom_iris": "Bel-Air 5", "type_iris": "H", "arr": "12e", "n": 29, "prix_med": 118.0, "pct_multi": 20.7, "pct_entire": 89.7, "ratio_lh": 1.04 }, "geometry": { "type": "MultiPolygon", "coordinates": [ [ [ [ 2.40153186483667, 48.842985650235505 ], [ 2.402315594704845, 48.84284477182505 ], [ 2.402301757114098, 48.841081060687792 ], [ 2.404696524648475, 48.840889746867767 ], [ 2.404464919623959, 48.840053089093871 ], [ 2.404380849332338, 48.83977926509592 ], [ 2.402519058144565, 48.839716018787364 ], [ 2.400109892149316, 48.83974173446871 ], [ 2.400366597146495, 48.839930088498875 ], [ 2.40153186483667, 48.842985650235505 ] ] ] ] } },
{ "type": "Feature", "properties": { "code_iris": "751124506", "nom_iris": "Bel-Air 6", "type_iris": "H", "arr": "12e", "n": 8, "prix_med": 244.0, "pct_multi": 37.5, "pct_entire": 87.5, "ratio_lh": 1.14 }, "geometry": { "type": "MultiPolygon", "coordinates": [ [ [ [ 2.402315594704845, 48.84284477182505 ], [ 2.402339825213677, 48.843345835051274 ], [ 2.405271021661577, 48.84296202780255 ], [ 2.404696524648475, 48.840889746867767 ], [ 2.402301757114098, 48.841081060687792 ], [ 2.402315594704845, 48.84284477182505 ] ] ] ] } },
{ "type": "Feature", "properties": { "code_iris": "751124507", "nom_iris": "Bel-Air 7", "type_iris": "H", "arr": "12e", "n": 28, "prix_med": 118.5, "pct_multi": 7.1, "pct_entire": 75.0, "ratio_lh": 1.0 }, "geometry": { "type": "MultiPolygon", "coordinates": [ [ [ [ 2.402315594704845, 48.84284477182505 ], [ 2.40153186483667, 48.842985650235505 ], [ 2.40225665474387, 48.84501372620624 ], [ 2.402543644553275, 48.844940513231755 ], [ 2.402993159631136, 48.844953549549679 ], [ 2.405742823690529, 48.844723514065876 ], [ 2.405366512610043, 48.843310553758762 ], [ 2.405271021661577, 48.84296202780255 ], [ 2.402339825213677, 48.843345835051274 ], [ 2.402315594704845, 48.84284477182505 ] ] ] ] } },
{ "type": "Feature", "properties": { "code_iris": "751124508", "nom_iris": "Bel-Air 8", "type_iris": "H", "arr": "12e", "n": 31, "prix_med": 111.0, "pct_multi": 25.8, "pct_entire": 93.5, "ratio_lh": 1.03 }, "geometry": { "type": "MultiPolygon", "coordinates": [ [ [ [ 2.405366512610043, 48.843310553758762 ], [ 2.405742823690529, 48.844723514065876 ], [ 2.410317615612648, 48.844318057648564 ], [ 2.409469404333803, 48.841731819706268 ], [ 2.409223794839457, 48.841762983905419 ], [ 2.408324796410202, 48.841738754942803 ], [ 2.408831867848419, 48.843882631458975 ], [ 2.408315908253652, 48.843961922129253 ], [ 2.407908074081701, 48.842919348497119 ], [ 2.406545524589437, 48.843157222129712 ], [ 2.405366512610043, 48.843310553758762 ] ] ] ] } },
{ "type": "Feature", "properties": { "code_iris": "751124509", "nom_iris": "Bel-Air 9", "type_iris": "H", "arr": "12e", "n": 15, "prix_med": 137.0, "pct_multi": 20.0, "pct_entire": 86.7, "ratio_lh": 1.0 }, "geometry": { "type": "MultiPolygon", "coordinates": [ [ [ [ 2.404464919623959, 48.840053089093871 ], [ 2.404696524648475, 48.840889746867767 ], [ 2.405271021661577, 48.84296202780255 ], [ 2.405366512610043, 48.843310553758762 ], [ 2.406545524589437, 48.843157222129712 ], [ 2.407908074081701, 48.842919348497119 ], [ 2.408315908253652, 48.843961922129253 ], [ 2.408831867848419, 48.843882631458975 ], [ 2.408324796410202, 48.841738754942803 ], [ 2.409223794839457, 48.841762983905419 ], [ 2.409469404333803, 48.841731819706268 ], [ 2.409149653603645, 48.84073105355764 ], [ 2.409040568835738, 48.84037796596678 ], [ 2.407886821420527, 48.84035247478878 ], [ 2.406405909203875, 48.840102308299073 ], [ 2.404464919623959, 48.840053089093871 ] ] ] ] } },
{ "type": "Feature", "properties": { "code_iris": "751124510", "nom_iris": "Bel-Air 10", "type_iris": "H", "arr": "12e", "n": 11, "prix_med": 88.0, "pct_multi": 18.2, "pct_entire": 72.7, "ratio_lh": 1.0 }, "geometry": { "type": "MultiPolygon", "coordinates": [ [ [ [ 2.415299092607447, 48.84384966124216 ], [ 2.414849601173434, 48.84237881434931 ], [ 2.414046530133938, 48.839759549826958 ], [ 2.413897865914286, 48.839773211268763 ], [ 2.413913294575755, 48.839855128552401 ], [ 2.413738936446429, 48.839851576082367 ], [ 2.413061986188211, 48.839954380860512 ], [ 2.413205669796642, 48.840383180657639 ], [ 2.413285448698135, 48.840921388422636 ], [ 2.413195154412282, 48.841196149165057 ], [ 2.413118482817416, 48.841229049291222 ], [ 2.41253512888999, 48.841125457812701 ], [ 2.412511065174265, 48.841205382521473 ], [ 2.412058821669267, 48.841074552424381 ], [ 2.411449678279635, 48.841083248672533 ], [ 2.410762875386304, 48.84085053122174 ], [ 2.410391866433805, 48.840765962154961 ], [ 2.409149653603645, 48.84073105355764 ], [ 2.409469404333803, 48.841731819706268 ], [ 2.410317615612648, 48.844318057648564 ], [ 2.411675207458999, 48.844158360824181 ], [ 2.415299092607447, 48.84384966124216 ] ] ] ] } },
{ "type": "Feature", "properties": { "code_iris": "751124511", "nom_iris": "Bel-Air 11", "type_iris": "H", "arr": "12e", "n": 6, "prix_med": 167.5, "pct_multi": 16.7, "pct_entire": 100.0, "ratio_lh": 1.0 }, "geometry": { "type": "MultiPolygon", "coordinates": [ [ [ [ 2.411068913600706, 48.847046803379627 ], [ 2.415971110769568, 48.846622956282296 ], [ 2.415663673457238, 48.844996321963052 ], [ 2.415299092607447, 48.84384966124216 ], [ 2.411675207458999, 48.844158360824181 ], [ 2.410317615612648, 48.844318057648564 ], [ 2.410767158553957, 48.845774530135955 ], [ 2.411068913600706, 48.847046803379627 ] ] ] ] } },
{ "type": "Feature", "properties": { "code_iris": "751124512", "nom_iris": "Bel-Air 12", "type_iris": "H", "arr": "12e", "n": 52, "prix_med": 107.5, "pct_multi": 34.6, "pct_entire": 90.4, "ratio_lh": 1.21 }, "geometry": { "type": "MultiPolygon", "coordinates": [ [ [ [ 2.406296268896808, 48.847454904440625 ], [ 2.411068913600706, 48.847046803379627 ], [ 2.410767158553957, 48.845774530135955 ], [ 2.410317615612648, 48.844318057648564 ], [ 2.405742823690529, 48.844723514065876 ], [ 2.406296268896808, 48.847454904440625 ] ] ] ] } },
{ "type": "Feature", "properties": { "code_iris": "751124513", "nom_iris": "Bel-Air 13", "type_iris": "H", "arr": "12e", "n": 35, "prix_med": 138.0, "pct_multi": 40.0, "pct_entire": 85.7, "ratio_lh": 1.09 }, "geometry": { "type": "MultiPolygon", "coordinates": [ [ [ [ 2.403457625643953, 48.847707892356269 ], [ 2.406296268896808, 48.847454904440625 ], [ 2.405742823690529, 48.844723514065876 ], [ 2.402993159631136, 48.844953549549679 ], [ 2.402543644553275, 48.844940513231755 ], [ 2.40225665474387, 48.84501372620624 ], [ 2.402509665090365, 48.845051863680084 ], [ 2.403151483043819, 48.845763759633286 ], [ 2.403457625643953, 48.847707892356269 ] ] ] ] } },
{ "type": "Feature", "properties": { "code_iris": "751124514", "nom_iris": "Bel-Air 14", "type_iris": "H", "arr": "12e", "n": 29, "prix_med": 99.0, "pct_multi": 37.9, "pct_entire": 89.7, "ratio_lh": 1.0 }, "geometry": { "type": "MultiPolygon", "coordinates": [ [ [ [ 2.39912112864224, 48.848098095635009 ], [ 2.403457625643953, 48.847707892356269 ], [ 2.403151483043819, 48.845763759633286 ], [ 2.402509665090365, 48.845051863680084 ], [ 2.40225665474387, 48.84501372620624 ], [ 2.40230113504029, 48.845174933158212 ], [ 2.399094141439523, 48.847365885843566 ], [ 2.399022916678645, 48.847515720265292 ], [ 2.39912112864224, 48.848098095635009 ] ] ] ] } },
{ "type": "Feature", "properties": { "code_iris": "751124601", "nom_iris": "Picpus 1", "type_iris": "H", "arr": "12e", "n": 34, "prix_med": 91.0, "pct_multi": 38.2, "pct_entire": 94.1, "ratio_lh": 1.06 }, "geometry": { "type": "MultiPolygon", "coordinates": [ [ [ [ 2.402262573372123, 48.837131771650157 ], [ 2.402910572654274, 48.836224853006371 ], [ 2.404451000840054, 48.834235945184027 ], [ 2.402175894369019, 48.833404374507843 ], [ 2.40151186135711, 48.833929880414409 ], [ 2.39962789946511, 48.835810003363832 ], [ 2.402262573372123, 48.837131771650157 ] ] ] ] } },
{ "type": "Feature", "properties": { "code_iris": "751124602", "nom_iris": "Picpus 2", "type_iris": "H", "arr": "12e", "n": 26, "prix_med": 119.0, "pct_multi": 7.7, "pct_entire": 92.3, "ratio_lh": 1.0 }, "geometry": { "type": "MultiPolygon", "coordinates": [ [ [ [ 2.399923697264006, 48.832600754871656 ], [ 2.399216578589004, 48.833081064007239 ], [ 2.398182566725453, 48.833908678264415 ], [ 2.397716294054253, 48.834175241473424 ], [ 2.398593444532919, 48.835018762419928 ], [ 2.39962789946511, 48.835810003363832 ], [ 2.40151186135711, 48.833929880414409 ], [ 2.402175894369019, 48.833404374507843 ], [ 2.399923697264006, 48.832600754871656 ] ] ] ] } },
{ "type": "Feature", "properties": { "code_iris": "751124603", "nom_iris": "Picpus 3", "type_iris": "H", "arr": "12e", "n": 10, "prix_med": 129.0, "pct_multi": 20.0, "pct_entire": 100.0, "ratio_lh": 1.0 }, "geometry": { "type": "MultiPolygon", "coordinates": [ [ [ [ 2.394908266072776, 48.833609757642336 ], [ 2.396799708049057, 48.834623003145467 ], [ 2.397716294054253, 48.834175241473424 ], [ 2.398182566725453, 48.833908678264415 ], [ 2.399216578589004, 48.833081064007239 ], [ 2.399923697264006, 48.832600754871656 ], [ 2.397794614081284, 48.831759039065851 ], [ 2.394908266072776, 48.833609757642336 ] ] ] ] } },
{ "type": "Feature", "properties": { "code_iris": "751124604", "nom_iris": "Picpus 4", "type_iris": "H", "arr": "12e", "n": 14, "prix_med": 134.0, "pct_multi": 28.6, "pct_entire": 85.7, "ratio_lh": 1.0 }, "geometry": { "type": "MultiPolygon", "coordinates": [ [ [ [ 2.391289970832807, 48.837223032704593 ], [ 2.391822868990754, 48.836973022283011 ], [ 2.393175681745038, 48.836627342482203 ], [ 2.393034816026528, 48.836439560119032 ], [ 2.394201918089932, 48.835894166697273 ], [ 2.395987890270697, 48.834963363045937 ], [ 2.396799708049057, 48.834623003145467 ], [ 2.394908266072776, 48.833609757642336 ], [ 2.393996543006685, 48.834223905351337 ], [ 2.392799057409492, 48.835275485606303 ], [ 2.391289970832807, 48.837223032704593 ] ] ] ] } },
{ "type": "Feature", "properties": { "code_iris": "751124605", "nom_iris": "Picpus 5", "type_iris": "H", "arr": "12e", "n": 34, "prix_med": 89.5, "pct_multi": 29.4, "pct_entire": 97.1, "ratio_lh": 1.06 }, "geometry": { "type": "MultiPolygon", "coordinates": [ [ [ [ 2.396799708049057, 48.834623003145467 ], [ 2.395987890270697, 48.834963363045937 ], [ 2.394201918089932, 48.835894166697273 ], [ 2.393034816026528, 48.836439560119032 ], [ 2.393175681745038, 48.836627342482203 ], [ 2.397087820161141, 48.835626347765064 ], [ 2.398440315253286, 48.836718689195742 ], [ 2.39962789946511, 48.835810003363832 ], [ 2.398593444532919, 48.835018762419928 ], [ 2.397716294054253, 48.834175241473424 ], [ 2.396799708049057, 48.834623003145467 ] ] ] ] } },
{ "type": "Feature", "properties": { "code_iris": "751124606", "nom_iris": "Picpus 6", "type_iris": "H", "arr": "12e", "n": 39, "prix_med": 93.0, "pct_multi": 30.8, "pct_entire": 89.7, "ratio_lh": 1.05 }, "geometry": { "type": "MultiPolygon", "coordinates": [ [ [ [ 2.402124399648174, 48.83718144538728 ], [ 2.402262573372123, 48.837131771650157 ], [ 2.39962789946511, 48.835810003363832 ], [ 2.398440315253286, 48.836718689195742 ], [ 2.396689824827094, 48.838231594404078 ], [ 2.396245705554503, 48.838698820479529 ], [ 2.395869603988531, 48.83917448253866 ], [ 2.395820481763189, 48.839298346294079 ], [ 2.396786887937496, 48.839144935946109 ], [ 2.402124399648174, 48.83718144538728 ] ] ] ] } },
{ "type": "Feature", "properties": { "code_iris": "751124608", "nom_iris": "Picpus 8", "type_iris": "H", "arr": "12e", "n": 27, "prix_med": 126.0, "pct_multi": 44.4, "pct_entire": 85.2, "ratio_lh": 1.08 }, "geometry": { "type": "MultiPolygon", "coordinates": [ [ [ [ 2.394935902460187, 48.839796618033581 ], [ 2.395010547897826, 48.839939094585795 ], [ 2.395208395329717, 48.840031829827787 ], [ 2.395371227550664, 48.840089312690154 ], [ 2.395520867499654, 48.839992038639409 ], [ 2.396463430552899, 48.839780951356047 ], [ 2.396470223505794, 48.839664968085529 ], [ 2.397119902702166, 48.839566616393064 ], [ 2.399643654114834, 48.83964676128906 ], [ 2.400109892149316, 48.83974173446871 ], [ 2.40132796588075, 48.838554384942505 ], [ 2.402120056859217, 48.837560055168652 ], [ 2.402203364610364, 48.837305052687618 ], [ 2.402124399648174, 48.83718144538728 ], [ 2.396786887937496, 48.839144935946109 ], [ 2.395820481763189, 48.839298346294079 ], [ 2.395243997178425, 48.83942943801577 ], [ 2.394963594064842, 48.83940643541149 ], [ 2.394935270847784, 48.839498926349385 ], [ 2.394864180615933, 48.839637068345283 ], [ 2.394935902460187, 48.839796618033581 ] ] ] ] } },
{ "type": "Feature", "properties": { "code_iris": "751124609", "nom_iris": "Picpus 9", "type_iris": "H", "arr": "12e", "n": 19, "prix_med": 107.0, "pct_multi": 31.6, "pct_entire": 84.2, "ratio_lh": 1.06 }, "geometry": { "type": "MultiPolygon", "coordinates": [ [ [ [ 2.393471824398542, 48.83693552743032 ], [ 2.394375562304404, 48.837834073262684 ], [ 2.396245705554503, 48.838698820479529 ], [ 2.396689824827094, 48.838231594404078 ], [ 2.398440315253286, 48.836718689195742 ], [ 2.397087820161141, 48.835626347765064 ], [ 2.393175681745038, 48.836627342482203 ], [ 2.393471824398542, 48.83693552743032 ] ] ] ] } },
{ "type": "Feature", "properties": { "code_iris": "751124610", "nom_iris": "Picpus 10", "type_iris": "H", "arr": "12e", "n": 25, "prix_med": 153.0, "pct_multi": 32.0, "pct_entire": 96.0, "ratio_lh": 1.09 }, "geometry": { "type": "MultiPolygon", "coordinates": [ [ [ [ 2.396245705554503, 48.838698820479529 ], [ 2.394375562304404, 48.837834073262684 ], [ 2.393471824398542, 48.83693552743032 ], [ 2.391512885470039, 48.837501170729269 ], [ 2.394598158635749, 48.839431567334906 ], [ 2.394935270847784, 48.839498926349385 ], [ 2.394963594064842, 48.83940643541149 ], [ 2.395243997178425, 48.83942943801577 ], [ 2.395820481763189, 48.839298346294079 ], [ 2.395869603988531, 48.83917448253866 ], [ 2.396245705554503, 48.838698820479529 ] ] ] ] } },
{ "type": "Feature", "properties": { "code_iris": "751124611", "nom_iris": "Picpus 11", "type_iris": "H", "arr": "12e", "n": 41, "prix_med": 100.0, "pct_multi": 34.1, "pct_entire": 70.7, "ratio_lh": 1.14 }, "geometry": { "type": "MultiPolygon", "coordinates": [ [ [ [ 2.393175681745038, 48.836627342482203 ], [ 2.391822868990754, 48.836973022283011 ], [ 2.391289970832807, 48.837223032704593 ], [ 2.389566067953441, 48.838656825537086 ], [ 2.389233868012838, 48.838985195722245 ], [ 2.394598158635749, 48.839431567334906 ], [ 2.391512885470039, 48.837501170729269 ], [ 2.393471824398542, 48.83693552743032 ], [ 2.393175681745038, 48.836627342482203 ] ] ] ] } },
{ "type": "Feature", "properties": { "code_iris": "751124612", "nom_iris": "Picpus 12", "type_iris": "H", "arr": "12e", "n": 51, "prix_med": 106.0, "pct_multi": 35.3, "pct_entire": 88.2, "ratio_lh": 1.13 }, "geometry": { "type": "MultiPolygon", "coordinates": [ [ [ [ 2.389233868012838, 48.838985195722245 ], [ 2.388813186253551, 48.839538852644729 ], [ 2.387276443655293, 48.841265858499582 ], [ 2.387258529583018, 48.841398872068204 ], [ 2.387363161953784, 48.841538808796308 ], [ 2.388866655704539, 48.841137290273707 ], [ 2.394935902460187, 48.839796618033581 ], [ 2.394864180615933, 48.839637068345283 ], [ 2.394935270847784, 48.839498926349385 ], [ 2.394598158635749, 48.839431567334906 ], [ 2.389233868012838, 48.838985195722245 ] ] ] ] } },
{ "type": "Feature", "properties": { "code_iris": "751124613", "nom_iris": "Picpus 13", "type_iris": "H", "arr": "12e", "n": 34, "prix_med": 120.0, "pct_multi": 44.1, "pct_entire": 82.4, "ratio_lh": 1.21 }, "geometry": { "type": "MultiPolygon", "coordinates": [ [ [ [ 2.395208395329717, 48.840031829827787 ], [ 2.395010547897826, 48.839939094585795 ], [ 2.394935902460187, 48.839796618033581 ], [ 2.388866655704539, 48.841137290273707 ], [ 2.387363161953784, 48.841538808796308 ], [ 2.38658237380528, 48.841890954205468 ], [ 2.385912574333361, 48.842651973482248 ], [ 2.389935024524506, 48.844500050212915 ], [ 2.390269527823669, 48.844210363668694 ], [ 2.393653848642818, 48.841432358315885 ], [ 2.394075567251052, 48.841020789628232 ], [ 2.395208395329717, 48.840031829827787 ] ] ] ] } },
{ "type": "Feature", "properties": { "code_iris": "751124614", "nom_iris": "Picpus 14", "type_iris": "H", "arr": "12e", "n": 32, "prix_med": 143.5, "pct_multi": 34.4, "pct_entire": 87.5, "ratio_lh": 1.14 }, "geometry": { "type": "MultiPolygon", "coordinates": [ [ [ [ 2.395208395329717, 48.840031829827787 ], [ 2.394075567251052, 48.841020789628232 ], [ 2.397455429907357, 48.842717864167895 ], [ 2.400109892149316, 48.83974173446871 ], [ 2.399643654114834, 48.83964676128906 ], [ 2.397119902702166, 48.839566616393064 ], [ 2.396470223505794, 48.839664968085529 ], [ 2.396463430552899, 48.839780951356047 ], [ 2.395520867499654, 48.839992038639409 ], [ 2.395371227550664, 48.840089312690154 ], [ 2.395208395329717, 48.840031829827787 ] ] ] ] } },
{ "type": "Feature", "properties": { "code_iris": "751124615", "nom_iris": "Picpus 15", "type_iris": "H", "arr": "12e", "n": 23, "prix_med": 132.0, "pct_multi": 13.0, "pct_entire": 91.3, "ratio_lh": 1.0 }, "geometry": { "type": "MultiPolygon", "coordinates": [ [ [ [ 2.397455429907357, 48.842717864167895 ], [ 2.395662543607725, 48.844929334192294 ], [ 2.395171331992444, 48.845456572787342 ], [ 2.395380681161972, 48.845616817039023 ], [ 2.398383534568902, 48.845297394837708 ], [ 2.401845352463756, 48.844995482051544 ], [ 2.40225665474387, 48.84501372620624 ], [ 2.40153186483667, 48.842985650235505 ], [ 2.400366597146495, 48.839930088498875 ], [ 2.400109892149316, 48.83974173446871 ], [ 2.397455429907357, 48.842717864167895 ] ] ] ] } },
{ "type": "Feature", "properties": { "code_iris": "751124616", "nom_iris": "Picpus 16", "type_iris": "H", "arr": "12e", "n": 32, "prix_med": 125.0, "pct_multi": 28.1, "pct_entire": 87.5, "ratio_lh": 1.14 }, "geometry": { "type": "MultiPolygon", "coordinates": [ [ [ [ 2.395171331992444, 48.845456572787342 ], [ 2.395662543607725, 48.844929334192294 ], [ 2.397455429907357, 48.842717864167895 ], [ 2.394075567251052, 48.841020789628232 ], [ 2.393653848642818, 48.841432358315885 ], [ 2.390269527823669, 48.844210363668694 ], [ 2.394234387215511, 48.846112859042158 ], [ 2.394468346088699, 48.846266034556557 ], [ 2.395171331992444, 48.845456572787342 ] ] ] ] } },
{ "type": "Feature", "properties": { "code_iris": "751124617", "nom_iris": "Picpus 17", "type_iris": "H", "arr": "12e", "n": 35, "prix_med": 145.0, "pct_multi": 31.4, "pct_entire": 97.1, "ratio_lh": 1.06 }, "geometry": { "type": "MultiPolygon", "coordinates": [ [ [ [ 2.393684108140836, 48.847147028377776 ], [ 2.394468346088699, 48.846266034556557 ], [ 2.394234387215511, 48.846112859042158 ], [ 2.390269527823669, 48.844210363668694 ], [ 2.389935024524506, 48.844500050212915 ], [ 2.388353912031366, 48.84581852870275 ], [ 2.391172220802084, 48.847187334073354 ], [ 2.391858235583918, 48.846553180126676 ], [ 2.392208210356241, 48.846456029472797 ], [ 2.393684108140836, 48.847147028377776 ] ] ] ] } },
{ "type": "Feature", "properties": { "code_iris": "751124618", "nom_iris": "Picpus 18", "type_iris": "H", "arr": "12e", "n": 31, "prix_med": 147.0, "pct_multi": 29.0, "pct_entire": 83.9, "ratio_lh": 1.11 }, "geometry": { "type": "MultiPolygon", "coordinates": [ [ [ [ 2.386774405168532, 48.84734114709574 ], [ 2.387143183870972, 48.847384407089336 ], [ 2.392842540255945, 48.848034021052555 ], [ 2.393684108140836, 48.847147028377776 ], [ 2.392208210356241, 48.846456029472797 ], [ 2.391858235583918, 48.846553180126676 ], [ 2.391172220802084, 48.847187334073354 ], [ 2.388353912031366, 48.84581852870275 ], [ 2.387453790398355, 48.846580175029047 ], [ 2.387132395641445, 48.846911290762407 ], [ 2.386774405168532, 48.84734114709574 ] ] ] ] } },
{ "type": "Feature", "properties": { "code_iris": "751124619", "nom_iris": "Picpus 19", "type_iris": "H", "arr": "12e", "n": 33, "prix_med": 114.0, "pct_multi": 30.3, "pct_entire": 87.9, "ratio_lh": 1.1 }, "geometry": { "type": "MultiPolygon", "coordinates": [ [ [ [ 2.385912574333361, 48.842651973482248 ], [ 2.385344179877231, 48.843247128256515 ], [ 2.383371114568672, 48.844863913891786 ], [ 2.385880911723988, 48.846148514700587 ], [ 2.387132395641445, 48.846911290762407 ], [ 2.387453790398355, 48.846580175029047 ], [ 2.388353912031366, 48.84581852870275 ], [ 2.389935024524506, 48.844500050212915 ], [ 2.385912574333361, 48.842651973482248 ] ] ] ] } },
{ "type": "Feature", "properties": { "code_iris": "751124620", "nom_iris": "Picpus 20", "type_iris": "H", "arr": "12e", "n": 20, "prix_med": 133.0, "pct_multi": 35.0, "pct_entire": 90.0, "ratio_lh": 1.05 }, "geometry": { "type": "MultiPolygon", "coordinates": [ [ [ [ 2.383781818978646, 48.847006499524269 ], [ 2.386774405168532, 48.84734114709574 ], [ 2.387132395641445, 48.846911290762407 ], [ 2.385880911723988, 48.846148514700587 ], [ 2.383371114568672, 48.844863913891786 ], [ 2.383781818978646, 48.847006499524269 ] ] ] ] } },
{ "type": "Feature", "properties": { "code_iris": "751124621", "nom_iris": "Picpus 21", "type_iris": "H", "arr": "12e", "n": 64, "prix_med": 145.0, "pct_multi": 31.2, "pct_entire": 89.1, "ratio_lh": 1.1 }, "geometry": { "type": "MultiPolygon", "coordinates": [ [ [ [ 2.38445763880411, 48.850127141997085 ], [ 2.384707528580461, 48.850084359018055 ], [ 2.389496724149868, 48.849346240391817 ], [ 2.389429866358586, 48.849237077424405 ], [ 2.388718310293542, 48.848674045880664 ], [ 2.387347233595588, 48.847646265204297 ], [ 2.387208312346908, 48.84752414077677 ], [ 2.387143183870972, 48.847384407089336 ], [ 2.386774405168532, 48.84734114709574 ], [ 2.383781818978646, 48.847006499524269 ], [ 2.384327031867612, 48.849993365673107 ], [ 2.38445763880411, 48.850127141997085 ] ] ] ] } },
{ "type": "Feature", "properties": { "code_iris": "751124622", "nom_iris": "Picpus 22", "type_iris": "H", "arr": "12e", "n": 35, "prix_med": 114.0, "pct_multi": 42.9, "pct_entire": 85.7, "ratio_lh": 1.13 }, "geometry": { "type": "MultiPolygon", "coordinates": [ [ [ [ 2.389496724149868, 48.849346240391817 ], [ 2.391973134719696, 48.848968531528755 ], [ 2.392842540255945, 48.848034021052555 ], [ 2.387143183870972, 48.847384407089336 ], [ 2.387208312346908, 48.84752414077677 ], [ 2.387347233595588, 48.847646265204297 ], [ 2.388718310293542, 48.848674045880664 ], [ 2.389429866358586, 48.849237077424405 ], [ 2.389496724149868, 48.849346240391817 ] ] ] ] } },
{ "type": "Feature", "properties": { "code_iris": "751124623", "nom_iris": "Picpus 23", "type_iris": "H", "arr": "12e", "n": 47, "prix_med": 120.0, "pct_multi": 31.9, "pct_entire": 68.1, "ratio_lh": 1.21 }, "geometry": { "type": "MultiPolygon", "coordinates": [ [ [ [ 2.391973134719696, 48.848968531528755 ], [ 2.395957776088525, 48.848378053912235 ], [ 2.397515647030773, 48.848234817602595 ], [ 2.397429956675641, 48.847985265013506 ], [ 2.397273712919334, 48.847827091022012 ], [ 2.396980574725568, 48.847605272088678 ], [ 2.396706816189449, 48.847475284271077 ], [ 2.397104688301196, 48.84700692740406 ], [ 2.398116063222968, 48.845567655017192 ], [ 2.398383534568902, 48.845297394837708 ], [ 2.395380681161972, 48.845616817039023 ], [ 2.395171331992444, 48.845456572787342 ], [ 2.394468346088699, 48.846266034556557 ], [ 2.393684108140836, 48.847147028377776 ], [ 2.392842540255945, 48.848034021052555 ], [ 2.391973134719696, 48.848968531528755 ] ] ] ] } },
{ "type": "Feature", "properties": { "code_iris": "751124624", "nom_iris": "Picpus 24", "type_iris": "H", "arr": "12e", "n": 20, "prix_med": 88.0, "pct_multi": 15.0, "pct_entire": 75.0, "ratio_lh": 1.05 }, "geometry": { "type": "MultiPolygon", "coordinates": [ [ [ [ 2.397515647030773, 48.848234817602595 ], [ 2.39912112864224, 48.848098095635009 ], [ 2.399022916678645, 48.847515720265292 ], [ 2.399094141439523, 48.847365885843566 ], [ 2.40230113504029, 48.845174933158212 ], [ 2.40225665474387, 48.84501372620624 ], [ 2.401845352463756, 48.844995482051544 ], [ 2.398383534568902, 48.845297394837708 ], [ 2.398116063222968, 48.845567655017192 ], [ 2.397104688301196, 48.84700692740406 ], [ 2.396706816189449, 48.847475284271077 ], [ 2.396980574725568, 48.847605272088678 ], [ 2.397273712919334, 48.847827091022012 ], [ 2.397429956675641, 48.847985265013506 ], [ 2.397515647030773, 48.848234817602595 ] ] ] ] } },
{ "type": "Feature", "properties": { "code_iris": "751124701", "nom_iris": "Bercy 1", "type_iris": "H", "arr": "12e", "n": 11, "prix_med": 200.0, "pct_multi": 45.5, "pct_entire": 72.7, "ratio_lh": 1.22 }, "geometry": { "type": "MultiPolygon", "coordinates": [ [ [ [ 2.386471597678369, 48.835906928461071 ], [ 2.38898715950574, 48.833880044508682 ], [ 2.388124652403376, 48.833428650188615 ], [ 2.387190388876279, 48.834215309490098 ], [ 2.38624145286584, 48.833584484876788 ], [ 2.382483831064524, 48.83660230191262 ], [ 2.383181882686852, 48.837020510566425 ], [ 2.385348012386388, 48.835296786626557 ], [ 2.386471597678369, 48.835906928461071 ] ] ] ] } },
{ "type": "Feature", "properties": { "code_iris": "751124702", "nom_iris": "Bercy 2", "type_iris": "H", "arr": "12e", "n": 9, "prix_med": 151.0, "pct_multi": 11.1, "pct_entire": 88.9, "ratio_lh": 1.0 }, "geometry": { "type": "MultiPolygon", "coordinates": [ [ [ [ 2.386471597678369, 48.835906928461071 ], [ 2.385348012386388, 48.835296786626557 ], [ 2.383181882686852, 48.837020510566425 ], [ 2.382037472971983, 48.837938250425267 ], [ 2.381796138188216, 48.83818342898639 ], [ 2.381096812182529, 48.838675361836394 ], [ 2.379593457083153, 48.839867323882096 ], [ 2.379022778154242, 48.840421967194189 ], [ 2.379246752768189, 48.840492380515002 ], [ 2.379611043993066, 48.840450201629473 ], [ 2.379702850641926, 48.840406608997149 ], [ 2.388113048382447, 48.838943493197007 ], [ 2.390022187145195, 48.837052890230929 ], [ 2.387680116776006, 48.83647972079671 ], [ 2.387639216111589, 48.836366191520312 ], [ 2.387059878174761, 48.836045748545274 ], [ 2.386915759237294, 48.836020727094855 ], [ 2.386774849221255, 48.836070369184448 ], [ 2.386471597678369, 48.835906928461071 ] ] ] ] } },
{ "type": "Feature", "properties": { "code_iris": "751124703", "nom_iris": "Bercy 3", "type_iris": "H", "arr": "12e", "n": 40, "prix_med": 100.0, "pct_multi": 45.0, "pct_entire": 70.0, "ratio_lh": 1.21 }, "geometry": { "type": "MultiPolygon", "coordinates": [ [ [ [ 2.38898715950574, 48.833880044508682 ], [ 2.386471597678369, 48.835906928461071 ], [ 2.386774849221255, 48.836070369184448 ], [ 2.386915759237294, 48.836020727094855 ], [ 2.387059878174761, 48.836045748545274 ], [ 2.387639216111589, 48.836366191520312 ], [ 2.387680116776006, 48.83647972079671 ], [ 2.390022187145195, 48.837052890230929 ], [ 2.388113048382447, 48.838943493197007 ], [ 2.388395293782851, 48.83892515065827 ], [ 2.389233868012838, 48.838985195722245 ], [ 2.389566067953441, 48.838656825537086 ], [ 2.391289970832807, 48.837223032704593 ], [ 2.392799057409492, 48.835275485606303 ], [ 2.393996543006685, 48.834223905351337 ], [ 2.394908266072776, 48.833609757642336 ], [ 2.397794614081284, 48.831759039065851 ], [ 2.39643215641114, 48.831186469133435 ], [ 2.395255495887533, 48.830805488894796 ], [ 2.392202342170251, 48.830134372280277 ], [ 2.391565518143597, 48.829957556037996 ], [ 2.389590018976143, 48.829165937556006 ], [ 2.388210328340551, 48.82856620276457 ], [ 2.387004192732901, 48.829891094368087 ], [ 2.386696387372285, 48.830001937513927 ], [ 2.386397424380449, 48.83028730288148 ], [ 2.386281238776363, 48.830320882766394 ], [ 2.388382755754442, 48.831865970740871 ], [ 2.390288655491092, 48.832908175420513 ], [ 2.390279304029062, 48.83300885682884 ], [ 2.390098169799876, 48.833004335844493 ], [ 2.38898715950574, 48.833880044508682 ] ] ] ] } },
{ "type": "Feature", "properties": { "code_iris": "751124704", "nom_iris": "Bercy 4", "type_iris": "H", "arr": "12e", "n": 19, "prix_med": 130.0, "pct_multi": 21.1, "pct_entire": 78.9, "ratio_lh": 1.06 }, "geometry": { "type": "MultiPolygon", "coordinates": [ [ [ [ 2.388113048382447, 48.838943493197007 ], [ 2.385048153265529, 48.842006289568737 ], [ 2.384864065484768, 48.842133951579818 ], [ 2.384339362246377, 48.842374978864939 ], [ 2.384997104972153, 48.842637377660751 ], [ 2.38658237380528, 48.841890954205468 ], [ 2.387363161953784, 48.841538808796308 ], [ 2.387258529583018, 48.841398872068204 ], [ 2.387276443655293, 48.841265858499582 ], [ 2.388813186253551, 48.839538852644729 ], [ 2.389233868012838, 48.838985195722245 ], [ 2.388395293782851, 48.83892515065827 ], [ 2.388113048382447, 48.838943493197007 ] ] ] ] } },
{ "type": "Feature", "properties": { "code_iris": "751124705", "nom_iris": "Bercy 5", "type_iris": "H", "arr": "12e", "n": 44, "prix_med": 132.5, "pct_multi": 29.5, "pct_entire": 93.2, "ratio_lh": 1.05 }, "geometry": { "type": "MultiPolygon", "coordinates": [ [ [ [ 2.381649777473593, 48.844319011738584 ], [ 2.382949239234958, 48.844818569498003 ], [ 2.383371114568672, 48.844863913891786 ], [ 2.385344179877231, 48.843247128256515 ], [ 2.385912574333361, 48.842651973482248 ], [ 2.38658237380528, 48.841890954205468 ], [ 2.384997104972153, 48.842637377660751 ], [ 2.384339362246377, 48.842374978864939 ], [ 2.384864065484768, 48.842133951579818 ], [ 2.385048153265529, 48.842006289568737 ], [ 2.388113048382447, 48.838943493197007 ], [ 2.379702850641926, 48.840406608997149 ], [ 2.379611043993066, 48.840450201629473 ], [ 2.379246752768189, 48.840492380515002 ], [ 2.379022778154242, 48.840421967194189 ], [ 2.378774529399029, 48.840559179958412 ], [ 2.37769147979107, 48.841345888048849 ], [ 2.377536127347511, 48.841461996727816 ], [ 2.377532758023189, 48.841515940858898 ], [ 2.376423328262026, 48.842112734645148 ], [ 2.376759979361294, 48.842332134269718 ], [ 2.378716719530493, 48.843237175645889 ], [ 2.379800729009935, 48.843631323612946 ], [ 2.381649777473593, 48.844319011738584 ] ] ] ] } },
{ "type": "Feature", "properties": { "code_iris": "751124801", "nom_iris": "Quinze-Vingts 1", "type_iris": "H", "arr": "12e", "n": 63, "prix_med": 124.0, "pct_multi": 30.2, "pct_entire": 92.1, "ratio_lh": 1.03 }, "geometry": { "type": "MultiPolygon", "coordinates": [ [ [ [ 2.37894965176909, 48.846444597190448 ], [ 2.379353801839459, 48.846491662333044 ], [ 2.381735242846989, 48.84676300753982 ], [ 2.383781818978646, 48.847006499524269 ], [ 2.383371114568672, 48.844863913891786 ], [ 2.382949239234958, 48.844818569498003 ], [ 2.381649777473593, 48.844319011738584 ], [ 2.377753407608502, 48.846201850464375 ], [ 2.377479991029248, 48.846275974086616 ], [ 2.37894965176909, 48.846444597190448 ] ] ] ] } },
{ "type": "Feature", "properties": { "code_iris": "751124802", "nom_iris": "Quinze-Vingts 2", "type_iris": "H", "arr": "12e", "n": 33, "prix_med": 152.0, "pct_multi": 69.7, "pct_entire": 97.0, "ratio_lh": 2.06 }, "geometry": { "type": "MultiPolygon", "coordinates": [ [ [ [ 2.377479991029248, 48.846275974086616 ], [ 2.377753407608502, 48.846201850464375 ], [ 2.381649777473593, 48.844319011738584 ], [ 2.379800729009935, 48.843631323612946 ], [ 2.379530581239957, 48.843775618960294 ], [ 2.379427855174725, 48.843705835477358 ], [ 2.377145286181244, 48.844523182114727 ], [ 2.375994620958154, 48.845144038654105 ], [ 2.375782802108334, 48.844967558758306 ], [ 2.375599031795129, 48.844952210019919 ], [ 2.374416999932121, 48.845572887579657 ], [ 2.374202542789599, 48.845843372076345 ], [ 2.37438805855137, 48.845940573618719 ], [ 2.377479991029248, 48.846275974086616 ] ] ] ] } },
{ "type": "Feature", "properties": { "code_iris": "751124803", "nom_iris": "Quinze-Vingts 3", "type_iris": "H", "arr": "12e", "n": 55, "prix_med": 170.0, "pct_multi": 56.4, "pct_entire": 76.4, "ratio_lh": 1.45 }, "geometry": { "type": "MultiPolygon", "coordinates": [ [ [ [ 2.368363752628902, 48.845268575845076 ], [ 2.366876572963144, 48.846435276933363 ], [ 2.366989172337878, 48.846588763610626 ], [ 2.367638254286907, 48.848011381936651 ], [ 2.367807742468948, 48.847969108521966 ], [ 2.369407462934894, 48.846850656525554 ], [ 2.371423942186141, 48.848003451169063 ], [ 2.372019223395208, 48.846664736800818 ], [ 2.372354184383441, 48.845893946316004 ], [ 2.372508231507561, 48.845775139777558 ], [ 2.372668127257938, 48.845736406571163 ], [ 2.3726824131703, 48.845681620637649 ], [ 2.371144417032808, 48.845533246273924 ], [ 2.368363752628902, 48.845268575845076 ] ] ] ] } },
{ "type": "Feature", "properties": { "code_iris": "751124804", "nom_iris": "Quinze-Vingts 4", "type_iris": "H", "arr": "12e", "n": 52, "prix_med": 121.0, "pct_multi": 42.3, "pct_entire": 84.6, "ratio_lh": 1.08 }, "geometry": { "type": "MultiPolygon", "coordinates": [ [ [ [ 2.371423942186141, 48.848003451169063 ], [ 2.369407462934894, 48.846850656525554 ], [ 2.367807742468948, 48.847969108521966 ], [ 2.367638254286907, 48.848011381936651 ], [ 2.369524877005135, 48.852125994302241 ], [ 2.369755646772411, 48.851750381027344 ], [ 2.371423942186141, 48.848003451169063 ] ] ] ] } },
{ "type": "Feature", "properties": { "code_iris": "751124805", "nom_iris": "Quinze-Vingts 5", "type_iris": "H", "arr": "12e", "n": 59, "prix_med": 177.0, "pct_multi": 49.2, "pct_entire": 83.1, "ratio_lh": 1.09 }, "geometry": { "type": "MultiPolygon", "coordinates": [ [ [ [ 2.368972404780255, 48.852845262318695 ], [ 2.369041481590489, 48.852993120422497 ], [ 2.369123881441926, 48.853166230578523 ], [ 2.370255132996807, 48.853271118518911 ], [ 2.370907837370998, 48.852601836352967 ], [ 2.373180933102544, 48.850570435259698 ], [ 2.371986625689372, 48.848917453649392 ], [ 2.373985003085811, 48.847958421004911 ], [ 2.373826008099504, 48.847808295834092 ], [ 2.373863827758742, 48.846928922972346 ], [ 2.372019223395208, 48.846664736800818 ], [ 2.371423942186141, 48.848003451169063 ], [ 2.369755646772411, 48.851750381027344 ], [ 2.369524877005135, 48.852125994302241 ], [ 2.369370826071828, 48.852242997730031 ], [ 2.3690939611782, 48.852823419506656 ], [ 2.368972404780255, 48.852845262318695 ] ] ] ] } },
{ "type": "Feature", "properties": { "code_iris": "751124806", "nom_iris": "Quinze-Vingts 6", "type_iris": "H", "arr": "12e", "n": 61, "prix_med": 150.0, "pct_multi": 44.3, "pct_entire": 93.4, "ratio_lh": 1.36 }, "geometry": { "type": "MultiPolygon", "coordinates": [ [ [ [ 2.373863827758742, 48.846928922972346 ], [ 2.373826008099504, 48.847808295834092 ], [ 2.373985003085811, 48.847958421004911 ], [ 2.371986625689372, 48.848917453649392 ], [ 2.373180933102544, 48.850570435259698 ], [ 2.374405207636675, 48.849506611048454 ], [ 2.374993965266114, 48.848934100844751 ], [ 2.376005242892854, 48.848353899006867 ], [ 2.375168146884183, 48.847136298654306 ], [ 2.373863827758742, 48.846928922972346 ] ] ] ] } },
{ "type": "Feature", "properties": { "code_iris": "751124807", "nom_iris": "Quinze-Vingts 7", "type_iris": "H", "arr": "12e", "n": 135, "prix_med": 135.0, "pct_multi": 37.0, "pct_entire": 91.1, "ratio_lh": 1.11 }, "geometry": { "type": "MultiPolygon", "coordinates": [ [ [ [ 2.370255132996807, 48.853271118518911 ], [ 2.371718734832672, 48.852487382482948 ], [ 2.373812582082284, 48.851874207933342 ], [ 2.377805079911062, 48.85089045857206 ], [ 2.376166303620851, 48.848559791978467 ], [ 2.37604947255091, 48.848529504016533 ], [ 2.376005242892854, 48.848353899006867 ], [ 2.374993965266114, 48.848934100844751 ], [ 2.374405207636675, 48.849506611048454 ], [ 2.373180933102544, 48.850570435259698 ], [ 2.370907837370998, 48.852601836352967 ], [ 2.370255132996807, 48.853271118518911 ] ] ] ] } },
{ "type": "Feature", "properties": { "code_iris": "751124808", "nom_iris": "Quinze-Vingts 8", "type_iris": "H", "arr": "12e", "n": 62, "prix_med": 171.0, "pct_multi": 61.3, "pct_entire": 93.5, "ratio_lh": 1.77 }, "geometry": { "type": "MultiPolygon", "coordinates": [ [ [ [ 2.3726824131703, 48.845681620637649 ], [ 2.372668127257938, 48.845736406571163 ], [ 2.372508231507561, 48.845775139777558 ], [ 2.372354184383441, 48.845893946316004 ], [ 2.372019223395208, 48.846664736800818 ], [ 2.373863827758742, 48.846928922972346 ], [ 2.375168146884183, 48.847136298654306 ], [ 2.376005242892854, 48.848353899006867 ], [ 2.377723805841794, 48.847311502775014 ], [ 2.37894965176909, 48.846444597190448 ], [ 2.377479991029248, 48.846275974086616 ], [ 2.37438805855137, 48.845940573618719 ], [ 2.374202542789599, 48.845843372076345 ], [ 2.3726824131703, 48.845681620637649 ] ] ] ] } },
{ "type": "Feature", "properties": { "code_iris": "751124809", "nom_iris": "Quinze-Vingts 9", "type_iris": "H", "arr": "12e", "n": 67, "prix_med": 135.0, "pct_multi": 40.3, "pct_entire": 89.6, "ratio_lh": 1.26 }, "geometry": { "type": "MultiPolygon", "coordinates": [ [ [ [ 2.377805079911062, 48.85089045857206 ], [ 2.378555472483217, 48.850703695477897 ], [ 2.37938717089219, 48.850555122286963 ], [ 2.378287547753774, 48.849173401504871 ], [ 2.378669560353891, 48.84902159629133 ], [ 2.378786875316454, 48.848897195137056 ], [ 2.378767142149449, 48.848723517154845 ], [ 2.378595695775716, 48.848587723540113 ], [ 2.379353801839459, 48.846491662333044 ], [ 2.37894965176909, 48.846444597190448 ], [ 2.377723805841794, 48.847311502775014 ], [ 2.376005242892854, 48.848353899006867 ], [ 2.37604947255091, 48.848529504016533 ], [ 2.376166303620851, 48.848559791978467 ], [ 2.377805079911062, 48.85089045857206 ] ] ] ] } },
{ "type": "Feature", "properties": { "code_iris": "751124810", "nom_iris": "Quinze-Vingts 10", "type_iris": "H", "arr": "12e", "n": 58, "prix_med": 136.0, "pct_multi": 22.4, "pct_entire": 89.7, "ratio_lh": 1.02 }, "geometry": { "type": "MultiPolygon", "coordinates": [ [ [ [ 2.37938717089219, 48.850555122286963 ], [ 2.380114712394509, 48.850455468182119 ], [ 2.381426253806176, 48.850408294800395 ], [ 2.380790903767388, 48.848254651909279 ], [ 2.380625753723216, 48.848162062812143 ], [ 2.381735242846989, 48.84676300753982 ], [ 2.379353801839459, 48.846491662333044 ], [ 2.378595695775716, 48.848587723540113 ], [ 2.378767142149449, 48.848723517154845 ], [ 2.378786875316454, 48.848897195137056 ], [ 2.378669560353891, 48.84902159629133 ], [ 2.378287547753774, 48.849173401504871 ], [ 2.37938717089219, 48.850555122286963 ] ] ] ] } },
{ "type": "Feature", "properties": { "code_iris": "751134901", "nom_iris": "Salpêtrière 1", "type_iris": "H", "arr": "13e", "n": 19, "prix_med": 110.0, "pct_multi": 36.8, "pct_entire": 84.2, "ratio_lh": 1.12 }, "geometry": { "type": "MultiPolygon", "coordinates": [ [ [ [ 2.363500766590118, 48.833421560619364 ], [ 2.363408178936664, 48.833528992120868 ], [ 2.359290607549596, 48.836572051753414 ], [ 2.361558982191758, 48.8356848139438 ], [ 2.363794449704822, 48.834473585382391 ], [ 2.3661717584707, 48.835369385540908 ], [ 2.366319104056581, 48.835352178906682 ], [ 2.366997037181104, 48.834722614068625 ], [ 2.367211688631553, 48.834659894776152 ], [ 2.364947168507532, 48.833900518166963 ], [ 2.363500766590118, 48.833421560619364 ] ] ], [ [ [ 2.371356407079589, 48.837109139577656 ], [ 2.371336304005304, 48.837194473608086 ], [ 2.3714441629449, 48.8372885743971 ], [ 2.370858428813947, 48.837844000597485 ], [ 2.370838096680206, 48.837948219943918 ], [ 2.370961935555411, 48.838072983540727 ], [ 2.372389708934393, 48.838644384568944 ], [ 2.37316415500658, 48.838030582331633 ], [ 2.373758191986649, 48.837462597416 ], [ 2.371972995041218, 48.836592545362677 ], [ 2.371356407079589, 48.837109139577656 ] ] ] ] } },
{ "type": "Feature", "properties": { "code_iris": "751134902", "nom_iris": "Salpêtrière 2", "type_iris": "H", "arr": "13e", "n": 23, "prix_med": 131.0, "pct_multi": 26.1, "pct_entire": 91.3, "ratio_lh": 1.05 }, "geometry": { "type": "MultiPolygon", "coordinates": [ [ [ [ 2.363500766590118, 48.833421560619364 ], [ 2.361895693761864, 48.832885977914216 ], [ 2.36166105139427, 48.833246272290907 ], [ 2.361463461912265, 48.833250613802711 ], [ 2.361367323532157, 48.833313955720357 ], [ 2.361354817060337, 48.833445196822815 ], [ 2.357815050043902, 48.834587328840286 ], [ 2.358826900994468, 48.83594720507503 ], [ 2.359290607549596, 48.836572051753414 ], [ 2.363408178936664, 48.833528992120868 ], [ 2.363500766590118, 48.833421560619364 ] ] ] ] } },
{ "type": "Feature", "properties": { "code_iris": "751134903", "nom_iris": "Salpêtrière 3", "type_iris": "H", "arr": "13e", "n": 40, "prix_med": 135.0, "pct_multi": 72.5, "pct_entire": 97.5, "ratio_lh": 1.67 }, "geometry": { "type": "MultiPolygon", "coordinates": [ [ [ [ 2.35625222864776, 48.830852837653339 ], [ 2.356126583101295, 48.830988865768333 ], [ 2.356134130054802, 48.83114989387559 ], [ 2.355577096100367, 48.831469768084503 ], [ 2.35578459552453, 48.831875602849387 ], [ 2.356824681381366, 48.833257236828096 ], [ 2.357815050043902, 48.834587328840286 ], [ 2.361354817060337, 48.833445196822815 ], [ 2.361367323532157, 48.833313955720357 ], [ 2.361463461912265, 48.833250613802711 ], [ 2.36166105139427, 48.833246272290907 ], [ 2.361895693761864, 48.832885977914216 ], [ 2.358033245550308, 48.831582806967226 ], [ 2.356999275254022, 48.83125168031205 ], [ 2.357082292482382, 48.831147799543437 ], [ 2.356982190400396, 48.831090601009493 ], [ 2.35625222864776, 48.830852837653339 ] ] ] ] } },
{ "type": "Feature", "properties": { "code_iris": "751134904", "nom_iris": "Salpêtrière 4", "type_iris": "H", "arr": "13e", "n": 17, "prix_med": 135.0, "pct_multi": 35.3, "pct_entire": 94.1, "ratio_lh": 1.0 }, "geometry": { "type": "MultiPolygon", "coordinates": [ [ [ [ 2.357815050043902, 48.834587328840286 ], [ 2.356824681381366, 48.833257236828096 ], [ 2.354725892085356, 48.834863897301204 ], [ 2.355787300111544, 48.835404742762194 ], [ 2.358316783003711, 48.836437322689306 ], [ 2.358616309995962, 48.836010830470578 ], [ 2.358826900994468, 48.83594720507503 ], [ 2.357815050043902, 48.834587328840286 ] ] ] ] } },
{ "type": "Feature", "properties": { "code_iris": "751134905", "nom_iris": "Salpêtrière 5", "type_iris": "H", "arr": "13e", "n": 61, "prix_med": 136.0, "pct_multi": 29.5, "pct_entire": 80.3, "ratio_lh": 1.13 }, "geometry": { "type": "MultiPolygon", "coordinates": [ [ [ [ 2.351870772035156, 48.836804585637026 ], [ 2.353043375796223, 48.837168881669427 ], [ 2.353578425801318, 48.836430695948415 ], [ 2.353253903363424, 48.836232879605774 ], [ 2.354154738833008, 48.83554973073808 ], [ 2.354669150629862, 48.835925744841802 ], [ 2.354863360409535, 48.836305426180083 ], [ 2.35510422835905, 48.836217687702195 ], [ 2.357749723967437, 48.83723561492021 ], [ 2.358316783003711, 48.836437322689306 ], [ 2.355787300111544, 48.835404742762194 ], [ 2.354725892085356, 48.834863897301204 ], [ 2.356824681381366, 48.833257236828096 ], [ 2.35578459552453, 48.831875602849387 ], [ 2.355577096100367, 48.831469768084503 ], [ 2.353209114962895, 48.83490157271936 ], [ 2.352866303142902, 48.835299937430541 ], [ 2.351870772035156, 48.836804585637026 ] ] ] ] } },
{ "type": "Feature", "properties": { "code_iris": "751134906", "nom_iris": "Salpêtrière 6", "type_iris": "H", "arr": "13e", "n": 41, "prix_med": 135.0, "pct_multi": 24.4, "pct_entire": 92.7, "ratio_lh": 1.05 }, "geometry": { "type": "MultiPolygon", "coordinates": [ [ [ [ 2.353043375796223, 48.837168881669427 ], [ 2.357052208076733, 48.838446910993738 ], [ 2.357266338944612, 48.837986687234796 ], [ 2.357749723967437, 48.83723561492021 ], [ 2.35510422835905, 48.836217687702195 ], [ 2.354863360409535, 48.836305426180083 ], [ 2.354669150629862, 48.835925744841802 ], [ 2.354154738833008, 48.83554973073808 ], [ 2.353253903363424, 48.836232879605774 ], [ 2.353578425801318, 48.836430695948415 ], [ 2.353043375796223, 48.837168881669427 ] ] ] ] } },
{ "type": "Feature", "properties": { "code_iris": "751134907", "nom_iris": "Salpêtrière 7", "type_iris": "H", "arr": "13e", "n": 22, "prix_med": 123.5, "pct_multi": 31.8, "pct_entire": 81.8, "ratio_lh": 1.0 }, "geometry": { "type": "MultiPolygon", "coordinates": [ [ [ [ 2.357052208076733, 48.838446910993738 ], [ 2.361745287380767, 48.839940706157456 ], [ 2.36158933374917, 48.839658373059798 ], [ 2.359290607549596, 48.836572051753414 ], [ 2.358826900994468, 48.83594720507503 ], [ 2.358616309995962, 48.836010830470578 ], [ 2.358316783003711, 48.836437322689306 ], [ 2.357749723967437, 48.83723561492021 ], [ 2.357266338944612, 48.837986687234796 ], [ 2.357052208076733, 48.838446910993738 ] ] ] ] } },
{ "type": "Feature", "properties": { "code_iris": "751135001", "nom_iris": "Gare 1", "type_iris": "H", "arr": "13e", "n": 3, "prix_med": 40.0, "pct_multi": 33.3, "pct_entire": 33.3, "ratio_lh": 1.0 }, "geometry": { "type": "MultiPolygon", "coordinates": [ [ [ [ 2.379083321889079, 48.821157786505893 ], [ 2.375760973479089, 48.820055838830434 ], [ 2.375730090553787, 48.820701431119815 ], [ 2.374923507465811, 48.822088554336062 ], [ 2.373240798366478, 48.821685819256246 ], [ 2.372476995748057, 48.821548705541602 ], [ 2.37308630139134, 48.822641047092162 ], [ 2.373153176978775, 48.822856348658576 ], [ 2.376885196186394, 48.824108897669305 ], [ 2.3770208179985, 48.824043949894275 ], [ 2.377208648593897, 48.82382727946824 ], [ 2.379083321889079, 48.821157786505893 ] ] ] ] } },
{ "type": "Feature", "properties": { "code_iris": "751135002", "nom_iris": "Gare 2", "type_iris": "H", "arr": "13e", "n": 13, "prix_med": 80.0, "pct_multi": 30.8, "pct_entire": 46.2, "ratio_lh": 1.08 }, "geometry": { "type": "MultiPolygon", "coordinates": [ [ [ [ 2.375760973479089, 48.820055838830434 ], [ 2.366927252430261, 48.817248298232556 ], [ 2.364739130615731, 48.820005885527387 ], [ 2.367299044707828, 48.820840591095752 ], [ 2.36924928619377, 48.821527226639567 ], [ 2.37099195031927, 48.82215068095114 ], [ 2.373153176978775, 48.822856348658576 ], [ 2.37308630139134, 48.822641047092162 ], [ 2.372476995748057, 48.821548705541602 ], [ 2.373240798366478, 48.821685819256246 ], [ 2.374923507465811, 48.822088554336062 ], [ 2.375730090553787, 48.820701431119815 ], [ 2.375760973479089, 48.820055838830434 ] ] ] ] } },
{ "type": "Feature", "properties": { "code_iris": "751135003", "nom_iris": "Gare 3", "type_iris": "H", "arr": "13e", "n": 17, "prix_med": 114.0, "pct_multi": 52.9, "pct_entire": 70.6, "ratio_lh": 1.13 }, "geometry": { "type": "MultiPolygon", "coordinates": [ [ [ [ 2.367299044707828, 48.820840591095752 ], [ 2.364739130615731, 48.820005885527387 ], [ 2.363324937964329, 48.82182859996189 ], [ 2.363153433085811, 48.822042638045772 ], [ 2.365686225577288, 48.823321523974712 ], [ 2.366341281108117, 48.822993126839506 ], [ 2.367482898890101, 48.82241367634613 ], [ 2.366556738164843, 48.822187526980997 ], [ 2.367299044707828, 48.820840591095752 ] ] ] ] } },
{ "type": "Feature", "properties": { "code_iris": "751135004", "nom_iris": "Gare 4", "type_iris": "H", "arr": "13e", "n": 9, "prix_med": 117.0, "pct_multi": 55.6, "pct_entire": 88.9, "ratio_lh": 1.12 }, "geometry": { "type": "MultiPolygon", "coordinates": [ [ [ [ 2.36924928619377, 48.821527226639567 ], [ 2.367299044707828, 48.820840591095752 ], [ 2.366556738164843, 48.822187526980997 ], [ 2.367482898890101, 48.82241367634613 ], [ 2.36924928619377, 48.821527226639567 ] ] ] ] } },
{ "type": "Feature", "properties": { "code_iris": "751135005", "nom_iris": "Gare 5", "type_iris": "H", "arr": "13e", "n": 28, "prix_med": 107.0, "pct_multi": 50.0, "pct_entire": 78.6, "ratio_lh": 1.27 }, "geometry": { "type": "MultiPolygon", "coordinates": [ [ [ [ 2.363153433085811, 48.822042638045772 ], [ 2.361867929752779, 48.823691538728404 ], [ 2.360037329287837, 48.826020133677453 ], [ 2.359987902492018, 48.826162869794288 ], [ 2.36358252566266, 48.824381503947414 ], [ 2.365686225577288, 48.823321523974712 ], [ 2.363153433085811, 48.822042638045772 ] ] ] ] } },
{ "type": "Feature", "properties": { "code_iris": "751135006", "nom_iris": "Gare 6", "type_iris": "H", "arr": "13e", "n": 20, "prix_med": 120.5, "pct_multi": 20.0, "pct_entire": 75.0, "ratio_lh": 1.05 }, "geometry": { "type": "MultiPolygon", "coordinates": [ [ [ [ 2.365607938858344, 48.824382372715668 ], [ 2.365138484433602, 48.824567850905069 ], [ 2.364829897095351, 48.824741590522684 ], [ 2.36358252566266, 48.824381503947414 ], [ 2.359987902492018, 48.826162869794288 ], [ 2.363685848982885, 48.82662959228032 ], [ 2.363394839722277, 48.826254803136436 ], [ 2.363862703865687, 48.826313054010043 ], [ 2.364520834084105, 48.826183445605139 ], [ 2.365607938858344, 48.824382372715668 ] ] ] ] } },
{ "type": "Feature", "properties": { "code_iris": "751135007", "nom_iris": "Gare 7", "type_iris": "H", "arr": "13e", "n": 16, "prix_med": 115.5, "pct_multi": 31.2, "pct_entire": 81.2, "ratio_lh": 1.07 }, "geometry": { "type": "MultiPolygon", "coordinates": [ [ [ [ 2.36358252566266, 48.824381503947414 ], [ 2.364829897095351, 48.824741590522684 ], [ 2.365138484433602, 48.824567850905069 ], [ 2.365607938858344, 48.824382372715668 ], [ 2.36652738417331, 48.823818841167366 ], [ 2.366762688986237, 48.823173435737694 ], [ 2.366341281108117, 48.822993126839506 ], [ 2.365686225577288, 48.823321523974712 ], [ 2.36358252566266, 48.824381503947414 ] ] ], [ [ [ 2.366182945469721, 48.825373835314444 ], [ 2.366527992944477, 48.825450311708636 ], [ 2.366942200988907, 48.824654759302156 ], [ 2.365607938858344, 48.824382372715668 ], [ 2.364520834084105, 48.826183445605139 ], [ 2.363862703865687, 48.826313054010043 ], [ 2.363394839722277, 48.826254803136436 ], [ 2.363685848982885, 48.82662959228032 ], [ 2.365399316212476, 48.826862641147031 ], [ 2.366182945469721, 48.825373835314444 ] ] ] ] } },
{ "type": "Feature", "properties": { "code_iris": "751135008", "nom_iris": "Gare 8", "type_iris": "H", "arr": "13e", "n": 8, "prix_med": 95.0, "pct_multi": 25.0, "pct_entire": 87.5, "ratio_lh": 1.0 }, "geometry": { "type": "MultiPolygon", "coordinates": [ [ [ [ 2.365607938858344, 48.824382372715668 ], [ 2.366942200988907, 48.824654759302156 ], [ 2.366527992944477, 48.825450311708636 ], [ 2.366182945469721, 48.825373835314444 ], [ 2.365399316212476, 48.826862641147031 ], [ 2.366491359892925, 48.827007833963798 ], [ 2.36847595799914, 48.823302113052556 ], [ 2.369362711212204, 48.821721191095953 ], [ 2.36924928619377, 48.821527226639567 ], [ 2.367482898890101, 48.82241367634613 ], [ 2.366341281108117, 48.822993126839506 ], [ 2.366762688986237, 48.823173435737694 ], [ 2.36652738417331, 48.823818841167366 ], [ 2.365607938858344, 48.824382372715668 ] ] ] ] } },
{ "type": "Feature", "properties": { "code_iris": "751135009", "nom_iris": "Gare 9", "type_iris": "H", "arr": "13e", "n": 5, "prix_med": 96.0, "pct_multi": 20.0, "pct_entire": 100.0, "ratio_lh": 1.0 }, "geometry": { "type": "MultiPolygon", "coordinates": [ [ [ [ 2.376414418302487, 48.824408633663538 ], [ 2.376885196186394, 48.824108897669305 ], [ 2.373153176978775, 48.822856348658576 ], [ 2.37099195031927, 48.82215068095114 ], [ 2.36924928619377, 48.821527226639567 ], [ 2.369362711212204, 48.821721191095953 ], [ 2.36847595799914, 48.823302113052556 ], [ 2.368996517033811, 48.823506321344126 ], [ 2.369039044611718, 48.823593785236831 ], [ 2.370398409301786, 48.824155864897769 ], [ 2.37091324722079, 48.823368022971131 ], [ 2.373501496093154, 48.823793525092469 ], [ 2.375635569688338, 48.824159040360676 ], [ 2.376414418302487, 48.824408633663538 ] ] ] ] } },
{ "type": "Feature", "properties": { "code_iris": "751135010", "nom_iris": "Gare 10", "type_iris": "H", "arr": "13e", "n": 10, "prix_med": 185.0, "pct_multi": 10.0, "pct_entire": 90.0, "ratio_lh": 1.0 }, "geometry": { "type": "MultiPolygon", "coordinates": [ [ [ [ 2.370398409301786, 48.824155864897769 ], [ 2.369039044611718, 48.823593785236831 ], [ 2.368996517033811, 48.823506321344126 ], [ 2.36847595799914, 48.823302113052556 ], [ 2.366491359892925, 48.827007833963798 ], [ 2.368525942163669, 48.827272217745445 ], [ 2.36869867357923, 48.827068971935091 ], [ 2.370398409301786, 48.824155864897769 ] ] ] ] } },
{ "type": "Feature", "properties": { "code_iris": "751135011", "nom_iris": "Gare 11", "type_iris": "H", "arr": "13e", "n": 25, "prix_med": 83.0, "pct_multi": 36.0, "pct_entire": 88.0, "ratio_lh": 1.14 }, "geometry": { "type": "MultiPolygon", "coordinates": [ [ [ [ 2.370359022057563, 48.827530109784632 ], [ 2.373501496093154, 48.823793525092469 ], [ 2.37091324722079, 48.823368022971131 ], [ 2.370398409301786, 48.824155864897769 ], [ 2.36869867357923, 48.827068971935091 ], [ 2.368525942163669, 48.827272217745445 ], [ 2.370359022057563, 48.827530109784632 ] ] ] ] } },
{ "type": "Feature", "properties": { "code_iris": "751135012", "nom_iris": "Gare 12", "type_iris": "H", "arr": "13e", "n": 28, "prix_med": 106.0, "pct_multi": 25.0, "pct_entire": 89.3, "ratio_lh": 1.0 }, "geometry": { "type": "MultiPolygon", "coordinates": [ [ [ [ 2.371385789304215, 48.827668618376144 ], [ 2.374577842234724, 48.825584418245178 ], [ 2.376414418302487, 48.824408633663538 ], [ 2.375635569688338, 48.824159040360676 ], [ 2.373501496093154, 48.823793525092469 ], [ 2.370359022057563, 48.827530109784632 ], [ 2.371385789304215, 48.827668618376144 ] ] ] ] } },
{ "type": "Feature", "properties": { "code_iris": "751135013", "nom_iris": "Gare 13", "type_iris": "H", "arr": "13e", "n": 6, "prix_med": 85.5, "pct_multi": 50.0, "pct_entire": 83.3, "ratio_lh": 1.2 }, "geometry": { "type": "MultiPolygon", "coordinates": [ [ [ [ 2.378034720253083, 48.826284172268792 ], [ 2.378546120486892, 48.826005327050609 ], [ 2.379169339446934, 48.825601147847998 ], [ 2.379359291259948, 48.825434850307111 ], [ 2.378333608279481, 48.825093156874409 ], [ 2.37809125462591, 48.825084701766471 ], [ 2.377830080564656, 48.824941242112004 ], [ 2.377117815978486, 48.824703696927287 ], [ 2.376961069554161, 48.824598552925451 ], [ 2.376414418302487, 48.824408633663538 ], [ 2.374577842234724, 48.825584418245178 ], [ 2.374778905288389, 48.82562863955642 ], [ 2.374769912062466, 48.826037807653414 ], [ 2.374272547162447, 48.827074881896188 ], [ 2.377357392506092, 48.826427245508128 ], [ 2.377495389510754, 48.826391988982628 ], [ 2.377577500729408, 48.826245818534098 ], [ 2.378034720253083, 48.826284172268792 ] ] ] ] } },
{ "type": "Feature", "properties": { "code_iris": "751135014", "nom_iris": "Gare 14", "type_iris": "H", "arr": "13e", "n": 30, "prix_med": 116.5, "pct_multi": 20.0, "pct_entire": 96.7, "ratio_lh": 1.07 }, "geometry": { "type": "MultiPolygon", "coordinates": [ [ [ [ 2.376964434064137, 48.827736484296068 ], [ 2.378022772413977, 48.826372248701958 ], [ 2.378034720253083, 48.826284172268792 ], [ 2.377577500729408, 48.826245818534098 ], [ 2.377495389510754, 48.826391988982628 ], [ 2.377357392506092, 48.826427245508128 ], [ 2.374272547162447, 48.827074881896188 ], [ 2.374769912062466, 48.826037807653414 ], [ 2.374778905288389, 48.82562863955642 ], [ 2.374577842234724, 48.825584418245178 ], [ 2.371385789304215, 48.827668618376144 ], [ 2.372929070063349, 48.828466369205046 ], [ 2.375391910848665, 48.829831012143863 ], [ 2.375506767812694, 48.829681417036461 ], [ 2.375575288982088, 48.829760919429823 ], [ 2.376489672645889, 48.828480488693216 ], [ 2.376964434064137, 48.827736484296068 ] ] ] ] } },
{ "type": "Feature", "properties": { "code_iris": "751135015", "nom_iris": "Gare 15", "type_iris": "H", "arr": "13e", "n": 18, "prix_med": 100.0, "pct_multi": 16.7, "pct_entire": 94.4, "ratio_lh": 1.0 }, "geometry": { "type": "MultiPolygon", "coordinates": [ [ [ [ 2.376961069554161, 48.824598552925451 ], [ 2.377117815978486, 48.824703696927287 ], [ 2.377830080564656, 48.824941242112004 ], [ 2.37809125462591, 48.825084701766471 ], [ 2.378333608279481, 48.825093156874409 ], [ 2.379359291259948, 48.825434850307111 ], [ 2.379169339446934, 48.825601147847998 ], [ 2.378546120486892, 48.826005327050609 ], [ 2.378034720253083, 48.826284172268792 ], [ 2.378022772413977, 48.826372248701958 ], [ 2.376964434064137, 48.827736484296068 ], [ 2.378820057453803, 48.828507904850433 ], [ 2.380878640036189, 48.82630252673669 ], [ 2.381101561877695, 48.82622723390763 ], [ 2.381858478088978, 48.825803946490275 ], [ 2.376885196186394, 48.824108897669305 ], [ 2.376414418302487, 48.824408633663538 ], [ 2.376961069554161, 48.824598552925451 ] ] ], [ [ [ 2.376489672645889, 48.828480488693216 ], [ 2.375575288982088, 48.829760919429823 ], [ 2.375506767812694, 48.829681417036461 ], [ 2.375391910848665, 48.829831012143863 ], [ 2.375290707024127, 48.829977980329602 ], [ 2.375398241194171, 48.829984837569484 ], [ 2.375233462038177, 48.830207920130206 ], [ 2.374715772819213, 48.830779012827719 ], [ 2.374365376483435, 48.831030802694279 ], [ 2.371031807229639, 48.832621390737877 ], [ 2.371044176599122, 48.832838203637472 ], [ 2.370375900417239, 48.833576666463649 ], [ 2.369587783610617, 48.834422417692579 ], [ 2.368962134088856, 48.835237542634097 ], [ 2.369696041087631, 48.835496832443951 ], [ 2.370743706752402, 48.835948434325616 ], [ 2.371416714981113, 48.836288335848153 ], [ 2.371489795810153, 48.836215871244526 ], [ 2.371455904810645, 48.83608888256699 ], [ 2.37672369027673, 48.830554758101343 ], [ 2.378082532433299, 48.829127336070165 ], [ 2.376489672645889, 48.828480488693216 ] ] ] ] } },
{ "type": "Feature", "properties": { "code_iris": "751135016", "nom_iris": "Gare 16", "type_iris": "H", "arr": "13e", "n": 9, "prix_med": 112.0, "pct_multi": 11.1, "pct_entire": 88.9, "ratio_lh": 1.0 }, "geometry": { "type": "MultiPolygon", "coordinates": [ [ [ [ 2.376489672645889, 48.828480488693216 ], [ 2.378082532433299, 48.829127336070165 ], [ 2.381740916427732, 48.830663541434234 ], [ 2.383836638696328, 48.829000629395857 ], [ 2.384636513556204, 48.82828615049258 ], [ 2.385764151156596, 48.827382682987306 ], [ 2.383986846320187, 48.8265488171035 ], [ 2.381858478088978, 48.825803946490275 ], [ 2.381101561877695, 48.82622723390763 ], [ 2.380878640036189, 48.82630252673669 ], [ 2.378820057453803, 48.828507904850433 ], [ 2.376964434064137, 48.827736484296068 ], [ 2.376489672645889, 48.828480488693216 ] ] ] ] } },
{ "type": "Feature", "properties": { "code_iris": "751135017", "nom_iris": "Gare 17", "type_iris": "H", "arr": "13e", "n": 10, "prix_med": 236.5, "pct_multi": 20.0, "pct_entire": 100.0, "ratio_lh": 1.0 }, "geometry": { "type": "MultiPolygon", "coordinates": [ [ [ [ 2.378082532433299, 48.829127336070165 ], [ 2.37672369027673, 48.830554758101343 ], [ 2.379770123552832, 48.832234427955896 ], [ 2.381740916427732, 48.830663541434234 ], [ 2.378082532433299, 48.829127336070165 ] ] ] ] } },
{ "type": "Feature", "properties": { "code_iris": "751135018", "nom_iris": "Gare 18", "type_iris": "H", "arr": "13e", "n": 9, "prix_med": 128.0, "pct_multi": 33.3, "pct_entire": 77.8, "ratio_lh": 1.12 }, "geometry": { "type": "MultiPolygon", "coordinates": [ [ [ [ 2.371972995041218, 48.836592545362677 ], [ 2.373758191986649, 48.837462597416 ], [ 2.374334535958598, 48.836778498688361 ], [ 2.3755349388416, 48.835517565567095 ], [ 2.379065570042804, 48.832712833603928 ], [ 2.379770123552832, 48.832234427955896 ], [ 2.37672369027673, 48.830554758101343 ], [ 2.371455904810645, 48.83608888256699 ], [ 2.371489795810153, 48.836215871244526 ], [ 2.371416714981113, 48.836288335848153 ], [ 2.371972995041218, 48.836592545362677 ] ] ] ] } },
{ "type": "Feature", "properties": { "code_iris": "751135019", "nom_iris": "Gare 19", "type_iris": "H", "arr": "13e", "n": 31, "prix_med": 136.0, "pct_multi": 32.3, "pct_entire": 87.1, "ratio_lh": 1.03 }, "geometry": { "type": "MultiPolygon", "coordinates": [ [ [ [ 2.371565400307206, 48.829605910077476 ], [ 2.374365376483435, 48.831030802694279 ], [ 2.374715772819213, 48.830779012827719 ], [ 2.375233462038177, 48.830207920130206 ], [ 2.375398241194171, 48.829984837569484 ], [ 2.375290707024127, 48.829977980329602 ], [ 2.375391910848665, 48.829831012143863 ], [ 2.372929070063349, 48.828466369205046 ], [ 2.371385789304215, 48.827668618376144 ], [ 2.369904262246926, 48.828640238456053 ], [ 2.371565400307206, 48.829605910077476 ] ] ] ] } },
{ "type": "Feature", "properties": { "code_iris": "751135020", "nom_iris": "Gare 20", "type_iris": "H", "arr": "13e", "n": 31, "prix_med": 100.0, "pct_multi": 29.0, "pct_entire": 74.2, "ratio_lh": 1.11 }, "geometry": { "type": "MultiPolygon", "coordinates": [ [ [ [ 2.374365376483435, 48.831030802694279 ], [ 2.371565400307206, 48.829605910077476 ], [ 2.367661409860491, 48.832177318170764 ], [ 2.369696702132229, 48.833301479943692 ], [ 2.370375900417239, 48.833576666463649 ], [ 2.371044176599122, 48.832838203637472 ], [ 2.371031807229639, 48.832621390737877 ], [ 2.374365376483435, 48.831030802694279 ] ] ] ] } },
{ "type": "Feature", "properties": { "code_iris": "751135021", "nom_iris": "Gare 21", "type_iris": "H", "arr": "13e", "n": 29, "prix_med": 133.0, "pct_multi": 27.6, "pct_entire": 79.3, "ratio_lh": 1.04 }, "geometry": { "type": "MultiPolygon", "coordinates": [ [ [ [ 2.368962134088856, 48.835237542634097 ], [ 2.369587783610617, 48.834422417692579 ], [ 2.370375900417239, 48.833576666463649 ], [ 2.369696702132229, 48.833301479943692 ], [ 2.367661409860491, 48.832177318170764 ], [ 2.365227885833062, 48.833782392313431 ], [ 2.364947168507532, 48.833900518166963 ], [ 2.367211688631553, 48.834659894776152 ], [ 2.368962134088856, 48.835237542634097 ] ] ] ] } },
{ "type": "Feature", "properties": { "code_iris": "751135023", "nom_iris": "Gare 23", "type_iris": "H", "arr": "13e", "n": 12, "prix_med": 133.0, "pct_multi": 16.7, "pct_entire": 91.7, "ratio_lh": 1.0 }, "geometry": { "type": "MultiPolygon", "coordinates": [ [ [ [ 2.363500766590118, 48.833421560619364 ], [ 2.364947168507532, 48.833900518166963 ], [ 2.365227885833062, 48.833782392313431 ], [ 2.367661409860491, 48.832177318170764 ], [ 2.366545788462931, 48.831496887353033 ], [ 2.366367022663958, 48.831298078970264 ], [ 2.363675856252895, 48.833251612167274 ], [ 2.363500766590118, 48.833421560619364 ] ] ] ] } },
{ "type": "Feature", "properties": { "code_iris": "751135024", "nom_iris": "Gare 24", "type_iris": "H", "arr": "13e", "n": 21, "prix_med": 120.0, "pct_multi": 47.6, "pct_entire": 81.0, "ratio_lh": 1.11 }, "geometry": { "type": "MultiPolygon", "coordinates": [ [ [ [ 2.369904262246926, 48.828640238456053 ], [ 2.368790695292898, 48.829481574615066 ], [ 2.368882483238519, 48.829663732045063 ], [ 2.369294656078823, 48.82971177431623 ], [ 2.368214456692495, 48.830494821340857 ], [ 2.368125665627689, 48.830515037794093 ], [ 2.367850892037422, 48.830369686447639 ], [ 2.367671665594188, 48.83032107234051 ], [ 2.366367022663958, 48.831298078970264 ], [ 2.366545788462931, 48.831496887353033 ], [ 2.367661409860491, 48.832177318170764 ], [ 2.371565400307206, 48.829605910077476 ], [ 2.369904262246926, 48.828640238456053 ] ] ] ] } },
{ "type": "Feature", "properties": { "code_iris": "751135025", "nom_iris": "Gare 25", "type_iris": "H", "arr": "13e", "n": 11, "prix_med": 158.0, "pct_multi": 0.0, "pct_entire": 90.9, "ratio_lh": 1.0 }, "geometry": { "type": "MultiPolygon", "coordinates": [ [ [ [ 2.367671665594188, 48.83032107234051 ], [ 2.367850892037422, 48.830369686447639 ], [ 2.368125665627689, 48.830515037794093 ], [ 2.368214456692495, 48.830494821340857 ], [ 2.369294656078823, 48.82971177431623 ], [ 2.368882483238519, 48.829663732045063 ], [ 2.368790695292898, 48.829481574615066 ], [ 2.369904262246926, 48.828640238456053 ], [ 2.371385789304215, 48.827668618376144 ], [ 2.367354069799373, 48.828316491858125 ], [ 2.367253459790525, 48.828300670260326 ], [ 2.366757003540581, 48.828575948692517 ], [ 2.365365154755947, 48.828997571495343 ], [ 2.365371849533786, 48.829119022261033 ], [ 2.365299011027644, 48.829171698678927 ], [ 2.365419548901539, 48.829452942362778 ], [ 2.365575280631409, 48.829416894329441 ], [ 2.367196138951924, 48.829992984909666 ], [ 2.367538841656067, 48.830153087009229 ], [ 2.367671665594188, 48.83032107234051 ] ] ] ] } },
{ "type": "Feature", "properties": { "code_iris": "751135026", "nom_iris": "Gare 26", "type_iris": "H", "arr": "13e", "n": 16, "prix_med": 194.5, "pct_multi": 56.2, "pct_entire": 50.0, "ratio_lh": 1.6 }, "geometry": { "type": "MultiPolygon", "coordinates": [ [ [ [ 2.370359022057563, 48.827530109784632 ], [ 2.368525942163669, 48.827272217745445 ], [ 2.366491359892925, 48.827007833963798 ], [ 2.365373815512013, 48.828845623541845 ], [ 2.365323377933557, 48.828960475538203 ], [ 2.365365154755947, 48.828997571495343 ], [ 2.366757003540581, 48.828575948692517 ], [ 2.367253459790525, 48.828300670260326 ], [ 2.367354069799373, 48.828316491858125 ], [ 2.371385789304215, 48.827668618376144 ], [ 2.370359022057563, 48.827530109784632 ] ] ] ] } },
{ "type": "Feature", "properties": { "code_iris": "751135027", "nom_iris": "Gare 27", "type_iris": "H", "arr": "13e", "n": 11, "prix_med": 93.0, "pct_multi": 18.2, "pct_entire": 81.8, "ratio_lh": 1.0 }, "geometry": { "type": "MultiPolygon", "coordinates": [ [ [ [ 2.365149111645989, 48.829176299295341 ], [ 2.365299011027644, 48.829171698678927 ], [ 2.365371849533786, 48.829119022261033 ], [ 2.365365154755947, 48.828997571495343 ], [ 2.365323377933557, 48.828960475538203 ], [ 2.365373815512013, 48.828845623541845 ], [ 2.366491359892925, 48.827007833963798 ], [ 2.365399316212476, 48.826862641147031 ], [ 2.363685848982885, 48.82662959228032 ], [ 2.363532727621238, 48.826675544914764 ], [ 2.360088824053962, 48.829482098535607 ], [ 2.360341690156636, 48.829412400835515 ], [ 2.360692523930334, 48.829240697877843 ], [ 2.362214053972254, 48.830248023779461 ], [ 2.364796354308916, 48.829171728119213 ], [ 2.365049157845663, 48.829106517016875 ], [ 2.365149111645989, 48.829176299295341 ] ] ] ] } },
{ "type": "Feature", "properties": { "code_iris": "751135028", "nom_iris": "Gare 28", "type_iris": "H", "arr": "13e", "n": 20, "prix_med": 245.0, "pct_multi": 50.0, "pct_entire": 65.0, "ratio_lh": 1.25 }, "geometry": { "type": "MultiPolygon", "coordinates": [ [ [ [ 2.360088824053962, 48.829482098535607 ], [ 2.363532727621238, 48.826675544914764 ], [ 2.363685848982885, 48.82662959228032 ], [ 2.359987902492018, 48.826162869794288 ], [ 2.35972980944877, 48.826437596347759 ], [ 2.358450899942885, 48.828086490305083 ], [ 2.35625222864776, 48.830852837653339 ], [ 2.356982190400396, 48.831090601009493 ], [ 2.357082292482382, 48.831147799543437 ], [ 2.356999275254022, 48.83125168031205 ], [ 2.358033245550308, 48.831582806967226 ], [ 2.358846555037387, 48.830583471497199 ], [ 2.359933931512251, 48.829560414431661 ], [ 2.360088824053962, 48.829482098535607 ] ] ] ] } },
{ "type": "Feature", "properties": { "code_iris": "751135029", "nom_iris": "Gare 29", "type_iris": "H", "arr": "13e", "n": 6, "prix_med": 136.0, "pct_multi": 33.3, "pct_entire": 66.7, "ratio_lh": 1.0 }, "geometry": { "type": "MultiPolygon", "coordinates": [ [ [ [ 2.365149111645989, 48.829176299295341 ], [ 2.365049157845663, 48.829106517016875 ], [ 2.364796354308916, 48.829171728119213 ], [ 2.362214053972254, 48.830248023779461 ], [ 2.360692523930334, 48.829240697877843 ], [ 2.360341690156636, 48.829412400835515 ], [ 2.360088824053962, 48.829482098535607 ], [ 2.359933931512251, 48.829560414431661 ], [ 2.358846555037387, 48.830583471497199 ], [ 2.358033245550308, 48.831582806967226 ], [ 2.361895693761864, 48.832885977914216 ], [ 2.362174183267848, 48.832727375600555 ], [ 2.363677050117795, 48.831591382229277 ], [ 2.363875364181232, 48.831192217330468 ], [ 2.365149111645989, 48.829176299295341 ] ] ] ] } },
{ "type": "Feature", "properties": { "code_iris": "751135030", "nom_iris": "Gare 30", "type_iris": "H", "arr": "13e", "n": 4, "prix_med": 201.5, "pct_multi": 0.0, "pct_entire": 100.0, "ratio_lh": 1.0 }, "geometry": { "type": "MultiPolygon", "coordinates": [ [ [ [ 2.365299011027644, 48.829171698678927 ], [ 2.365149111645989, 48.829176299295341 ], [ 2.363875364181232, 48.831192217330468 ], [ 2.363677050117795, 48.831591382229277 ], [ 2.364113714148947, 48.831307704865921 ], [ 2.365091787250142, 48.830863215738198 ], [ 2.366012584368679, 48.830534433774233 ], [ 2.366367022663958, 48.831298078970264 ], [ 2.367671665594188, 48.83032107234051 ], [ 2.367538841656067, 48.830153087009229 ], [ 2.367196138951924, 48.829992984909666 ], [ 2.365575280631409, 48.829416894329441 ], [ 2.365419548901539, 48.829452942362778 ], [ 2.365299011027644, 48.829171698678927 ] ] ] ] } },
{ "type": "Feature", "properties": { "code_iris": "751135031", "nom_iris": "Gare 31", "type_iris": "H", "arr": "13e", "n": 0, "prix_med": 0.0, "pct_multi": 0.0, "pct_entire": 0.0, "ratio_lh": 0.0 }, "geometry": { "type": "MultiPolygon", "coordinates": [ [ [ [ 2.361895693761864, 48.832885977914216 ], [ 2.363500766590118, 48.833421560619364 ], [ 2.363675856252895, 48.833251612167274 ], [ 2.366367022663958, 48.831298078970264 ], [ 2.366012584368679, 48.830534433774233 ], [ 2.365091787250142, 48.830863215738198 ], [ 2.364113714148947, 48.831307704865921 ], [ 2.363677050117795, 48.831591382229277 ], [ 2.362174183267848, 48.832727375600555 ], [ 2.361895693761864, 48.832885977914216 ] ] ] ] } },
{ "type": "Feature", "properties": { "code_iris": "751135101", "nom_iris": "Maison Blanche 1", "type_iris": "H", "arr": "13e", "n": 14, "prix_med": 104.5, "pct_multi": 50.0, "pct_entire": 71.4, "ratio_lh": 1.17 }, "geometry": { "type": "MultiPolygon", "coordinates": [ [ [ [ 2.366927252430261, 48.817248298232556 ], [ 2.36420428117288, 48.8163983240009 ], [ 2.363328923996345, 48.816148134592815 ], [ 2.360678292349533, 48.816071933421711 ], [ 2.360525816939211, 48.816067520493718 ], [ 2.360378468777388, 48.816089216906811 ], [ 2.360207889256328, 48.816561379614399 ], [ 2.36003691776729, 48.817287165568899 ], [ 2.359505194420751, 48.818997640053404 ], [ 2.36202292379781, 48.819262027096883 ], [ 2.363273764295258, 48.819550200368653 ], [ 2.364739130615731, 48.820005885527387 ], [ 2.366927252430261, 48.817248298232556 ] ] ] ] } },
{ "type": "Feature", "properties": { "code_iris": "751135102", "nom_iris": "Maison Blanche 2", "type_iris": "H", "arr": "13e", "n": 21, "prix_med": 105.0, "pct_multi": 47.6, "pct_entire": 71.4, "ratio_lh": 1.11 }, "geometry": { "type": "MultiPolygon", "coordinates": [ [ [ [ 2.360890616340624, 48.821082620440208 ], [ 2.363324937964329, 48.82182859996189 ], [ 2.364739130615731, 48.820005885527387 ], [ 2.363273764295258, 48.819550200368653 ], [ 2.36202292379781, 48.819262027096883 ], [ 2.360890616340624, 48.821082620440208 ] ] ] ] } },
{ "type": "Feature", "properties": { "code_iris": "751135103", "nom_iris": "Maison Blanche 3", "type_iris": "H", "arr": "13e", "n": 12, "prix_med": 161.0, "pct_multi": 33.3, "pct_entire": 83.3, "ratio_lh": 1.09 }, "geometry": { "type": "MultiPolygon", "coordinates": [ [ [ [ 2.358512373800332, 48.822204901576214 ], [ 2.360580236481663, 48.822513670927307 ], [ 2.360890616340624, 48.821082620440208 ], [ 2.36202292379781, 48.819262027096883 ], [ 2.359505194420751, 48.818997640053404 ], [ 2.358512373800332, 48.822204901576214 ] ] ] ] } },
{ "type": "Feature", "properties": { "code_iris": "751135104", "nom_iris": "Maison Blanche 4", "type_iris": "H", "arr": "13e", "n": 21, "prix_med": 90.0, "pct_multi": 33.3, "pct_entire": 90.5, "ratio_lh": 1.05 }, "geometry": { "type": "MultiPolygon", "coordinates": [ [ [ [ 2.358512373800332, 48.822204901576214 ], [ 2.358340152561356, 48.822807460232845 ], [ 2.361867929752779, 48.823691538728404 ], [ 2.363153433085811, 48.822042638045772 ], [ 2.363324937964329, 48.82182859996189 ], [ 2.360890616340624, 48.821082620440208 ], [ 2.360580236481663, 48.822513670927307 ], [ 2.358512373800332, 48.822204901576214 ] ] ] ] } },
{ "type": "Feature", "properties": { "code_iris": "751135105", "nom_iris": "Maison Blanche 5", "type_iris": "H", "arr": "13e", "n": 22, "prix_med": 109.0, "pct_multi": 36.4, "pct_entire": 90.9, "ratio_lh": 1.0 }, "geometry": { "type": "MultiPolygon", "coordinates": [ [ [ [ 2.361867929752779, 48.823691538728404 ], [ 2.358340152561356, 48.822807460232845 ], [ 2.357268829114893, 48.826183362645132 ], [ 2.359987902492018, 48.826162869794288 ], [ 2.360037329287837, 48.826020133677453 ], [ 2.361867929752779, 48.823691538728404 ] ] ] ] } },
{ "type": "Feature", "properties": { "code_iris": "751135106", "nom_iris": "Maison Blanche 6", "type_iris": "H", "arr": "13e", "n": 23, "prix_med": 96.0, "pct_multi": 17.4, "pct_entire": 73.9, "ratio_lh": 1.05 }, "geometry": { "type": "MultiPolygon", "coordinates": [ [ [ [ 2.358340152561356, 48.822807460232845 ], [ 2.358512373800332, 48.822204901576214 ], [ 2.356486826628531, 48.822111275469283 ], [ 2.356272322211855, 48.820289777257941 ], [ 2.355840910957956, 48.820593243161653 ], [ 2.355246844318858, 48.820832873953236 ], [ 2.355434226254501, 48.822972606947978 ], [ 2.355452949703176, 48.824102325993486 ], [ 2.355409632685512, 48.824741549403186 ], [ 2.355329780026784, 48.824810370944718 ], [ 2.35537554348876, 48.824854687087402 ], [ 2.35522744727865, 48.825925944906608 ], [ 2.355157554530081, 48.826070367514426 ], [ 2.357268829114893, 48.826183362645132 ], [ 2.358340152561356, 48.822807460232845 ] ] ] ] } },
{ "type": "Feature", "properties": { "code_iris": "751135107", "nom_iris": "Maison Blanche 7", "type_iris": "H", "arr": "13e", "n": 14, "prix_med": 142.5, "pct_multi": 35.7, "pct_entire": 71.4, "ratio_lh": 1.17 }, "geometry": { "type": "MultiPolygon", "coordinates": [ [ [ [ 2.358512373800332, 48.822204901576214 ], [ 2.359505194420751, 48.818997640053404 ], [ 2.358445880310158, 48.81908549666246 ], [ 2.35772149139755, 48.81929296228671 ], [ 2.357225081678092, 48.819567304035161 ], [ 2.356272322211855, 48.820289777257941 ], [ 2.356486826628531, 48.822111275469283 ], [ 2.358512373800332, 48.822204901576214 ] ] ] ] } },
{ "type": "Feature", "properties": { "code_iris": "751135108", "nom_iris": "Maison Blanche 8", "type_iris": "H", "arr": "13e", "n": 7, "prix_med": 98.0, "pct_multi": 14.3, "pct_entire": 71.4, "ratio_lh": 1.0 }, "geometry": { "type": "MultiPolygon", "coordinates": [ [ [ [ 2.360525816939211, 48.816067520493718 ], [ 2.358423747028375, 48.816013988376653 ], [ 2.356232015039089, 48.815942848259404 ], [ 2.355852301315164, 48.815922815498233 ], [ 2.353377706979411, 48.817796363684181 ], [ 2.352391840207208, 48.818551005936435 ], [ 2.351253779116588, 48.81796203703729 ], [ 2.348600538375941, 48.816780212676484 ], [ 2.346919974440823, 48.816018260704318 ], [ 2.346371448422839, 48.815993678081618 ], [ 2.345190828033564, 48.816092446068538 ], [ 2.344355599882103, 48.816015918162996 ], [ 2.344448463099662, 48.815562238072879 ], [ 2.344344437439911, 48.815603938756375 ], [ 2.343902504744145, 48.815767001302056 ], [ 2.34412923088539, 48.817772072694218 ], [ 2.344586816272369, 48.819398866551069 ], [ 2.345061412162758, 48.819348403489684 ], [ 2.345311746885524, 48.819369560796233 ], [ 2.35089477588666, 48.820872285007781 ], [ 2.352572643735507, 48.820881381357083 ], [ 2.354836131970672, 48.820893615265774 ], [ 2.355246844318858, 48.820832873953236 ], [ 2.355840910957956, 48.820593243161653 ], [ 2.356272322211855, 48.820289777257941 ], [ 2.357225081678092, 48.819567304035161 ], [ 2.35772149139755, 48.81929296228671 ], [ 2.358445880310158, 48.81908549666246 ], [ 2.359505194420751, 48.818997640053404 ], [ 2.36003691776729, 48.817287165568899 ], [ 2.360207889256328, 48.816561379614399 ], [ 2.360378468777388, 48.816089216906811 ], [ 2.360525816939211, 48.816067520493718 ] ] ] ] } },
{ "type": "Feature", "properties": { "code_iris": "751135109", "nom_iris": "Maison Blanche 9", "type_iris": "H", "arr": "13e", "n": 20, "prix_med": 112.0, "pct_multi": 40.0, "pct_entire": 80.0, "ratio_lh": 1.0 }, "geometry": { "type": "MultiPolygon", "coordinates": [ [ [ [ 2.352572643735507, 48.820881381357083 ], [ 2.352556833105212, 48.821715919972732 ], [ 2.352683536226451, 48.822151905376543 ], [ 2.353227565543836, 48.823642420680713 ], [ 2.353086623443537, 48.823694721579535 ], [ 2.353011090105723, 48.823854402138409 ], [ 2.353109991175247, 48.824006931967638 ], [ 2.35339009220496, 48.824046220698889 ], [ 2.35389677142033, 48.825476270074986 ], [ 2.353647942278496, 48.825990267834868 ], [ 2.355157554530081, 48.826070367514426 ], [ 2.35522744727865, 48.825925944906608 ], [ 2.35537554348876, 48.824854687087402 ], [ 2.355329780026784, 48.824810370944718 ], [ 2.355409632685512, 48.824741549403186 ], [ 2.355452949703176, 48.824102325993486 ], [ 2.355434226254501, 48.822972606947978 ], [ 2.355246844318858, 48.820832873953236 ], [ 2.354836131970672, 48.820893615265774 ], [ 2.352572643735507, 48.820881381357083 ] ] ] ] } },
{ "type": "Feature", "properties": { "code_iris": "751135110", "nom_iris": "Maison Blanche 10", "type_iris": "H", "arr": "13e", "n": 14, "prix_med": 86.5, "pct_multi": 7.1, "pct_entire": 92.9, "ratio_lh": 1.0 }, "geometry": { "type": "MultiPolygon", "coordinates": [ [ [ [ 2.344586816272369, 48.819398866551069 ], [ 2.344591545649815, 48.819564378716152 ], [ 2.343809839510958, 48.820425296355239 ], [ 2.342505769343296, 48.821448823287795 ], [ 2.342959188509231, 48.82156733560381 ], [ 2.343291135148605, 48.82159793925026 ], [ 2.346101345170311, 48.822111595978868 ], [ 2.346796651590053, 48.822275485659652 ], [ 2.34725154046785, 48.82216914473365 ], [ 2.349872068503621, 48.822170829432814 ], [ 2.350097393811588, 48.822123487798272 ], [ 2.350432952227301, 48.822192764491007 ], [ 2.352683536226451, 48.822151905376543 ], [ 2.352556833105212, 48.821715919972732 ], [ 2.352572643735507, 48.820881381357083 ], [ 2.35089477588666, 48.820872285007781 ], [ 2.345311746885524, 48.819369560796233 ], [ 2.345061412162758, 48.819348403489684 ], [ 2.344586816272369, 48.819398866551069 ] ] ] ] } },
{ "type": "Feature", "properties": { "code_iris": "751135111", "nom_iris": "Maison Blanche 11", "type_iris": "H", "arr": "13e", "n": 20, "prix_med": 88.0, "pct_multi": 25.0, "pct_entire": 85.0, "ratio_lh": 1.0 }, "geometry": { "type": "MultiPolygon", "coordinates": [ [ [ [ 2.346796651590053, 48.822275485659652 ], [ 2.348558907064612, 48.824037088199375 ], [ 2.348716063662335, 48.823995673465816 ], [ 2.353011090105723, 48.823854402138409 ], [ 2.353086623443537, 48.823694721579535 ], [ 2.353227565543836, 48.823642420680713 ], [ 2.352683536226451, 48.822151905376543 ], [ 2.350432952227301, 48.822192764491007 ], [ 2.350097393811588, 48.822123487798272 ], [ 2.349872068503621, 48.822170829432814 ], [ 2.34725154046785, 48.82216914473365 ], [ 2.346796651590053, 48.822275485659652 ] ] ] ] } },
{ "type": "Feature", "properties": { "code_iris": "751135112", "nom_iris": "Maison Blanche 12", "type_iris": "H", "arr": "13e", "n": 32, "prix_med": 114.0, "pct_multi": 31.2, "pct_entire": 87.5, "ratio_lh": 1.1 }, "geometry": { "type": "MultiPolygon", "coordinates": [ [ [ [ 2.350390521254306, 48.82581702566312 ], [ 2.353647942278496, 48.825990267834868 ], [ 2.35389677142033, 48.825476270074986 ], [ 2.35339009220496, 48.824046220698889 ], [ 2.353109991175247, 48.824006931967638 ], [ 2.353011090105723, 48.823854402138409 ], [ 2.348716063662335, 48.823995673465816 ], [ 2.348558907064612, 48.824037088199375 ], [ 2.350390521254306, 48.82581702566312 ] ] ] ] } },
{ "type": "Feature", "properties": { "code_iris": "751135113", "nom_iris": "Maison Blanche 13", "type_iris": "H", "arr": "13e", "n": 27, "prix_med": 120.0, "pct_multi": 25.9, "pct_entire": 92.6, "ratio_lh": 1.04 }, "geometry": { "type": "MultiPolygon", "coordinates": [ [ [ [ 2.346586811033202, 48.825760328087043 ], [ 2.347360445737356, 48.825655728077166 ], [ 2.350390521254306, 48.82581702566312 ], [ 2.348558907064612, 48.824037088199375 ], [ 2.346796651590053, 48.822275485659652 ], [ 2.346586811033202, 48.825760328087043 ] ] ] ] } },
{ "type": "Feature", "properties": { "code_iris": "751135114", "nom_iris": "Maison Blanche 14", "type_iris": "H", "arr": "13e", "n": 21, "prix_med": 127.0, "pct_multi": 9.5, "pct_entire": 85.7, "ratio_lh": 1.0 }, "geometry": { "type": "MultiPolygon", "coordinates": [ [ [ [ 2.341785214650722, 48.826415723886036 ], [ 2.341795702304383, 48.826448159161515 ], [ 2.345214189407726, 48.825945286955552 ], [ 2.346586811033202, 48.825760328087043 ], [ 2.346796651590053, 48.822275485659652 ], [ 2.346472854946136, 48.822463485503164 ], [ 2.344559626359092, 48.82405390817275 ], [ 2.341785214650722, 48.826415723886036 ] ] ] ] } },
{ "type": "Feature", "properties": { "code_iris": "751135115", "nom_iris": "Maison Blanche 15", "type_iris": "H", "arr": "13e", "n": 6, "prix_med": 195.0, "pct_multi": 33.3, "pct_entire": 100.0, "ratio_lh": 1.0 }, "geometry": { "type": "MultiPolygon", "coordinates": [ [ [ [ 2.342505769343296, 48.821448823287795 ], [ 2.342046610267817, 48.822109140900217 ], [ 2.343635874990009, 48.822776220646858 ], [ 2.343959231177429, 48.822624201226759 ], [ 2.344062426888319, 48.822757875461178 ], [ 2.344559626359092, 48.82405390817275 ], [ 2.346472854946136, 48.822463485503164 ], [ 2.346796651590053, 48.822275485659652 ], [ 2.346101345170311, 48.822111595978868 ], [ 2.343291135148605, 48.82159793925026 ], [ 2.342959188509231, 48.82156733560381 ], [ 2.342505769343296, 48.821448823287795 ] ] ] ] } },
{ "type": "Feature", "properties": { "code_iris": "751135116", "nom_iris": "Maison Blanche 16", "type_iris": "H", "arr": "13e", "n": 19, "prix_med": 142.0, "pct_multi": 42.1, "pct_entire": 78.9, "ratio_lh": 1.12 }, "geometry": { "type": "MultiPolygon", "coordinates": [ [ [ [ 2.342046610267817, 48.822109140900217 ], [ 2.34173011598054, 48.822688398328346 ], [ 2.341488633272006, 48.823582850366883 ], [ 2.341542263379834, 48.824621028290046 ], [ 2.341785214650722, 48.826415723886036 ], [ 2.344559626359092, 48.82405390817275 ], [ 2.344062426888319, 48.822757875461178 ], [ 2.343959231177429, 48.822624201226759 ], [ 2.343635874990009, 48.822776220646858 ], [ 2.342046610267817, 48.822109140900217 ] ] ] ] } },
{ "type": "Feature", "properties": { "code_iris": "751135117", "nom_iris": "Maison Blanche 17", "type_iris": "H", "arr": "13e", "n": 12, "prix_med": 141.0, "pct_multi": 16.7, "pct_entire": 100.0, "ratio_lh": 1.0 }, "geometry": { "type": "MultiPolygon", "coordinates": [ [ [ [ 2.341795702304383, 48.826448159161515 ], [ 2.342540342080222, 48.828212333411884 ], [ 2.342839906440678, 48.828545849175192 ], [ 2.345621393075712, 48.827904557351403 ], [ 2.345214189407726, 48.825945286955552 ], [ 2.341795702304383, 48.826448159161515 ] ] ] ] } },
{ "type": "Feature", "properties": { "code_iris": "751135118", "nom_iris": "Maison Blanche 18", "type_iris": "H", "arr": "13e", "n": 8, "prix_med": 130.0, "pct_multi": 62.5, "pct_entire": 87.5, "ratio_lh": 1.33 }, "geometry": { "type": "MultiPolygon", "coordinates": [ [ [ [ 2.341795702304383, 48.826448159161515 ], [ 2.341592211729773, 48.826490209071338 ], [ 2.341600018072802, 48.828352859077604 ], [ 2.34128286098483, 48.830274874006818 ], [ 2.341249912243379, 48.831588676329183 ], [ 2.341157484848861, 48.831787827865419 ], [ 2.341072060968536, 48.831971728558273 ], [ 2.344236345114972, 48.831130219364688 ], [ 2.344164147812027, 48.830805149983782 ], [ 2.343882722357059, 48.830111089201296 ], [ 2.343284407789672, 48.829052839888909 ], [ 2.342839906440678, 48.828545849175192 ], [ 2.342540342080222, 48.828212333411884 ], [ 2.341795702304383, 48.826448159161515 ] ] ] ] } },
{ "type": "Feature", "properties": { "code_iris": "751135119", "nom_iris": "Maison Blanche 19", "type_iris": "H", "arr": "13e", "n": 6, "prix_med": 151.5, "pct_multi": 0.0, "pct_entire": 100.0, "ratio_lh": 1.0 }, "geometry": { "type": "MultiPolygon", "coordinates": [ [ [ [ 2.344236345114972, 48.831130219364688 ], [ 2.345947946061056, 48.830648534360549 ], [ 2.345852032522142, 48.830258581359551 ], [ 2.345621393075712, 48.827904557351403 ], [ 2.342839906440678, 48.828545849175192 ], [ 2.343284407789672, 48.829052839888909 ], [ 2.343882722357059, 48.830111089201296 ], [ 2.344164147812027, 48.830805149983782 ], [ 2.344236345114972, 48.831130219364688 ] ] ] ] } },
{ "type": "Feature", "properties": { "code_iris": "751135120", "nom_iris": "Maison Blanche 20", "type_iris": "H", "arr": "13e", "n": 16, "prix_med": 108.0, "pct_multi": 31.2, "pct_entire": 62.5, "ratio_lh": 1.14 }, "geometry": { "type": "MultiPolygon", "coordinates": [ [ [ [ 2.346586811033202, 48.825760328087043 ], [ 2.345214189407726, 48.825945286955552 ], [ 2.345621393075712, 48.827904557351403 ], [ 2.345852032522142, 48.830258581359551 ], [ 2.345947946061056, 48.830648534360549 ], [ 2.347192129267711, 48.830286589131404 ], [ 2.3485030176597, 48.829926793071458 ], [ 2.347657832014971, 48.828777283477145 ], [ 2.347272796269909, 48.827869512602717 ], [ 2.346584559236159, 48.826483414286514 ], [ 2.346586811033202, 48.825760328087043 ] ] ] ] } },
{ "type": "Feature", "properties": { "code_iris": "751135121", "nom_iris": "Maison Blanche 21", "type_iris": "H", "arr": "13e", "n": 31, "prix_med": 99.0, "pct_multi": 45.2, "pct_entire": 74.2, "ratio_lh": 1.11 }, "geometry": { "type": "MultiPolygon", "coordinates": [ [ [ [ 2.3485030176597, 48.829926793071458 ], [ 2.34924948622598, 48.829711410037724 ], [ 2.35000495068944, 48.829648065293235 ], [ 2.352592803347363, 48.830446354795264 ], [ 2.352371556596598, 48.83005303058458 ], [ 2.351088190277999, 48.829079248169442 ], [ 2.349412718127939, 48.827656329303259 ], [ 2.349012962128545, 48.827598392706022 ], [ 2.348732244462202, 48.827389108706996 ], [ 2.347272796269909, 48.827869512602717 ], [ 2.347657832014971, 48.828777283477145 ], [ 2.3485030176597, 48.829926793071458 ] ] ] ] } },
{ "type": "Feature", "properties": { "code_iris": "751135122", "nom_iris": "Maison Blanche 22", "type_iris": "H", "arr": "13e", "n": 51, "prix_med": 111.0, "pct_multi": 35.3, "pct_entire": 88.2, "ratio_lh": 1.13 }, "geometry": { "type": "MultiPolygon", "coordinates": [ [ [ [ 2.350390521254306, 48.82581702566312 ], [ 2.347360445737356, 48.825655728077166 ], [ 2.346586811033202, 48.825760328087043 ], [ 2.346584559236159, 48.826483414286514 ], [ 2.347272796269909, 48.827869512602717 ], [ 2.348732244462202, 48.827389108706996 ], [ 2.349012962128545, 48.827598392706022 ], [ 2.349412718127939, 48.827656329303259 ], [ 2.352358308678248, 48.828049155005324 ], [ 2.352733308504167, 48.828126732604353 ], [ 2.352936415335568, 48.827566622148261 ], [ 2.353647942278496, 48.825990267834868 ], [ 2.350390521254306, 48.82581702566312 ] ] ] ] } },
{ "type": "Feature", "properties": { "code_iris": "751135123", "nom_iris": "Maison Blanche 23", "type_iris": "H", "arr": "13e", "n": 56, "prix_med": 137.0, "pct_multi": 51.8, "pct_entire": 89.3, "ratio_lh": 1.22 }, "geometry": { "type": "MultiPolygon", "coordinates": [ [ [ [ 2.352733308504167, 48.828126732604353 ], [ 2.352358308678248, 48.828049155005324 ], [ 2.349412718127939, 48.827656329303259 ], [ 2.351088190277999, 48.829079248169442 ], [ 2.352371556596598, 48.83005303058458 ], [ 2.352592803347363, 48.830446354795264 ], [ 2.354457189508793, 48.831039225389603 ], [ 2.354510310561758, 48.830929788762617 ], [ 2.354849214773231, 48.830733755596896 ], [ 2.352733308504167, 48.828126732604353 ] ] ] ] } },
{ "type": "Feature", "properties": { "code_iris": "751135124", "nom_iris": "Maison Blanche 24", "type_iris": "H", "arr": "13e", "n": 55, "prix_med": 106.0, "pct_multi": 25.5, "pct_entire": 87.3, "ratio_lh": 1.06 }, "geometry": { "type": "MultiPolygon", "coordinates": [ [ [ [ 2.355577096100367, 48.831469768084503 ], [ 2.356134130054802, 48.83114989387559 ], [ 2.356126583101295, 48.830988865768333 ], [ 2.35625222864776, 48.830852837653339 ], [ 2.358450899942885, 48.828086490305083 ], [ 2.357357085258662, 48.827863868545222 ], [ 2.356766837421886, 48.827787846049738 ], [ 2.35661051518468, 48.828313138815119 ], [ 2.356234123940003, 48.828237364681911 ], [ 2.355140177104091, 48.827915790794478 ], [ 2.353984724685533, 48.827502138319517 ], [ 2.353716941381906, 48.827456622149718 ], [ 2.353339111559984, 48.82760747339487 ], [ 2.352733308504167, 48.828126732604353 ], [ 2.354849214773231, 48.830733755596896 ], [ 2.354510310561758, 48.830929788762617 ], [ 2.354457189508793, 48.831039225389603 ], [ 2.355122017020266, 48.831255962971007 ], [ 2.355577096100367, 48.831469768084503 ] ] ] ] } },
{ "type": "Feature", "properties": { "code_iris": "751135125", "nom_iris": "Maison Blanche 25", "type_iris": "H", "arr": "13e", "n": 39, "prix_med": 117.0, "pct_multi": 38.5, "pct_entire": 87.2, "ratio_lh": 1.0 }, "geometry": { "type": "MultiPolygon", "coordinates": [ [ [ [ 2.357268829114893, 48.826183362645132 ], [ 2.355157554530081, 48.826070367514426 ], [ 2.353647942278496, 48.825990267834868 ], [ 2.352936415335568, 48.827566622148261 ], [ 2.352733308504167, 48.828126732604353 ], [ 2.353339111559984, 48.82760747339487 ], [ 2.353716941381906, 48.827456622149718 ], [ 2.353984724685533, 48.827502138319517 ], [ 2.355140177104091, 48.827915790794478 ], [ 2.356234123940003, 48.828237364681911 ], [ 2.35661051518468, 48.828313138815119 ], [ 2.356766837421886, 48.827787846049738 ], [ 2.357357085258662, 48.827863868545222 ], [ 2.358450899942885, 48.828086490305083 ], [ 2.35972980944877, 48.826437596347759 ], [ 2.359987902492018, 48.826162869794288 ], [ 2.357268829114893, 48.826183362645132 ] ] ] ] } },
{ "type": "Feature", "properties": { "code_iris": "751135201", "nom_iris": "Croulebarbe 1", "type_iris": "H", "arr": "13e", "n": 52, "prix_med": 138.5, "pct_multi": 23.1, "pct_entire": 92.3, "ratio_lh": 1.04 }, "geometry": { "type": "MultiPolygon", "coordinates": [ [ [ [ 2.355577096100367, 48.831469768084503 ], [ 2.355122017020266, 48.831255962971007 ], [ 2.354457189508793, 48.831039225389603 ], [ 2.354380231862905, 48.831203394972214 ], [ 2.352647579374336, 48.83064271441836 ], [ 2.352752007422499, 48.831667663896397 ], [ 2.351756642231344, 48.832068788912736 ], [ 2.35163250323861, 48.832082505955313 ], [ 2.351111579572839, 48.831906102268135 ], [ 2.350715559535296, 48.83165482719869 ], [ 2.350567103545684, 48.831652222438471 ], [ 2.350391779829904, 48.831728616252306 ], [ 2.349906519600861, 48.832079432538983 ], [ 2.350842900557854, 48.83258726682147 ], [ 2.351350056459516, 48.832994735061249 ], [ 2.351316434270386, 48.833069200446083 ], [ 2.351413731157806, 48.833132684013371 ], [ 2.351675935664617, 48.833738482160115 ], [ 2.351560380953934, 48.834156961932507 ], [ 2.351190782951538, 48.834627126450016 ], [ 2.350902990008361, 48.834872891447326 ], [ 2.350437302587934, 48.83518154493359 ], [ 2.34997383487008, 48.83563950376071 ], [ 2.349838546819545, 48.835781768014847 ], [ 2.349718667971721, 48.83610848631853 ], [ 2.351423387881988, 48.836626784029917 ], [ 2.351870772035156, 48.836804585637026 ], [ 2.352866303142902, 48.835299937430541 ], [ 2.353209114962895, 48.83490157271936 ], [ 2.355577096100367, 48.831469768084503 ] ] ] ] } },
{ "type": "Feature", "properties": { "code_iris": "751135202", "nom_iris": "Croulebarbe 2", "type_iris": "H", "arr": "13e", "n": 20, "prix_med": 130.5, "pct_multi": 55.0, "pct_entire": 95.0, "ratio_lh": 1.43 }, "geometry": { "type": "MultiPolygon", "coordinates": [ [ [ [ 2.352592803347363, 48.830446354795264 ], [ 2.35000495068944, 48.829648065293235 ], [ 2.34924948622598, 48.829711410037724 ], [ 2.3485030176597, 48.829926793071458 ], [ 2.347192129267711, 48.830286589131404 ], [ 2.348164253234285, 48.830981710040099 ], [ 2.349906519600861, 48.832079432538983 ], [ 2.350391779829904, 48.831728616252306 ], [ 2.350567103545684, 48.831652222438471 ], [ 2.350715559535296, 48.83165482719869 ], [ 2.351111579572839, 48.831906102268135 ], [ 2.35163250323861, 48.832082505955313 ], [ 2.351756642231344, 48.832068788912736 ], [ 2.352752007422499, 48.831667663896397 ], [ 2.352647579374336, 48.83064271441836 ], [ 2.354380231862905, 48.831203394972214 ], [ 2.354457189508793, 48.831039225389603 ], [ 2.352592803347363, 48.830446354795264 ] ] ] ] } },
{ "type": "Feature", "properties": { "code_iris": "751135203", "nom_iris": "Croulebarbe 3", "type_iris": "H", "arr": "13e", "n": 47, "prix_med": 135.0, "pct_multi": 25.5, "pct_entire": 89.4, "ratio_lh": 1.04 }, "geometry": { "type": "MultiPolygon", "coordinates": [ [ [ [ 2.347192129267711, 48.830286589131404 ], [ 2.345947946061056, 48.830648534360549 ], [ 2.34686266659425, 48.832553905850077 ], [ 2.347007657038596, 48.832615854760178 ], [ 2.346857843955043, 48.832938810262839 ], [ 2.347070811383009, 48.833011922708394 ], [ 2.348314170990857, 48.835661950727413 ], [ 2.349718667971721, 48.83610848631853 ], [ 2.349838546819545, 48.835781768014847 ], [ 2.34997383487008, 48.83563950376071 ], [ 2.350437302587934, 48.83518154493359 ], [ 2.350902990008361, 48.834872891447326 ], [ 2.351190782951538, 48.834627126450016 ], [ 2.351560380953934, 48.834156961932507 ], [ 2.351675935664617, 48.833738482160115 ], [ 2.351413731157806, 48.833132684013371 ], [ 2.351316434270386, 48.833069200446083 ], [ 2.351350056459516, 48.832994735061249 ], [ 2.350842900557854, 48.83258726682147 ], [ 2.349906519600861, 48.832079432538983 ], [ 2.348164253234285, 48.830981710040099 ], [ 2.347192129267711, 48.830286589131404 ] ] ] ] } },
{ "type": "Feature", "properties": { "code_iris": "751135204", "nom_iris": "Croulebarbe 4", "type_iris": "H", "arr": "13e", "n": 39, "prix_med": 135.0, "pct_multi": 23.1, "pct_entire": 94.9, "ratio_lh": 1.03 }, "geometry": { "type": "MultiPolygon", "coordinates": [ [ [ [ 2.345947946061056, 48.830648534360549 ], [ 2.344236345114972, 48.831130219364688 ], [ 2.344849273518455, 48.834172553638709 ], [ 2.345470768507864, 48.834368421395389 ], [ 2.345686091829942, 48.834471228282112 ], [ 2.34596585678506, 48.834649934195717 ], [ 2.3462608067458, 48.8350301811153 ], [ 2.348314170990857, 48.835661950727413 ], [ 2.347070811383009, 48.833011922708394 ], [ 2.346857843955043, 48.832938810262839 ], [ 2.347007657038596, 48.832615854760178 ], [ 2.34686266659425, 48.832553905850077 ], [ 2.345947946061056, 48.830648534360549 ] ] ] ] } },
{ "type": "Feature", "properties": { "code_iris": "751135205", "nom_iris": "Croulebarbe 5", "type_iris": "H", "arr": "13e", "n": 20, "prix_med": 118.0, "pct_multi": 30.0, "pct_entire": 90.0, "ratio_lh": 1.05 }, "geometry": { "type": "MultiPolygon", "coordinates": [ [ [ [ 2.341072060968536, 48.831971728558273 ], [ 2.341263603808228, 48.833092501327094 ], [ 2.342302165308338, 48.833486745014838 ], [ 2.344365019492123, 48.834005315440493 ], [ 2.344849273518455, 48.834172553638709 ], [ 2.344236345114972, 48.831130219364688 ], [ 2.341072060968536, 48.831971728558273 ] ] ] ] } },
{ "type": "Feature", "properties": { "code_iris": "751135206", "nom_iris": "Croulebarbe 6", "type_iris": "H", "arr": "13e", "n": 56, "prix_med": 150.5, "pct_multi": 23.2, "pct_entire": 94.6, "ratio_lh": 1.02 }, "geometry": { "type": "MultiPolygon", "coordinates": [ [ [ [ 2.341263603808228, 48.833092501327094 ], [ 2.341671904722567, 48.83538904275494 ], [ 2.342085567254399, 48.838343044734614 ], [ 2.345521063609997, 48.837632504603853 ], [ 2.344849273518455, 48.834172553638709 ], [ 2.344365019492123, 48.834005315440493 ], [ 2.342302165308338, 48.833486745014838 ], [ 2.341263603808228, 48.833092501327094 ] ] ] ] } },
{ "type": "Feature", "properties": { "code_iris": "751135207", "nom_iris": "Croulebarbe 7", "type_iris": "H", "arr": "13e", "n": 52, "prix_med": 166.5, "pct_multi": 28.8, "pct_entire": 90.4, "ratio_lh": 1.04 }, "geometry": { "type": "MultiPolygon", "coordinates": [ [ [ [ 2.345521063609997, 48.837632504603853 ], [ 2.347007359776023, 48.837315956106067 ], [ 2.349069026043048, 48.837072672284258 ], [ 2.351870772035156, 48.836804585637026 ], [ 2.351423387881988, 48.836626784029917 ], [ 2.349718667971721, 48.83610848631853 ], [ 2.348314170990857, 48.835661950727413 ], [ 2.3462608067458, 48.8350301811153 ], [ 2.34596585678506, 48.834649934195717 ], [ 2.345686091829942, 48.834471228282112 ], [ 2.345470768507864, 48.834368421395389 ], [ 2.344849273518455, 48.834172553638709 ], [ 2.345521063609997, 48.837632504603853 ] ] ] ] } },
{ "type": "Feature", "properties": { "code_iris": "751145301", "nom_iris": "Montparnasse 1", "type_iris": "H", "arr": "14e", "n": 11, "prix_med": 117.0, "pct_multi": 18.2, "pct_entire": 72.7, "ratio_lh": 1.0 }, "geometry": { "type": "MultiPolygon", "coordinates": [ [ [ [ 2.341671904722567, 48.83538904275494 ], [ 2.341263603808228, 48.833092501327094 ], [ 2.341072060968536, 48.831971728558273 ], [ 2.341157484848861, 48.831787827865419 ], [ 2.336457338796941, 48.83309291496932 ], [ 2.336531551793298, 48.83347016330422 ], [ 2.336334027807584, 48.833576092636278 ], [ 2.336653239124614, 48.834077913714786 ], [ 2.338046695555586, 48.833773552077787 ], [ 2.338222019610424, 48.834664899101952 ], [ 2.336969366020112, 48.834608496435983 ], [ 2.337747569394431, 48.835871925410636 ], [ 2.340537298758321, 48.83558425131703 ], [ 2.341671904722567, 48.83538904275494 ] ] ] ] } },
{ "type": "Feature", "properties": { "code_iris": "751145302", "nom_iris": "Montparnasse 2", "type_iris": "H", "arr": "14e", "n": 20, "prix_med": 177.5, "pct_multi": 25.0, "pct_entire": 80.0, "ratio_lh": 1.11 }, "geometry": { "type": "MultiPolygon", "coordinates": [ [ [ [ 2.337552480490955, 48.839430543050128 ], [ 2.339694669367677, 48.838864094503606 ], [ 2.338918773073734, 48.837733801256086 ], [ 2.337747569394431, 48.835871925410636 ], [ 2.336969366020112, 48.834608496435983 ], [ 2.338222019610424, 48.834664899101952 ], [ 2.338046695555586, 48.833773552077787 ], [ 2.336653239124614, 48.834077913714786 ], [ 2.336334027807584, 48.833576092636278 ], [ 2.336531551793298, 48.83347016330422 ], [ 2.336457338796941, 48.83309291496932 ], [ 2.33607229860163, 48.833160929220419 ], [ 2.335900051107848, 48.833207639647632 ], [ 2.335895928890432, 48.833317340086481 ], [ 2.335836860366602, 48.833355685070956 ], [ 2.333788597912889, 48.833942375668329 ], [ 2.333669588329671, 48.83398038568761 ], [ 2.333629243975903, 48.834045815016943 ], [ 2.333327451258235, 48.834101693006538 ], [ 2.332627719106447, 48.834487218422822 ], [ 2.333480822733185, 48.835531647526558 ], [ 2.335471336422248, 48.837556409918925 ], [ 2.336319064042516, 48.838389434139032 ], [ 2.336618165732024, 48.838546683822265 ], [ 2.337552480490955, 48.839430543050128 ] ] ] ] } },
{ "type": "Feature", "properties": { "code_iris": "751145303", "nom_iris": "Montparnasse 3", "type_iris": "H", "arr": "14e", "n": 34, "prix_med": 128.0, "pct_multi": 26.5, "pct_entire": 94.1, "ratio_lh": 1.0 }, "geometry": { "type": "MultiPolygon", "coordinates": [ [ [ [ 2.326854569661756, 48.834974703570481 ], [ 2.327631253709622, 48.836020543189179 ], [ 2.331952165687977, 48.834473554090842 ], [ 2.332239959291349, 48.834447280656143 ], [ 2.332627719106447, 48.834487218422822 ], [ 2.331518616659901, 48.833223703558687 ], [ 2.330544969672668, 48.83361578022128 ], [ 2.326854569661756, 48.834974703570481 ] ] ] ] } },
{ "type": "Feature", "properties": { "code_iris": "751145304", "nom_iris": "Montparnasse 4", "type_iris": "H", "arr": "14e", "n": 30, "prix_med": 176.5, "pct_multi": 30.0, "pct_entire": 83.3, "ratio_lh": 1.07 }, "geometry": { "type": "MultiPolygon", "coordinates": [ [ [ [ 2.323472515249228, 48.836179665818172 ], [ 2.322925127807629, 48.837520227186836 ], [ 2.323257958241445, 48.837489733386349 ], [ 2.327631253709622, 48.836020543189179 ], [ 2.326854569661756, 48.834974703570481 ], [ 2.324184921132916, 48.835979535978005 ], [ 2.323472515249228, 48.836179665818172 ] ] ] ] } },
{ "type": "Feature", "properties": { "code_iris": "751145305", "nom_iris": "Montparnasse 5", "type_iris": "H", "arr": "14e", "n": 49, "prix_med": 140.0, "pct_multi": 38.8, "pct_entire": 87.8, "ratio_lh": 1.07 }, "geometry": { "type": "MultiPolygon", "coordinates": [ [ [ [ 2.322609178636039, 48.838558108906859 ], [ 2.324844512348838, 48.841223880014468 ], [ 2.330062396706929, 48.839469772137363 ], [ 2.330525413065713, 48.839381528300088 ], [ 2.330591419751279, 48.839334231240642 ], [ 2.330828474909787, 48.838698805479389 ], [ 2.332127716804929, 48.83512657819454 ], [ 2.332355112302094, 48.83471053976514 ], [ 2.332627719106447, 48.834487218422822 ], [ 2.332239959291349, 48.834447280656143 ], [ 2.331952165687977, 48.834473554090842 ], [ 2.327631253709622, 48.836020543189179 ], [ 2.323257958241445, 48.837489733386349 ], [ 2.322925127807629, 48.837520227186836 ], [ 2.322888270117602, 48.837630640978318 ], [ 2.322807457453753, 48.837978239354584 ], [ 2.322672738681215, 48.838175337756347 ], [ 2.322609178636039, 48.838558108906859 ] ] ] ] } },
{ "type": "Feature", "properties": { "code_iris": "751145306", "nom_iris": "Montparnasse 6", "type_iris": "H", "arr": "14e", "n": 78, "prix_med": 195.0, "pct_multi": 55.1, "pct_entire": 75.6, "ratio_lh": 1.47 }, "geometry": { "type": "MultiPolygon", "coordinates": [ [ [ [ 2.321832824389552, 48.840109616605872 ], [ 2.321471529354066, 48.840964664614837 ], [ 2.321548817535348, 48.841098209249928 ], [ 2.324244459914423, 48.843262051383775 ], [ 2.324883219147755, 48.841286154733083 ], [ 2.324844512348838, 48.841223880014468 ], [ 2.322609178636039, 48.838558108906859 ], [ 2.322067100027841, 48.839905888766559 ], [ 2.321987887400871, 48.840025055693303 ], [ 2.321832824389552, 48.840109616605872 ] ] ] ] } },
{ "type": "Feature", "properties": { "code_iris": "751145307", "nom_iris": "Montparnasse 7", "type_iris": "H", "arr": "14e", "n": 41, "prix_med": 150.0, "pct_multi": 29.3, "pct_entire": 95.1, "ratio_lh": 1.0 }, "geometry": { "type": "MultiPolygon", "coordinates": [ [ [ [ 2.324244459914423, 48.843262051383775 ], [ 2.324641767064501, 48.843621342685267 ], [ 2.329574854219896, 48.84199425949064 ], [ 2.329604483708527, 48.841915281407147 ], [ 2.32945231715434, 48.841881152044209 ], [ 2.325559581398984, 48.841349328111349 ], [ 2.324883219147755, 48.841286154733083 ], [ 2.324244459914423, 48.843262051383775 ] ] ] ] } },
{ "type": "Feature", "properties": { "code_iris": "751145308", "nom_iris": "Montparnasse 8", "type_iris": "H", "arr": "14e", "n": 28, "prix_med": 188.0, "pct_multi": 39.3, "pct_entire": 89.3, "ratio_lh": 1.08 }, "geometry": { "type": "MultiPolygon", "coordinates": [ [ [ [ 2.329574854219896, 48.84199425949064 ], [ 2.3298321288791, 48.841907563280564 ], [ 2.329645452249143, 48.84180219097334 ], [ 2.330591419751279, 48.839334231240642 ], [ 2.330525413065713, 48.839381528300088 ], [ 2.330062396706929, 48.839469772137363 ], [ 2.324844512348838, 48.841223880014468 ], [ 2.324883219147755, 48.841286154733083 ], [ 2.325559581398984, 48.841349328111349 ], [ 2.32945231715434, 48.841881152044209 ], [ 2.329604483708527, 48.841915281407147 ], [ 2.329574854219896, 48.84199425949064 ] ] ] ] } },
{ "type": "Feature", "properties": { "code_iris": "751145309", "nom_iris": "Montparnasse 9", "type_iris": "H", "arr": "14e", "n": 34, "prix_med": 146.5, "pct_multi": 20.6, "pct_entire": 94.1, "ratio_lh": 1.0 }, "geometry": { "type": "MultiPolygon", "coordinates": [ [ [ [ 2.3298321288791, 48.841907563280564 ], [ 2.334862059021432, 48.840246627980335 ], [ 2.33482612327317, 48.840179875073432 ], [ 2.333317950384403, 48.839211855011477 ], [ 2.332503044015414, 48.839755024903788 ], [ 2.331020880862345, 48.83878172413511 ], [ 2.330828474909787, 48.838698805479389 ], [ 2.330591419751279, 48.839334231240642 ], [ 2.329645452249143, 48.84180219097334 ], [ 2.3298321288791, 48.841907563280564 ] ] ] ] } },
{ "type": "Feature", "properties": { "code_iris": "751145310", "nom_iris": "Montparnasse 10", "type_iris": "H", "arr": "14e", "n": 40, "prix_med": 151.5, "pct_multi": 25.0, "pct_entire": 92.5, "ratio_lh": 1.0 }, "geometry": { "type": "MultiPolygon", "coordinates": [ [ [ [ 2.334862059021432, 48.840246627980335 ], [ 2.336656991547952, 48.839671107587428 ], [ 2.337552480490955, 48.839430543050128 ], [ 2.336618165732024, 48.838546683822265 ], [ 2.336319064042516, 48.838389434139032 ], [ 2.335471336422248, 48.837556409918925 ], [ 2.333480822733185, 48.835531647526558 ], [ 2.332627719106447, 48.834487218422822 ], [ 2.332355112302094, 48.83471053976514 ], [ 2.332127716804929, 48.83512657819454 ], [ 2.330828474909787, 48.838698805479389 ], [ 2.331020880862345, 48.83878172413511 ], [ 2.332503044015414, 48.839755024903788 ], [ 2.333317950384403, 48.839211855011477 ], [ 2.33482612327317, 48.840179875073432 ], [ 2.334862059021432, 48.840246627980335 ] ] ] ] } },
{ "type": "Feature", "properties": { "code_iris": "751145401", "nom_iris": "Parc de Montsouris 1", "type_iris": "H", "arr": "14e", "n": 31, "prix_med": 69.0, "pct_multi": 29.0, "pct_entire": 64.5, "ratio_lh": 1.15 }, "geometry": { "type": "MultiPolygon", "coordinates": [ [ [ [ 2.344586816272369, 48.819398866551069 ], [ 2.34412923088539, 48.817772072694218 ], [ 2.343902504744145, 48.815767001302056 ], [ 2.343013285918382, 48.816084997590231 ], [ 2.341683722695742, 48.816330411553196 ], [ 2.337275148209404, 48.816557884744732 ], [ 2.333711090278114, 48.816771017573487 ], [ 2.331898060637624, 48.817010929647068 ], [ 2.332461042459754, 48.818247130088224 ], [ 2.329296396286016, 48.818950726362957 ], [ 2.329666246403048, 48.819315251901429 ], [ 2.329590511485611, 48.819379582896481 ], [ 2.329535201696916, 48.819550155585141 ], [ 2.329676222897365, 48.820128350047966 ], [ 2.329907115232437, 48.821026328321999 ], [ 2.330366344273001, 48.822174712834716 ], [ 2.340707234627335, 48.8198865886351 ], [ 2.341410067315188, 48.819774441530143 ], [ 2.344586816272369, 48.819398866551069 ] ] ] ] } },
{ "type": "Feature", "properties": { "code_iris": "751145402", "nom_iris": "Parc de Montsouris 2", "type_iris": "H", "arr": "14e", "n": 43, "prix_med": 124.0, "pct_multi": 44.2, "pct_entire": 83.7, "ratio_lh": 1.19 }, "geometry": { "type": "MultiPolygon", "coordinates": [ [ [ [ 2.341542263379834, 48.824621028290046 ], [ 2.341488633272006, 48.823582850366883 ], [ 2.34173011598054, 48.822688398328346 ], [ 2.342046610267817, 48.822109140900217 ], [ 2.342505769343296, 48.821448823287795 ], [ 2.343809839510958, 48.820425296355239 ], [ 2.344591545649815, 48.819564378716152 ], [ 2.344586816272369, 48.819398866551069 ], [ 2.341410067315188, 48.819774441530143 ], [ 2.340707234627335, 48.8198865886351 ], [ 2.330366344273001, 48.822174712834716 ], [ 2.330971302464853, 48.823962469305606 ], [ 2.331964057103293, 48.823765658942627 ], [ 2.336079828312775, 48.824226577949588 ], [ 2.339710211499435, 48.824623517914944 ], [ 2.339865923797954, 48.824589301835481 ], [ 2.341542263379834, 48.824621028290046 ] ] ] ] } },
{ "type": "Feature", "properties": { "code_iris": "751145403", "nom_iris": "Parc de Montsouris 3", "type_iris": "H", "arr": "14e", "n": 31, "prix_med": 147.0, "pct_multi": 19.4, "pct_entire": 87.1, "ratio_lh": 1.0 }, "geometry": { "type": "MultiPolygon", "coordinates": [ [ [ [ 2.341592211729773, 48.826490209071338 ], [ 2.341795702304383, 48.826448159161515 ], [ 2.341785214650722, 48.826415723886036 ], [ 2.341542263379834, 48.824621028290046 ], [ 2.339865923797954, 48.824589301835481 ], [ 2.339710211499435, 48.824623517914944 ], [ 2.336079828312775, 48.824226577949588 ], [ 2.335587784163029, 48.825535138692096 ], [ 2.335443420969069, 48.825533437161518 ], [ 2.335394936145569, 48.825597023537696 ], [ 2.335258561483487, 48.825609756224772 ], [ 2.335265738540065, 48.825581016031322 ], [ 2.334446162043603, 48.82565470341406 ], [ 2.334746030685388, 48.827240175027384 ], [ 2.334848816961573, 48.827191281049373 ], [ 2.334813216204175, 48.827312498859172 ], [ 2.334910941162816, 48.827340023673472 ], [ 2.334862978507669, 48.827469267119071 ], [ 2.336683328732611, 48.827216759712734 ], [ 2.341592211729773, 48.826490209071338 ] ] ] ] } },
{ "type": "Feature", "properties": { "code_iris": "751145404", "nom_iris": "Parc de Montsouris 4", "type_iris": "H", "arr": "14e", "n": 42, "prix_med": 130.0, "pct_multi": 38.1, "pct_entire": 90.5, "ratio_lh": 1.08 }, "geometry": { "type": "MultiPolygon", "coordinates": [ [ [ [ 2.332474170153048, 48.827647524527741 ], [ 2.332560563847582, 48.827815290709779 ], [ 2.334862978507669, 48.827469267119071 ], [ 2.334910941162816, 48.827340023673472 ], [ 2.334813216204175, 48.827312498859172 ], [ 2.334848816961573, 48.827191281049373 ], [ 2.334746030685388, 48.827240175027384 ], [ 2.334446162043603, 48.82565470341406 ], [ 2.335265738540065, 48.825581016031322 ], [ 2.335258561483487, 48.825609756224772 ], [ 2.335394936145569, 48.825597023537696 ], [ 2.335443420969069, 48.825533437161518 ], [ 2.335587784163029, 48.825535138692096 ], [ 2.336079828312775, 48.824226577949588 ], [ 2.331964057103293, 48.823765658942627 ], [ 2.330971302464853, 48.823962469305606 ], [ 2.33167468296513, 48.825938739700149 ], [ 2.332474170153048, 48.827647524527741 ] ] ] ] } },
{ "type": "Feature", "properties": { "code_iris": "751145405", "nom_iris": "Parc de Montsouris 5", "type_iris": "H", "arr": "14e", "n": 31, "prix_med": 160.0, "pct_multi": 32.3, "pct_entire": 87.1, "ratio_lh": 1.07 }, "geometry": { "type": "MultiPolygon", "coordinates": [ [ [ [ 2.336683328732611, 48.827216759712734 ], [ 2.334862978507669, 48.827469267119071 ], [ 2.332560563847582, 48.827815290709779 ], [ 2.333273264403075, 48.828965070765648 ], [ 2.333860637688012, 48.829797567452395 ], [ 2.333948579064678, 48.829844824713859 ], [ 2.333923221792163, 48.829910337827862 ], [ 2.334081289073534, 48.830119872891544 ], [ 2.334038758907654, 48.830250045333784 ], [ 2.334182491900374, 48.830302109921334 ], [ 2.334668011083779, 48.83100542402066 ], [ 2.335970030170846, 48.830601646334358 ], [ 2.336736090756597, 48.830885602296391 ], [ 2.336704518211412, 48.830369186769836 ], [ 2.336514501431962, 48.827852581445441 ], [ 2.336683328732611, 48.827216759712734 ] ] ] ] } },
{ "type": "Feature", "properties": { "code_iris": "751145406", "nom_iris": "Parc de Montsouris 6", "type_iris": "H", "arr": "14e", "n": 43, "prix_med": 150.0, "pct_multi": 37.2, "pct_entire": 86.0, "ratio_lh": 1.13 }, "geometry": { "type": "MultiPolygon", "coordinates": [ [ [ [ 2.341157484848861, 48.831787827865419 ], [ 2.341249912243379, 48.831588676329183 ], [ 2.34128286098483, 48.830274874006818 ], [ 2.336704518211412, 48.830369186769836 ], [ 2.336736090756597, 48.830885602296391 ], [ 2.335970030170846, 48.830601646334358 ], [ 2.334668011083779, 48.83100542402066 ], [ 2.33607229860163, 48.833160929220419 ], [ 2.336457338796941, 48.83309291496932 ], [ 2.341157484848861, 48.831787827865419 ] ] ] ] } },
{ "type": "Feature", "properties": { "code_iris": "751145501", "nom_iris": "Petit Montrouge 1", "type_iris": "H", "arr": "14e", "n": 7, "prix_med": 63.0, "pct_multi": 14.3, "pct_entire": 57.1, "ratio_lh": 1.0 }, "geometry": { "type": "MultiPolygon", "coordinates": [ [ [ [ 2.329296396286016, 48.818950726362957 ], [ 2.325503436242079, 48.819787402602117 ], [ 2.323964127671358, 48.820124072863962 ], [ 2.32419957428496, 48.820558007010419 ], [ 2.324976211246943, 48.82169201798559 ], [ 2.325226492117193, 48.822349079744242 ], [ 2.325342887644922, 48.822827307865538 ], [ 2.325453090143177, 48.822942150932278 ], [ 2.325519815947002, 48.823153881780136 ], [ 2.32667815062198, 48.822897790439107 ], [ 2.327432309409142, 48.822824687757603 ], [ 2.330366344273001, 48.822174712834716 ], [ 2.329907115232437, 48.821026328321999 ], [ 2.329676222897365, 48.820128350047966 ], [ 2.329535201696916, 48.819550155585141 ], [ 2.329590511485611, 48.819379582896481 ], [ 2.329666246403048, 48.819315251901429 ], [ 2.329296396286016, 48.818950726362957 ] ] ] ] } },
{ "type": "Feature", "properties": { "code_iris": "751145502", "nom_iris": "Petit Montrouge 2", "type_iris": "H", "arr": "14e", "n": 27, "prix_med": 120.0, "pct_multi": 37.0, "pct_entire": 85.2, "ratio_lh": 1.04 }, "geometry": { "type": "MultiPolygon", "coordinates": [ [ [ [ 2.32585204753316, 48.824426579301608 ], [ 2.325916740470621, 48.824690462173116 ], [ 2.328292383513634, 48.824468192376592 ], [ 2.330971302464853, 48.823962469305606 ], [ 2.330366344273001, 48.822174712834716 ], [ 2.327432309409142, 48.822824687757603 ], [ 2.32667815062198, 48.822897790439107 ], [ 2.325519815947002, 48.823153881780136 ], [ 2.32585204753316, 48.824426579301608 ] ] ] ] } },
{ "type": "Feature", "properties": { "code_iris": "751145503", "nom_iris": "Petit Montrouge 3", "type_iris": "H", "arr": "14e", "n": 23, "prix_med": 150.0, "pct_multi": 30.4, "pct_entire": 87.0, "ratio_lh": 1.1 }, "geometry": { "type": "MultiPolygon", "coordinates": [ [ [ [ 2.323964127671358, 48.820124072863962 ], [ 2.321039743668691, 48.820767650803759 ], [ 2.314615601049386, 48.822187102547865 ], [ 2.314145699672971, 48.822290535446854 ], [ 2.315050845913013, 48.82275171031263 ], [ 2.319327980186944, 48.824607272355884 ], [ 2.323815362158869, 48.823613732602311 ], [ 2.324914638926295, 48.823291669599683 ], [ 2.325519815947002, 48.823153881780136 ], [ 2.325453090143177, 48.822942150932278 ], [ 2.325342887644922, 48.822827307865538 ], [ 2.325226492117193, 48.822349079744242 ], [ 2.324976211246943, 48.82169201798559 ], [ 2.32419957428496, 48.820558007010419 ], [ 2.323964127671358, 48.820124072863962 ] ] ] ] } },
{ "type": "Feature", "properties": { "code_iris": "751145504", "nom_iris": "Petit Montrouge 4", "type_iris": "H", "arr": "14e", "n": 46, "prix_med": 137.0, "pct_multi": 41.3, "pct_entire": 87.0, "ratio_lh": 1.1 }, "geometry": { "type": "MultiPolygon", "coordinates": [ [ [ [ 2.319327980186944, 48.824607272355884 ], [ 2.318386835669023, 48.824810567871474 ], [ 2.31901568969273, 48.825574126367776 ], [ 2.319585359343969, 48.826177254796299 ], [ 2.321022593752589, 48.825849955209705 ], [ 2.321690307149266, 48.825619905864237 ], [ 2.321239000742426, 48.825444664361441 ], [ 2.32585204753316, 48.824426579301608 ], [ 2.325519815947002, 48.823153881780136 ], [ 2.324914638926295, 48.823291669599683 ], [ 2.323815362158869, 48.823613732602311 ], [ 2.319327980186944, 48.824607272355884 ] ] ] ] } },
{ "type": "Feature", "properties": { "code_iris": "751145505", "nom_iris": "Petit Montrouge 5", "type_iris": "H", "arr": "14e", "n": 28, "prix_med": 130.0, "pct_multi": 42.9, "pct_entire": 78.6, "ratio_lh": 1.04 }, "geometry": { "type": "MultiPolygon", "coordinates": [ [ [ [ 2.321717024771174, 48.828277719316979 ], [ 2.322309899404642, 48.828881863950102 ], [ 2.322662561028742, 48.829312864229514 ], [ 2.326375906345679, 48.827947898607462 ], [ 2.326770977882546, 48.827839499917289 ], [ 2.321690307149266, 48.825619905864237 ], [ 2.321022593752589, 48.825849955209705 ], [ 2.319585359343969, 48.826177254796299 ], [ 2.321717024771174, 48.828277719316979 ] ] ] ] } },
{ "type": "Feature", "properties": { "code_iris": "751145506", "nom_iris": "Petit Montrouge 6", "type_iris": "H", "arr": "14e", "n": 45, "prix_med": 140.0, "pct_multi": 44.4, "pct_entire": 71.1, "ratio_lh": 1.25 }, "geometry": { "type": "MultiPolygon", "coordinates": [ [ [ [ 2.325916740470621, 48.824690462173116 ], [ 2.32585204753316, 48.824426579301608 ], [ 2.321239000742426, 48.825444664361441 ], [ 2.321690307149266, 48.825619905864237 ], [ 2.326770977882546, 48.827839499917289 ], [ 2.32679742650917, 48.827795579340844 ], [ 2.326225560232882, 48.826089837174287 ], [ 2.32593554271024, 48.824816481262083 ], [ 2.325916740470621, 48.824690462173116 ] ] ] ] } },
{ "type": "Feature", "properties": { "code_iris": "751145507", "nom_iris": "Petit Montrouge 7", "type_iris": "H", "arr": "14e", "n": 33, "prix_med": 117.0, "pct_multi": 42.4, "pct_entire": 81.8, "ratio_lh": 1.1 }, "geometry": { "type": "MultiPolygon", "coordinates": [ [ [ [ 2.326770977882546, 48.827839499917289 ], [ 2.327010240305244, 48.827876821640807 ], [ 2.327254413283661, 48.827850314761285 ], [ 2.328989882703274, 48.82784657407975 ], [ 2.328371379449176, 48.826900555099044 ], [ 2.329369969401909, 48.826361136337482 ], [ 2.326338547570053, 48.82493567148839 ], [ 2.32593554271024, 48.824816481262083 ], [ 2.326225560232882, 48.826089837174287 ], [ 2.32679742650917, 48.827795579340844 ], [ 2.326770977882546, 48.827839499917289 ] ] ] ] } },
{ "type": "Feature", "properties": { "code_iris": "751145508", "nom_iris": "Petit Montrouge 8", "type_iris": "H", "arr": "14e", "n": 45, "prix_med": 123.0, "pct_multi": 40.0, "pct_entire": 95.6, "ratio_lh": 1.1 }, "geometry": { "type": "MultiPolygon", "coordinates": [ [ [ [ 2.325916740470621, 48.824690462173116 ], [ 2.32593554271024, 48.824816481262083 ], [ 2.326338547570053, 48.82493567148839 ], [ 2.329369969401909, 48.826361136337482 ], [ 2.332114903684735, 48.827620336134942 ], [ 2.332474170153048, 48.827647524527741 ], [ 2.33167468296513, 48.825938739700149 ], [ 2.330971302464853, 48.823962469305606 ], [ 2.328292383513634, 48.824468192376592 ], [ 2.325916740470621, 48.824690462173116 ] ] ] ] } },
{ "type": "Feature", "properties": { "code_iris": "751145509", "nom_iris": "Petit Montrouge 9", "type_iris": "H", "arr": "14e", "n": 23, "prix_med": 148.0, "pct_multi": 34.8, "pct_entire": 95.7, "ratio_lh": 1.0 }, "geometry": { "type": "MultiPolygon", "coordinates": [ [ [ [ 2.332560563847582, 48.827815290709779 ], [ 2.332474170153048, 48.827647524527741 ], [ 2.332114903684735, 48.827620336134942 ], [ 2.329369969401909, 48.826361136337482 ], [ 2.328371379449176, 48.826900555099044 ], [ 2.328989882703274, 48.82784657407975 ], [ 2.330344187663523, 48.827823586349325 ], [ 2.332560563847582, 48.827815290709779 ] ] ] ] } },
{ "type": "Feature", "properties": { "code_iris": "751145510", "nom_iris": "Petit Montrouge 10", "type_iris": "H", "arr": "14e", "n": 32, "prix_med": 136.0, "pct_multi": 37.5, "pct_entire": 93.8, "ratio_lh": 1.03 }, "geometry": { "type": "MultiPolygon", "coordinates": [ [ [ [ 2.332560563847582, 48.827815290709779 ], [ 2.330344187663523, 48.827823586349325 ], [ 2.329834317165911, 48.829657255531352 ], [ 2.331031146608963, 48.829701729765233 ], [ 2.333860637688012, 48.829797567452395 ], [ 2.333273264403075, 48.828965070765648 ], [ 2.332560563847582, 48.827815290709779 ] ] ] ] } },
{ "type": "Feature", "properties": { "code_iris": "751145511", "nom_iris": "Petit Montrouge 11", "type_iris": "H", "arr": "14e", "n": 49, "prix_med": 135.0, "pct_multi": 30.6, "pct_entire": 89.8, "ratio_lh": 1.02 }, "geometry": { "type": "MultiPolygon", "coordinates": [ [ [ [ 2.330344187663523, 48.827823586349325 ], [ 2.328989882703274, 48.82784657407975 ], [ 2.327254413283661, 48.827850314761285 ], [ 2.327010240305244, 48.827876821640807 ], [ 2.326770977882546, 48.827839499917289 ], [ 2.327348407954735, 48.828377878097172 ], [ 2.329426131735775, 48.830784582050271 ], [ 2.329791274923713, 48.831203938295531 ], [ 2.331354085391636, 48.830650576989164 ], [ 2.330973672630527, 48.830146598739859 ], [ 2.331031146608963, 48.829701729765233 ], [ 2.329834317165911, 48.829657255531352 ], [ 2.330344187663523, 48.827823586349325 ] ] ] ] } },
{ "type": "Feature", "properties": { "code_iris": "751145512", "nom_iris": "Petit Montrouge 12", "type_iris": "H", "arr": "14e", "n": 32, "prix_med": 187.5, "pct_multi": 31.2, "pct_entire": 87.5, "ratio_lh": 1.0 }, "geometry": { "type": "MultiPolygon", "coordinates": [ [ [ [ 2.329426131735775, 48.830784582050271 ], [ 2.327348407954735, 48.828377878097172 ], [ 2.326770977882546, 48.827839499917289 ], [ 2.326805222574929, 48.828035756805257 ], [ 2.326759742712344, 48.828182099166185 ], [ 2.326205769067125, 48.82941292328357 ], [ 2.325209198349687, 48.831894075489657 ], [ 2.329426131735775, 48.830784582050271 ] ] ] ] } },
{ "type": "Feature", "properties": { "code_iris": "751145513", "nom_iris": "Petit Montrouge 13", "type_iris": "H", "arr": "14e", "n": 43, "prix_med": 124.0, "pct_multi": 34.9, "pct_entire": 88.4, "ratio_lh": 1.08 }, "geometry": { "type": "MultiPolygon", "coordinates": [ [ [ [ 2.326770977882546, 48.827839499917289 ], [ 2.326375906345679, 48.827947898607462 ], [ 2.322662561028742, 48.829312864229514 ], [ 2.323631066664558, 48.830470445401474 ], [ 2.323993399441084, 48.830997728791793 ], [ 2.324711543959752, 48.832031568999817 ], [ 2.324961138116501, 48.832534828318018 ], [ 2.325209198349687, 48.831894075489657 ], [ 2.326205769067125, 48.82941292328357 ], [ 2.326759742712344, 48.828182099166185 ], [ 2.326805222574929, 48.828035756805257 ], [ 2.326770977882546, 48.827839499917289 ] ] ] ] } },
{ "type": "Feature", "properties": { "code_iris": "751145514", "nom_iris": "Petit Montrouge 14", "type_iris": "H", "arr": "14e", "n": 47, "prix_med": 122.0, "pct_multi": 36.2, "pct_entire": 83.0, "ratio_lh": 1.07 }, "geometry": { "type": "MultiPolygon", "coordinates": [ [ [ [ 2.325209198349687, 48.831894075489657 ], [ 2.324961138116501, 48.832534828318018 ], [ 2.324876785146561, 48.83273671115154 ], [ 2.32517026605283, 48.832691599989623 ], [ 2.325811529445446, 48.833564010348169 ], [ 2.3281144333373, 48.832886251096113 ], [ 2.328197604262222, 48.8329865486361 ], [ 2.3306706578561, 48.832208965973237 ], [ 2.329791274923713, 48.831203938295531 ], [ 2.329426131735775, 48.830784582050271 ], [ 2.325209198349687, 48.831894075489657 ] ] ] ] } },
{ "type": "Feature", "properties": { "code_iris": "751145515", "nom_iris": "Petit Montrouge 15", "type_iris": "H", "arr": "14e", "n": 37, "prix_med": 117.0, "pct_multi": 37.8, "pct_entire": 81.1, "ratio_lh": 1.06 }, "geometry": { "type": "MultiPolygon", "coordinates": [ [ [ [ 2.333860637688012, 48.829797567452395 ], [ 2.331031146608963, 48.829701729765233 ], [ 2.330973672630527, 48.830146598739859 ], [ 2.331354085391636, 48.830650576989164 ], [ 2.329791274923713, 48.831203938295531 ], [ 2.3306706578561, 48.832208965973237 ], [ 2.331518616659901, 48.833223703558687 ], [ 2.332627719106447, 48.834487218422822 ], [ 2.333327451258235, 48.834101693006538 ], [ 2.333629243975903, 48.834045815016943 ], [ 2.333669588329671, 48.83398038568761 ], [ 2.333788597912889, 48.833942375668329 ], [ 2.335836860366602, 48.833355685070956 ], [ 2.335895928890432, 48.833317340086481 ], [ 2.335900051107848, 48.833207639647632 ], [ 2.33607229860163, 48.833160929220419 ], [ 2.334668011083779, 48.83100542402066 ], [ 2.334182491900374, 48.830302109921334 ], [ 2.334038758907654, 48.830250045333784 ], [ 2.334081289073534, 48.830119872891544 ], [ 2.333923221792163, 48.829910337827862 ], [ 2.333948579064678, 48.829844824713859 ], [ 2.333860637688012, 48.829797567452395 ] ] ] ] } },
{ "type": "Feature", "properties": { "code_iris": "751145516", "nom_iris": "Petit Montrouge 16", "type_iris": "H", "arr": "14e", "n": 40, "prix_med": 126.5, "pct_multi": 17.5, "pct_entire": 95.0, "ratio_lh": 1.0 }, "geometry": { "type": "MultiPolygon", "coordinates": [ [ [ [ 2.325811529445446, 48.833564010348169 ], [ 2.326854569661756, 48.834974703570481 ], [ 2.330544969672668, 48.83361578022128 ], [ 2.331518616659901, 48.833223703558687 ], [ 2.3306706578561, 48.832208965973237 ], [ 2.328197604262222, 48.8329865486361 ], [ 2.3281144333373, 48.832886251096113 ], [ 2.325811529445446, 48.833564010348169 ] ] ] ] } },
{ "type": "Feature", "properties": { "code_iris": "751145601", "nom_iris": "Plaisance 1", "type_iris": "H", "arr": "14e", "n": 8, "prix_med": 82.5, "pct_multi": 12.5, "pct_entire": 75.0, "ratio_lh": 1.0 }, "geometry": { "type": "MultiPolygon", "coordinates": [ [ [ [ 2.314145699672971, 48.822290535446854 ], [ 2.308348319891004, 48.823563047045212 ], [ 2.311189644642543, 48.825106596349656 ], [ 2.312636903014953, 48.82608715347493 ], [ 2.318386835669023, 48.824810567871474 ], [ 2.319327980186944, 48.824607272355884 ], [ 2.315050845913013, 48.82275171031263 ], [ 2.314145699672971, 48.822290535446854 ] ] ] ] } },
{ "type": "Feature", "properties": { "code_iris": "751145602", "nom_iris": "Plaisance 2", "type_iris": "H", "arr": "14e", "n": 3, "prix_med": 180.0, "pct_multi": 33.3, "pct_entire": 100.0, "ratio_lh": 1.0 }, "geometry": { "type": "MultiPolygon", "coordinates": [ [ [ [ 2.308860946739049, 48.826917103088761 ], [ 2.312636903014953, 48.82608715347493 ], [ 2.311189644642543, 48.825106596349656 ], [ 2.309734393575901, 48.82555688932792 ], [ 2.30828360553917, 48.825771552777979 ], [ 2.308569836315154, 48.826373993871428 ], [ 2.308518569992197, 48.826439352171469 ], [ 2.308860946739049, 48.826917103088761 ] ] ] ] } },
{ "type": "Feature", "properties": { "code_iris": "751145603", "nom_iris": "Plaisance 3", "type_iris": "H", "arr": "14e", "n": 6, "prix_med": 51.5, "pct_multi": 33.3, "pct_entire": 50.0, "ratio_lh": 1.2 }, "geometry": { "type": "MultiPolygon", "coordinates": [ [ [ [ 2.308348319891004, 48.823563047045212 ], [ 2.306959037060226, 48.82386798843617 ], [ 2.306863399755384, 48.823889918680422 ], [ 2.304066717016068, 48.824526626873698 ], [ 2.302099583430173, 48.824953161644608 ], [ 2.301315418488453, 48.825125760846859 ], [ 2.304587550274392, 48.827858263180033 ], [ 2.305454963957734, 48.827676233103695 ], [ 2.308860946739049, 48.826917103088761 ], [ 2.308518569992197, 48.826439352171469 ], [ 2.308569836315154, 48.826373993871428 ], [ 2.30828360553917, 48.825771552777979 ], [ 2.309734393575901, 48.82555688932792 ], [ 2.311189644642543, 48.825106596349656 ], [ 2.308348319891004, 48.823563047045212 ] ] ] ] } },
{ "type": "Feature", "properties": { "code_iris": "751145604", "nom_iris": "Plaisance 4", "type_iris": "H", "arr": "14e", "n": 18, "prix_med": 90.5, "pct_multi": 44.4, "pct_entire": 72.2, "ratio_lh": 1.29 }, "geometry": { "type": "MultiPolygon", "coordinates": [ [ [ [ 2.304587550274392, 48.827858263180033 ], [ 2.306931640548025, 48.829822621447789 ], [ 2.307135337599138, 48.830178156229415 ], [ 2.310667722025074, 48.833056782890949 ], [ 2.311519119428562, 48.832751402715644 ], [ 2.311015353570606, 48.832420230117762 ], [ 2.30927786608701, 48.831433487081789 ], [ 2.310884127776358, 48.830289752907042 ], [ 2.307636132656193, 48.828780725917177 ], [ 2.305697826222706, 48.82785122343865 ], [ 2.305515227127923, 48.827753929665192 ], [ 2.305454963957734, 48.827676233103695 ], [ 2.304587550274392, 48.827858263180033 ] ] ] ] } },
{ "type": "Feature", "properties": { "code_iris": "751145605", "nom_iris": "Plaisance 5", "type_iris": "H", "arr": "14e", "n": 16, "prix_med": 110.5, "pct_multi": 18.8, "pct_entire": 93.8, "ratio_lh": 1.0 }, "geometry": { "type": "MultiPolygon", "coordinates": [ [ [ [ 2.308860946739049, 48.826917103088761 ], [ 2.305454963957734, 48.827676233103695 ], [ 2.305515227127923, 48.827753929665192 ], [ 2.305697826222706, 48.82785122343865 ], [ 2.307636132656193, 48.828780725917177 ], [ 2.311464406455165, 48.82792053782461 ], [ 2.311369860482754, 48.827756306606474 ], [ 2.311391135056698, 48.827692573242622 ], [ 2.311331678815137, 48.827656255743165 ], [ 2.313028682163402, 48.826333136504914 ], [ 2.312636903014953, 48.82608715347493 ], [ 2.308860946739049, 48.826917103088761 ] ] ] ] } },
{ "type": "Feature", "properties": { "code_iris": "751145606", "nom_iris": "Plaisance 6", "type_iris": "H", "arr": "14e", "n": 23, "prix_med": 127.0, "pct_multi": 21.7, "pct_entire": 91.3, "ratio_lh": 1.0 }, "geometry": { "type": "MultiPolygon", "coordinates": [ [ [ [ 2.315197033900256, 48.827798968505654 ], [ 2.31698039857716, 48.826738906980971 ], [ 2.319585359343969, 48.826177254796299 ], [ 2.31901568969273, 48.825574126367776 ], [ 2.318386835669023, 48.824810567871474 ], [ 2.312636903014953, 48.82608715347493 ], [ 2.313028682163402, 48.826333136504914 ], [ 2.315197033900256, 48.827798968505654 ] ] ] ] } },
{ "type": "Feature", "properties": { "code_iris": "751145607", "nom_iris": "Plaisance 7", "type_iris": "H", "arr": "14e", "n": 34, "prix_med": 123.5, "pct_multi": 26.5, "pct_entire": 94.1, "ratio_lh": 1.13 }, "geometry": { "type": "MultiPolygon", "coordinates": [ [ [ [ 2.317300691114629, 48.829221219219967 ], [ 2.317964994326271, 48.829672898893108 ], [ 2.319229134519357, 48.829256495141827 ], [ 2.321717024771174, 48.828277719316979 ], [ 2.319585359343969, 48.826177254796299 ], [ 2.31698039857716, 48.826738906980971 ], [ 2.315197033900256, 48.827798968505654 ], [ 2.315631834522735, 48.828090157711571 ], [ 2.317300691114629, 48.829221219219967 ] ] ] ] } },
{ "type": "Feature", "properties": { "code_iris": "751145608", "nom_iris": "Plaisance 8", "type_iris": "H", "arr": "14e", "n": 18, "prix_med": 124.5, "pct_multi": 16.7, "pct_entire": 88.9, "ratio_lh": 1.0 }, "geometry": { "type": "MultiPolygon", "coordinates": [ [ [ [ 2.312326034472715, 48.830963590568174 ], [ 2.313343370025511, 48.830157299267775 ], [ 2.313827927603143, 48.830394817469347 ], [ 2.314289867066489, 48.830695160256141 ], [ 2.316139261464687, 48.829802775895423 ], [ 2.317300691114629, 48.829221219219967 ], [ 2.315631834522735, 48.828090157711571 ], [ 2.311745323330049, 48.83068324243056 ], [ 2.312326034472715, 48.830963590568174 ] ] ] ] } },
{ "type": "Feature", "properties": { "code_iris": "751145609", "nom_iris": "Plaisance 9", "type_iris": "H", "arr": "14e", "n": 6, "prix_med": 95.0, "pct_multi": 50.0, "pct_entire": 83.3, "ratio_lh": 1.0 }, "geometry": { "type": "MultiPolygon", "coordinates": [ [ [ [ 2.311519119428562, 48.832751402715644 ], [ 2.312863780270742, 48.832230303320515 ], [ 2.313723549390992, 48.831907867355618 ], [ 2.314153916589927, 48.831813203549586 ], [ 2.312326034472715, 48.830963590568174 ], [ 2.311745323330049, 48.83068324243056 ], [ 2.310884127776358, 48.830289752907042 ], [ 2.30927786608701, 48.831433487081789 ], [ 2.311015353570606, 48.832420230117762 ], [ 2.311519119428562, 48.832751402715644 ] ] ] ] } },
{ "type": "Feature", "properties": { "code_iris": "751145610", "nom_iris": "Plaisance 10", "type_iris": "H", "arr": "14e", "n": 28, "prix_med": 110.0, "pct_multi": 28.6, "pct_entire": 78.6, "ratio_lh": 1.04 }, "geometry": { "type": "MultiPolygon", "coordinates": [ [ [ [ 2.316139261464687, 48.829802775895423 ], [ 2.314289867066489, 48.830695160256141 ], [ 2.313827927603143, 48.830394817469347 ], [ 2.313343370025511, 48.830157299267775 ], [ 2.312326034472715, 48.830963590568174 ], [ 2.314153916589927, 48.831813203549586 ], [ 2.31716374243846, 48.831148699154518 ], [ 2.316139261464687, 48.829802775895423 ] ] ] ] } },
{ "type": "Feature", "properties": { "code_iris": "751145611", "nom_iris": "Plaisance 11", "type_iris": "H", "arr": "14e", "n": 11, "prix_med": 110.0, "pct_multi": 18.2, "pct_entire": 100.0, "ratio_lh": 1.1 }, "geometry": { "type": "MultiPolygon", "coordinates": [ [ [ [ 2.317964994326271, 48.829672898893108 ], [ 2.317300691114629, 48.829221219219967 ], [ 2.316139261464687, 48.829802775895423 ], [ 2.31716374243846, 48.831148699154518 ], [ 2.319301291536066, 48.830511535176043 ], [ 2.319203474920097, 48.830491192153126 ], [ 2.317964994326271, 48.829672898893108 ] ] ] ] } },
{ "type": "Feature", "properties": { "code_iris": "751145612", "nom_iris": "Plaisance 12", "type_iris": "H", "arr": "14e", "n": 20, "prix_med": 162.0, "pct_multi": 20.0, "pct_entire": 90.0, "ratio_lh": 1.0 }, "geometry": { "type": "MultiPolygon", "coordinates": [ [ [ [ 2.317964994326271, 48.829672898893108 ], [ 2.319203474920097, 48.830491192153126 ], [ 2.319301291536066, 48.830511535176043 ], [ 2.322662561028742, 48.829312864229514 ], [ 2.322309899404642, 48.828881863950102 ], [ 2.321717024771174, 48.828277719316979 ], [ 2.319229134519357, 48.829256495141827 ], [ 2.317964994326271, 48.829672898893108 ] ] ] ] } },
{ "type": "Feature", "properties": { "code_iris": "751145613", "nom_iris": "Plaisance 13", "type_iris": "H", "arr": "14e", "n": 52, "prix_med": 125.0, "pct_multi": 40.4, "pct_entire": 94.2, "ratio_lh": 1.21 }, "geometry": { "type": "MultiPolygon", "coordinates": [ [ [ [ 2.320033194165155, 48.831631822734757 ], [ 2.320481778860998, 48.832333185858126 ], [ 2.323993399441084, 48.830997728791793 ], [ 2.323631066664558, 48.830470445401474 ], [ 2.322662561028742, 48.829312864229514 ], [ 2.319301291536066, 48.830511535176043 ], [ 2.320033194165155, 48.831631822734757 ] ] ] ] } },
{ "type": "Feature", "properties": { "code_iris": "751145614", "nom_iris": "Plaisance 14", "type_iris": "H", "arr": "14e", "n": 37, "prix_med": 147.0, "pct_multi": 45.9, "pct_entire": 94.6, "ratio_lh": 1.09 }, "geometry": { "type": "MultiPolygon", "coordinates": [ [ [ [ 2.31595539190578, 48.834264420454481 ], [ 2.316841348596853, 48.834751547611063 ], [ 2.320548400233449, 48.832447784807336 ], [ 2.320481778860998, 48.832333185858126 ], [ 2.320033194165155, 48.831631822734757 ], [ 2.318590270548683, 48.832277455715882 ], [ 2.317073156379583, 48.833384026106046 ], [ 2.317159714576957, 48.833432187087745 ], [ 2.31595539190578, 48.834264420454481 ] ] ] ] } },
{ "type": "Feature", "properties": { "code_iris": "751145615", "nom_iris": "Plaisance 15", "type_iris": "H", "arr": "14e", "n": 27, "prix_med": 100.0, "pct_multi": 37.0, "pct_entire": 85.2, "ratio_lh": 1.04 }, "geometry": { "type": "MultiPolygon", "coordinates": [ [ [ [ 2.320033194165155, 48.831631822734757 ], [ 2.319301291536066, 48.830511535176043 ], [ 2.317813184978519, 48.831800854439706 ], [ 2.316180297261201, 48.833009282200074 ], [ 2.314972186135517, 48.833714672740491 ], [ 2.31595539190578, 48.834264420454481 ], [ 2.317159714576957, 48.833432187087745 ], [ 2.317073156379583, 48.833384026106046 ], [ 2.318590270548683, 48.832277455715882 ], [ 2.320033194165155, 48.831631822734757 ] ] ] ] } },
{ "type": "Feature", "properties": { "code_iris": "751145616", "nom_iris": "Plaisance 16", "type_iris": "H", "arr": "14e", "n": 47, "prix_med": 116.0, "pct_multi": 40.4, "pct_entire": 83.0, "ratio_lh": 1.21 }, "geometry": { "type": "MultiPolygon", "coordinates": [ [ [ [ 2.312863780270742, 48.832230303320515 ], [ 2.314972186135517, 48.833714672740491 ], [ 2.316180297261201, 48.833009282200074 ], [ 2.317813184978519, 48.831800854439706 ], [ 2.319301291536066, 48.830511535176043 ], [ 2.31716374243846, 48.831148699154518 ], [ 2.314153916589927, 48.831813203549586 ], [ 2.313723549390992, 48.831907867355618 ], [ 2.312863780270742, 48.832230303320515 ] ] ] ] } },
{ "type": "Feature", "properties": { "code_iris": "751145617", "nom_iris": "Plaisance 17", "type_iris": "H", "arr": "14e", "n": 3, "prix_med": 99.0, "pct_multi": 66.7, "pct_entire": 33.3, "ratio_lh": 1.0 }, "geometry": { "type": "MultiPolygon", "coordinates": [ [ [ [ 2.310667722025074, 48.833056782890949 ], [ 2.312769261334383, 48.834749805101772 ], [ 2.313101831719507, 48.834634797031946 ], [ 2.314338147037387, 48.833963763560007 ], [ 2.314972186135517, 48.833714672740491 ], [ 2.312863780270742, 48.832230303320515 ], [ 2.311519119428562, 48.832751402715644 ], [ 2.310667722025074, 48.833056782890949 ] ] ] ] } },
{ "type": "Feature", "properties": { "code_iris": "751145618", "nom_iris": "Plaisance 18", "type_iris": "H", "arr": "14e", "n": 18, "prix_med": 126.0, "pct_multi": 38.9, "pct_entire": 83.3, "ratio_lh": 1.06 }, "geometry": { "type": "MultiPolygon", "coordinates": [ [ [ [ 2.312769261334383, 48.834749805101772 ], [ 2.312900037568413, 48.834853984265983 ], [ 2.31483053793085, 48.836303153898733 ], [ 2.317385766077479, 48.838433081843085 ], [ 2.317652256906603, 48.838162992793642 ], [ 2.317740395443661, 48.837882892266407 ], [ 2.3181466894595, 48.837444517802624 ], [ 2.317955965445234, 48.837339103536934 ], [ 2.317897517488317, 48.83722455025692 ], [ 2.317911555447738, 48.837088825414646 ], [ 2.318020720467377, 48.836971630363955 ], [ 2.318148075144674, 48.836921991670138 ], [ 2.318464145168007, 48.836922893615387 ], [ 2.319067586829267, 48.835992783691694 ], [ 2.317785334755146, 48.835282168733656 ], [ 2.316841348596853, 48.834751547611063 ], [ 2.31595539190578, 48.834264420454481 ], [ 2.314972186135517, 48.833714672740491 ], [ 2.314338147037387, 48.833963763560007 ], [ 2.313101831719507, 48.834634797031946 ], [ 2.312769261334383, 48.834749805101772 ] ] ] ] } },
{ "type": "Feature", "properties": { "code_iris": "751145619", "nom_iris": "Plaisance 19", "type_iris": "H", "arr": "14e", "n": 47, "prix_med": 128.0, "pct_multi": 31.9, "pct_entire": 91.5, "ratio_lh": 1.0 }, "geometry": { "type": "MultiPolygon", "coordinates": [ [ [ [ 2.316841348596853, 48.834751547611063 ], [ 2.317785334755146, 48.835282168733656 ], [ 2.318915514938742, 48.8343892376244 ], [ 2.320317441110988, 48.835115810495218 ], [ 2.321777658252051, 48.834401903782776 ], [ 2.322071063810084, 48.834258768245341 ], [ 2.321567820456865, 48.833776549394535 ], [ 2.321068634424758, 48.833192722049553 ], [ 2.320548400233449, 48.832447784807336 ], [ 2.316841348596853, 48.834751547611063 ] ] ] ] } },
{ "type": "Feature", "properties": { "code_iris": "751145620", "nom_iris": "Plaisance 20", "type_iris": "H", "arr": "14e", "n": 34, "prix_med": 110.5, "pct_multi": 20.6, "pct_entire": 94.1, "ratio_lh": 1.06 }, "geometry": { "type": "MultiPolygon", "coordinates": [ [ [ [ 2.320481778860998, 48.832333185858126 ], [ 2.320548400233449, 48.832447784807336 ], [ 2.321068634424758, 48.833192722049553 ], [ 2.321567820456865, 48.833776549394535 ], [ 2.323223029604873, 48.833254397423829 ], [ 2.322695796183503, 48.832626348673514 ], [ 2.324711543959752, 48.832031568999817 ], [ 2.323993399441084, 48.830997728791793 ], [ 2.320481778860998, 48.832333185858126 ] ] ] ] } },
{ "type": "Feature", "properties": { "code_iris": "751145621", "nom_iris": "Plaisance 21", "type_iris": "H", "arr": "14e", "n": 34, "prix_med": 102.5, "pct_multi": 29.4, "pct_entire": 88.2, "ratio_lh": 1.03 }, "geometry": { "type": "MultiPolygon", "coordinates": [ [ [ [ 2.324961138116501, 48.832534828318018 ], [ 2.324711543959752, 48.832031568999817 ], [ 2.322695796183503, 48.832626348673514 ], [ 2.323223029604873, 48.833254397423829 ], [ 2.321567820456865, 48.833776549394535 ], [ 2.322071063810084, 48.834258768245341 ], [ 2.321777658252051, 48.834401903782776 ], [ 2.322991641308254, 48.835441259769752 ], [ 2.323738880860291, 48.835495851656212 ], [ 2.324876785146561, 48.83273671115154 ], [ 2.324961138116501, 48.832534828318018 ] ] ] ] } },
{ "type": "Feature", "properties": { "code_iris": "751145622", "nom_iris": "Plaisance 22", "type_iris": "H", "arr": "14e", "n": 22, "prix_med": 138.0, "pct_multi": 27.3, "pct_entire": 81.8, "ratio_lh": 1.05 }, "geometry": { "type": "MultiPolygon", "coordinates": [ [ [ [ 2.326854569661756, 48.834974703570481 ], [ 2.325811529445446, 48.833564010348169 ], [ 2.32517026605283, 48.832691599989623 ], [ 2.324876785146561, 48.83273671115154 ], [ 2.323738880860291, 48.835495851656212 ], [ 2.323472515249228, 48.836179665818172 ], [ 2.324184921132916, 48.835979535978005 ], [ 2.326854569661756, 48.834974703570481 ] ] ] ] } },
{ "type": "Feature", "properties": { "code_iris": "751145623", "nom_iris": "Plaisance 23", "type_iris": "H", "arr": "14e", "n": 62, "prix_med": 136.5, "pct_multi": 46.8, "pct_entire": 80.6, "ratio_lh": 1.11 }, "geometry": { "type": "MultiPolygon", "coordinates": [ [ [ [ 2.323472515249228, 48.836179665818172 ], [ 2.323738880860291, 48.835495851656212 ], [ 2.322991641308254, 48.835441259769752 ], [ 2.321777658252051, 48.834401903782776 ], [ 2.320317441110988, 48.835115810495218 ], [ 2.318915514938742, 48.8343892376244 ], [ 2.317785334755146, 48.835282168733656 ], [ 2.319067586829267, 48.835992783691694 ], [ 2.322236861459915, 48.837433587340662 ], [ 2.322470020286642, 48.837629172024251 ], [ 2.322888270117602, 48.837630640978318 ], [ 2.322925127807629, 48.837520227186836 ], [ 2.323472515249228, 48.836179665818172 ] ] ] ] } },
{ "type": "Feature", "properties": { "code_iris": "751145624", "nom_iris": "Plaisance 24", "type_iris": "H", "arr": "14e", "n": 54, "prix_med": 152.0, "pct_multi": 44.4, "pct_entire": 90.7, "ratio_lh": 1.1 }, "geometry": { "type": "MultiPolygon", "coordinates": [ [ [ [ 2.317385766077479, 48.838433081843085 ], [ 2.319877474643327, 48.840539205279384 ], [ 2.321394340274794, 48.839777062027053 ], [ 2.321832824389552, 48.840109616605872 ], [ 2.321987887400871, 48.840025055693303 ], [ 2.322067100027841, 48.839905888766559 ], [ 2.322609178636039, 48.838558108906859 ], [ 2.322672738681215, 48.838175337756347 ], [ 2.322807457453753, 48.837978239354584 ], [ 2.322888270117602, 48.837630640978318 ], [ 2.322470020286642, 48.837629172024251 ], [ 2.322236861459915, 48.837433587340662 ], [ 2.319067586829267, 48.835992783691694 ], [ 2.318464145168007, 48.836922893615387 ], [ 2.318148075144674, 48.836921991670138 ], [ 2.318020720467377, 48.836971630363955 ], [ 2.317911555447738, 48.837088825414646 ], [ 2.317897517488317, 48.83722455025692 ], [ 2.317955965445234, 48.837339103536934 ], [ 2.3181466894595, 48.837444517802624 ], [ 2.317740395443661, 48.837882892266407 ], [ 2.317652256906603, 48.838162992793642 ], [ 2.317385766077479, 48.838433081843085 ] ] ] ] } },
{ "type": "Feature", "properties": { "code_iris": "751155701", "nom_iris": "Saint-Lambert 1", "type_iris": "H", "arr": "15e", "n": 24, "prix_med": 102.5, "pct_multi": 37.5, "pct_entire": 83.3, "ratio_lh": 1.2 }, "geometry": { "type": "MultiPolygon", "coordinates": [ [ [ [ 2.292292946367538, 48.827118799426508 ], [ 2.292191836480192, 48.827141584940563 ], [ 2.292259690050741, 48.827260704773721 ], [ 2.292161127580686, 48.827396827293711 ], [ 2.292143995788717, 48.82755501686173 ], [ 2.292217456807131, 48.827662477917919 ], [ 2.292413395204925, 48.827778758059956 ], [ 2.292300534702637, 48.828064992511294 ], [ 2.292293004228809, 48.830927670898006 ], [ 2.295563416803572, 48.829847938503512 ], [ 2.30139752335706, 48.828553777997946 ], [ 2.302866061073881, 48.828242168561665 ], [ 2.304587550274392, 48.827858263180033 ], [ 2.301315418488453, 48.825125760846859 ], [ 2.296970964406001, 48.826084222666466 ], [ 2.292292946367538, 48.827118799426508 ] ] ] ] } },
{ "type": "Feature", "properties": { "code_iris": "751155702", "nom_iris": "Saint-Lambert 2", "type_iris": "H", "arr": "15e", "n": 32, "prix_med": 120.5, "pct_multi": 25.0, "pct_entire": 90.6, "ratio_lh": 1.0 }, "geometry": { "type": "MultiPolygon", "coordinates": [ [ [ [ 2.312900037568413, 48.834853984265983 ], [ 2.312769261334383, 48.834749805101772 ], [ 2.310667722025074, 48.833056782890949 ], [ 2.307135337599138, 48.830178156229415 ], [ 2.306931640548025, 48.829822621447789 ], [ 2.304587550274392, 48.827858263180033 ], [ 2.302866061073881, 48.828242168561665 ], [ 2.30324998628489, 48.828462055565225 ], [ 2.303930264732208, 48.828727736031517 ], [ 2.304656587339264, 48.829218524724887 ], [ 2.305854720567666, 48.830186019805019 ], [ 2.306836825732683, 48.831318634519526 ], [ 2.307409464314496, 48.832000081167024 ], [ 2.308376790229764, 48.832814216868421 ], [ 2.309152846264512, 48.833568780053668 ], [ 2.311284108390557, 48.835690999937164 ], [ 2.312219147237678, 48.835141467600188 ], [ 2.312900037568413, 48.834853984265983 ] ] ] ] } },
{ "type": "Feature", "properties": { "code_iris": "751155703", "nom_iris": "Saint-Lambert 3", "type_iris": "H", "arr": "15e", "n": 33, "prix_med": 95.0, "pct_multi": 24.2, "pct_entire": 81.8, "ratio_lh": 1.06 }, "geometry": { "type": "MultiPolygon", "coordinates": [ [ [ [ 2.305259242419301, 48.831834716522749 ], [ 2.306836825732683, 48.831318634519526 ], [ 2.305854720567666, 48.830186019805019 ], [ 2.304656587339264, 48.829218524724887 ], [ 2.303930264732208, 48.828727736031517 ], [ 2.30324998628489, 48.828462055565225 ], [ 2.302866061073881, 48.828242168561665 ], [ 2.30139752335706, 48.828553777997946 ], [ 2.302056546396032, 48.830610005999191 ], [ 2.302978871039827, 48.832132632639876 ], [ 2.303791417538286, 48.831984471384551 ], [ 2.304775877502428, 48.831918247854411 ], [ 2.305259242419301, 48.831834716522749 ] ] ] ] } },
{ "type": "Feature", "properties": { "code_iris": "751155704", "nom_iris": "Saint-Lambert 4", "type_iris": "H", "arr": "15e", "n": 18, "prix_med": 116.5, "pct_multi": 22.2, "pct_entire": 83.3, "ratio_lh": 1.0 }, "geometry": { "type": "MultiPolygon", "coordinates": [ [ [ [ 2.295563416803572, 48.829847938503512 ], [ 2.295802341201252, 48.830111064584102 ], [ 2.297600558090852, 48.832533767806723 ], [ 2.298680086446092, 48.833503333760717 ], [ 2.300479636218673, 48.8327997682144 ], [ 2.300943427277512, 48.832653183539776 ], [ 2.302978871039827, 48.832132632639876 ], [ 2.302056546396032, 48.830610005999191 ], [ 2.30139752335706, 48.828553777997946 ], [ 2.295563416803572, 48.829847938503512 ] ] ] ] } },
{ "type": "Feature", "properties": { "code_iris": "751155705", "nom_iris": "Saint-Lambert 5", "type_iris": "H", "arr": "15e", "n": 54, "prix_med": 108.0, "pct_multi": 38.9, "pct_entire": 81.5, "ratio_lh": 1.2 }, "geometry": { "type": "MultiPolygon", "coordinates": [ [ [ [ 2.298680086446092, 48.833503333760717 ], [ 2.297600558090852, 48.832533767806723 ], [ 2.295802341201252, 48.830111064584102 ], [ 2.295563416803572, 48.829847938503512 ], [ 2.292293004228809, 48.830927670898006 ], [ 2.293372406521513, 48.83209784719562 ], [ 2.295665648295162, 48.834481228378188 ], [ 2.298680086446092, 48.833503333760717 ] ] ] ] } },
{ "type": "Feature", "properties": { "code_iris": "751155706", "nom_iris": "Saint-Lambert 6", "type_iris": "H", "arr": "15e", "n": 26, "prix_med": 117.5, "pct_multi": 42.3, "pct_entire": 92.3, "ratio_lh": 1.13 }, "geometry": { "type": "MultiPolygon", "coordinates": [ [ [ [ 2.28989979465482, 48.833706050753641 ], [ 2.290466754096316, 48.834089851283785 ], [ 2.29209520140321, 48.832853865124065 ], [ 2.292268636326009, 48.832923244099639 ], [ 2.293372406521513, 48.83209784719562 ], [ 2.292293004228809, 48.830927670898006 ], [ 2.289418008309464, 48.832171551410845 ], [ 2.288705116119979, 48.832401151876425 ], [ 2.28825427640857, 48.832594533985173 ], [ 2.28989979465482, 48.833706050753641 ] ] ] ] } },
{ "type": "Feature", "properties": { "code_iris": "751155707", "nom_iris": "Saint-Lambert 7", "type_iris": "H", "arr": "15e", "n": 69, "prix_med": 104.0, "pct_multi": 47.8, "pct_entire": 92.8, "ratio_lh": 1.25 }, "geometry": { "type": "MultiPolygon", "coordinates": [ [ [ [ 2.29368782679046, 48.835965224452231 ], [ 2.293996845754155, 48.836083967371707 ], [ 2.295665648295162, 48.834481228378188 ], [ 2.293372406521513, 48.83209784719562 ], [ 2.292268636326009, 48.832923244099639 ], [ 2.29209520140321, 48.832853865124065 ], [ 2.290466754096316, 48.834089851283785 ], [ 2.292759591213424, 48.835495662689759 ], [ 2.29368782679046, 48.835965224452231 ] ] ] ] } },
{ "type": "Feature", "properties": { "code_iris": "751155708", "nom_iris": "Saint-Lambert 8", "type_iris": "H", "arr": "15e", "n": 51, "prix_med": 143.0, "pct_multi": 39.2, "pct_entire": 96.1, "ratio_lh": 1.09 }, "geometry": { "type": "MultiPolygon", "coordinates": [ [ [ [ 2.28399176199377, 48.834367845409403 ], [ 2.284137925185969, 48.834537802933937 ], [ 2.284917690190383, 48.834998450655057 ], [ 2.285916352044325, 48.835492777542314 ], [ 2.286706818975998, 48.835770903928434 ], [ 2.287716612943344, 48.835951400102303 ], [ 2.288549217738851, 48.835938367856699 ], [ 2.289026111512763, 48.835135364052348 ], [ 2.288310212082973, 48.834584286535879 ], [ 2.28989979465482, 48.833706050753641 ], [ 2.28825427640857, 48.832594533985173 ], [ 2.287659664228569, 48.832841020785345 ], [ 2.286596568061979, 48.833374310391484 ], [ 2.28399176199377, 48.834367845409403 ] ] ] ] } },
{ "type": "Feature", "properties": { "code_iris": "751155709", "nom_iris": "Saint-Lambert 9", "type_iris": "H", "arr": "15e", "n": 36, "prix_med": 137.0, "pct_multi": 41.7, "pct_entire": 86.1, "ratio_lh": 1.03 }, "geometry": { "type": "MultiPolygon", "coordinates": [ [ [ [ 2.288549217738851, 48.835938367856699 ], [ 2.289684554811676, 48.835804813114464 ], [ 2.290418870833005, 48.836006134505723 ], [ 2.290622945370706, 48.836027131200431 ], [ 2.293218743979368, 48.836096460235055 ], [ 2.29368782679046, 48.835965224452231 ], [ 2.292759591213424, 48.835495662689759 ], [ 2.290466754096316, 48.834089851283785 ], [ 2.28989979465482, 48.833706050753641 ], [ 2.288310212082973, 48.834584286535879 ], [ 2.289026111512763, 48.835135364052348 ], [ 2.288549217738851, 48.835938367856699 ] ] ] ] } },
{ "type": "Feature", "properties": { "code_iris": "751155710", "nom_iris": "Saint-Lambert 10", "type_iris": "H", "arr": "15e", "n": 77, "prix_med": 135.0, "pct_multi": 26.0, "pct_entire": 87.0, "ratio_lh": 1.05 }, "geometry": { "type": "MultiPolygon", "coordinates": [ [ [ [ 2.289684554811676, 48.835804813114464 ], [ 2.288549217738851, 48.835938367856699 ], [ 2.287716612943344, 48.835951400102303 ], [ 2.286706818975998, 48.835770903928434 ], [ 2.285916352044325, 48.835492777542314 ], [ 2.284917690190383, 48.834998450655057 ], [ 2.284137925185969, 48.834537802933937 ], [ 2.28399176199377, 48.834367845409403 ], [ 2.282661159778433, 48.834832044900452 ], [ 2.281028901187047, 48.835335787941126 ], [ 2.281324430294158, 48.835936547784321 ], [ 2.283612791359058, 48.836863140135584 ], [ 2.285019644040933, 48.837398590599634 ], [ 2.287682797781301, 48.838126782705892 ], [ 2.289408125099051, 48.83859302619247 ], [ 2.289240405463619, 48.838403161624932 ], [ 2.289684554811676, 48.835804813114464 ] ] ] ] } },
{ "type": "Feature", "properties": { "code_iris": "751155711", "nom_iris": "Saint-Lambert 11", "type_iris": "H", "arr": "15e", "n": 47, "prix_med": 130.0, "pct_multi": 34.0, "pct_entire": 91.5, "ratio_lh": 1.04 }, "geometry": { "type": "MultiPolygon", "coordinates": [ [ [ [ 2.291954604844941, 48.837387678563324 ], [ 2.29368782679046, 48.835965224452231 ], [ 2.293218743979368, 48.836096460235055 ], [ 2.290622945370706, 48.836027131200431 ], [ 2.290418870833005, 48.836006134505723 ], [ 2.289684554811676, 48.835804813114464 ], [ 2.289240405463619, 48.838403161624932 ], [ 2.289408125099051, 48.83859302619247 ], [ 2.290153390498658, 48.838793514157025 ], [ 2.291954604844941, 48.837387678563324 ] ] ] ] } },
{ "type": "Feature", "properties": { "code_iris": "751155712", "nom_iris": "Saint-Lambert 12", "type_iris": "H", "arr": "15e", "n": 32, "prix_med": 116.0, "pct_multi": 15.6, "pct_entire": 93.8, "ratio_lh": 1.03 }, "geometry": { "type": "MultiPolygon", "coordinates": [ [ [ [ 2.291954604844941, 48.837387678563324 ], [ 2.290153390498658, 48.838793514157025 ], [ 2.289408125099051, 48.83859302619247 ], [ 2.29036206765706, 48.839978324713954 ], [ 2.292008200033044, 48.839259588533736 ], [ 2.293941809684255, 48.838336570642085 ], [ 2.293846191315286, 48.838254163383787 ], [ 2.291954604844941, 48.837387678563324 ] ] ] ] } },
{ "type": "Feature", "properties": { "code_iris": "751155713", "nom_iris": "Saint-Lambert 13", "type_iris": "H", "arr": "15e", "n": 47, "prix_med": 134.0, "pct_multi": 55.3, "pct_entire": 95.7, "ratio_lh": 1.57 }, "geometry": { "type": "MultiPolygon", "coordinates": [ [ [ [ 2.29368782679046, 48.835965224452231 ], [ 2.291954604844941, 48.837387678563324 ], [ 2.293846191315286, 48.838254163383787 ], [ 2.293941809684255, 48.838336570642085 ], [ 2.296440566400929, 48.837226179685786 ], [ 2.293996845754155, 48.836083967371707 ], [ 2.29368782679046, 48.835965224452231 ] ] ] ] } },
{ "type": "Feature", "properties": { "code_iris": "751155714", "nom_iris": "Saint-Lambert 14", "type_iris": "H", "arr": "15e", "n": 43, "prix_med": 140.0, "pct_multi": 46.5, "pct_entire": 93.0, "ratio_lh": 1.23 }, "geometry": { "type": "MultiPolygon", "coordinates": [ [ [ [ 2.296440566400929, 48.837226179685786 ], [ 2.297295426266, 48.836978481208625 ], [ 2.298061364406122, 48.836757235995023 ], [ 2.297236007385006, 48.836130923039093 ], [ 2.295665648295162, 48.834481228378188 ], [ 2.293996845754155, 48.836083967371707 ], [ 2.296440566400929, 48.837226179685786 ] ] ] ] } },
{ "type": "Feature", "properties": { "code_iris": "751155715", "nom_iris": "Saint-Lambert 15", "type_iris": "H", "arr": "15e", "n": 39, "prix_med": 195.0, "pct_multi": 20.5, "pct_entire": 92.3, "ratio_lh": 1.0 }, "geometry": { "type": "MultiPolygon", "coordinates": [ [ [ [ 2.298061364406122, 48.836757235995023 ], [ 2.299137724772397, 48.836449666654161 ], [ 2.300855619337567, 48.835949775906514 ], [ 2.300697983732754, 48.835513557866854 ], [ 2.300345425567571, 48.835085193132372 ], [ 2.299627797437959, 48.834349802216693 ], [ 2.298680086446092, 48.833503333760717 ], [ 2.295665648295162, 48.834481228378188 ], [ 2.297236007385006, 48.836130923039093 ], [ 2.298061364406122, 48.836757235995023 ] ] ] ] } },
{ "type": "Feature", "properties": { "code_iris": "751155716", "nom_iris": "Saint-Lambert 16", "type_iris": "H", "arr": "15e", "n": 23, "prix_med": 150.0, "pct_multi": 39.1, "pct_entire": 95.7, "ratio_lh": 1.1 }, "geometry": { "type": "MultiPolygon", "coordinates": [ [ [ [ 2.302785476257626, 48.835388140066527 ], [ 2.300910732437361, 48.832957880682301 ], [ 2.300984642684219, 48.832728971962865 ], [ 2.300943427277512, 48.832653183539776 ], [ 2.300479636218673, 48.8327997682144 ], [ 2.298680086446092, 48.833503333760717 ], [ 2.299627797437959, 48.834349802216693 ], [ 2.300345425567571, 48.835085193132372 ], [ 2.300697983732754, 48.835513557866854 ], [ 2.300855619337567, 48.835949775906514 ], [ 2.302785476257626, 48.835388140066527 ] ] ] ] } },
{ "type": "Feature", "properties": { "code_iris": "751155717", "nom_iris": "Saint-Lambert 17", "type_iris": "H", "arr": "15e", "n": 17, "prix_med": 117.0, "pct_multi": 23.5, "pct_entire": 88.2, "ratio_lh": 1.0 }, "geometry": { "type": "MultiPolygon", "coordinates": [ [ [ [ 2.300943427277512, 48.832653183539776 ], [ 2.300984642684219, 48.832728971962865 ], [ 2.300910732437361, 48.832957880682301 ], [ 2.302785476257626, 48.835388140066527 ], [ 2.305181201936135, 48.83472575229387 ], [ 2.302978871039827, 48.832132632639876 ], [ 2.300943427277512, 48.832653183539776 ] ] ] ] } },
{ "type": "Feature", "properties": { "code_iris": "751155718", "nom_iris": "Saint-Lambert 18", "type_iris": "H", "arr": "15e", "n": 21, "prix_med": 95.0, "pct_multi": 19.0, "pct_entire": 95.2, "ratio_lh": 1.05 }, "geometry": { "type": "MultiPolygon", "coordinates": [ [ [ [ 2.302978871039827, 48.832132632639876 ], [ 2.305181201936135, 48.83472575229387 ], [ 2.306458638868808, 48.834350932529219 ], [ 2.305259242419301, 48.831834716522749 ], [ 2.304775877502428, 48.831918247854411 ], [ 2.303791417538286, 48.831984471384551 ], [ 2.302978871039827, 48.832132632639876 ] ] ] ] } },
{ "type": "Feature", "properties": { "code_iris": "751155719", "nom_iris": "Saint-Lambert 19", "type_iris": "H", "arr": "15e", "n": 32, "prix_med": 145.0, "pct_multi": 18.8, "pct_entire": 100.0, "ratio_lh": 1.0 }, "geometry": { "type": "MultiPolygon", "coordinates": [ [ [ [ 2.306836825732683, 48.831318634519526 ], [ 2.305259242419301, 48.831834716522749 ], [ 2.306458638868808, 48.834350932529219 ], [ 2.309152846264512, 48.833568780053668 ], [ 2.308376790229764, 48.832814216868421 ], [ 2.307409464314496, 48.832000081167024 ], [ 2.306836825732683, 48.831318634519526 ] ] ] ] } },
{ "type": "Feature", "properties": { "code_iris": "751155720", "nom_iris": "Saint-Lambert 20", "type_iris": "H", "arr": "15e", "n": 26, "prix_med": 127.5, "pct_multi": 11.5, "pct_entire": 100.0, "ratio_lh": 1.0 }, "geometry": { "type": "MultiPolygon", "coordinates": [ [ [ [ 2.309152846264512, 48.833568780053668 ], [ 2.306458638868808, 48.834350932529219 ], [ 2.305181201936135, 48.83472575229387 ], [ 2.305555497912215, 48.835161423888799 ], [ 2.306374704171815, 48.835027673887438 ], [ 2.307442626976679, 48.834733471499185 ], [ 2.307765008346581, 48.835181426681935 ], [ 2.308505100641916, 48.834438328692322 ], [ 2.309929818287603, 48.836211125642684 ], [ 2.310077582922446, 48.836266839708998 ], [ 2.310091461265694, 48.836350561317502 ], [ 2.311284108390557, 48.835690999937164 ], [ 2.309152846264512, 48.833568780053668 ] ] ] ] } },
{ "type": "Feature", "properties": { "code_iris": "751155721", "nom_iris": "Saint-Lambert 21", "type_iris": "H", "arr": "15e", "n": 17, "prix_med": 149.0, "pct_multi": 0.0, "pct_entire": 100.0, "ratio_lh": 1.0 }, "geometry": { "type": "MultiPolygon", "coordinates": [ [ [ [ 2.306624218230099, 48.83644653149841 ], [ 2.307817477684345, 48.83769367557251 ], [ 2.30808307121783, 48.837494652506884 ], [ 2.310091461265694, 48.836350561317502 ], [ 2.310077582922446, 48.836266839708998 ], [ 2.309929818287603, 48.836211125642684 ], [ 2.308505100641916, 48.834438328692322 ], [ 2.307765008346581, 48.835181426681935 ], [ 2.30664538394328, 48.836289264107599 ], [ 2.306694557067667, 48.836382184445831 ], [ 2.306624218230099, 48.83644653149841 ] ] ] ] } },
{ "type": "Feature", "properties": { "code_iris": "751155722", "nom_iris": "Saint-Lambert 22", "type_iris": "H", "arr": "15e", "n": 49, "prix_med": 160.0, "pct_multi": 32.7, "pct_entire": 95.9, "ratio_lh": 1.02 }, "geometry": { "type": "MultiPolygon", "coordinates": [ [ [ [ 2.306624218230099, 48.83644653149841 ], [ 2.305555497912215, 48.835161423888799 ], [ 2.305181201936135, 48.83472575229387 ], [ 2.302785476257626, 48.835388140066527 ], [ 2.300855619337567, 48.835949775906514 ], [ 2.299137724772397, 48.836449666654161 ], [ 2.300138750409583, 48.83718581811285 ], [ 2.301118104431841, 48.837406494105132 ], [ 2.301180916090593, 48.837599326590514 ], [ 2.301448188558509, 48.837988516771468 ], [ 2.302735804481591, 48.836962651676082 ], [ 2.302833960489426, 48.83685619856422 ], [ 2.303258710663185, 48.836778629355337 ], [ 2.306415021447854, 48.836400350043995 ], [ 2.306490544741886, 48.836458347747637 ], [ 2.306624218230099, 48.83644653149841 ] ] ] ] } },
{ "type": "Feature", "properties": { "code_iris": "751155723", "nom_iris": "Saint-Lambert 23", "type_iris": "H", "arr": "15e", "n": 55, "prix_med": 140.0, "pct_multi": 40.0, "pct_entire": 94.5, "ratio_lh": 1.08 }, "geometry": { "type": "MultiPolygon", "coordinates": [ [ [ [ 2.299137724772397, 48.836449666654161 ], [ 2.298061364406122, 48.836757235995023 ], [ 2.297295426266, 48.836978481208625 ], [ 2.296736852815271, 48.837380815304044 ], [ 2.298464068001147, 48.83831820983616 ], [ 2.300090893832972, 48.839126380978797 ], [ 2.301448188558509, 48.837988516771468 ], [ 2.301180916090593, 48.837599326590514 ], [ 2.301118104431841, 48.837406494105132 ], [ 2.300138750409583, 48.83718581811285 ], [ 2.299137724772397, 48.836449666654161 ] ] ] ] } },
{ "type": "Feature", "properties": { "code_iris": "751155724", "nom_iris": "Saint-Lambert 24", "type_iris": "H", "arr": "15e", "n": 51, "prix_med": 147.0, "pct_multi": 33.3, "pct_entire": 86.3, "ratio_lh": 1.06 }, "geometry": { "type": "MultiPolygon", "coordinates": [ [ [ [ 2.300398245761135, 48.839270279441237 ], [ 2.300090893832972, 48.839126380978797 ], [ 2.298464068001147, 48.83831820983616 ], [ 2.296530453870625, 48.839651413262885 ], [ 2.295733492582607, 48.840450760622659 ], [ 2.297003932258324, 48.84091331438686 ], [ 2.299142474201095, 48.841568012179025 ], [ 2.299488027182196, 48.84049259229301 ], [ 2.300398245761135, 48.839270279441237 ] ] ] ] } },
{ "type": "Feature", "properties": { "code_iris": "751155725", "nom_iris": "Saint-Lambert 25", "type_iris": "H", "arr": "15e", "n": 32, "prix_med": 137.5, "pct_multi": 25.0, "pct_entire": 96.9, "ratio_lh": 1.0 }, "geometry": { "type": "MultiPolygon", "coordinates": [ [ [ [ 2.297295426266, 48.836978481208625 ], [ 2.296440566400929, 48.837226179685786 ], [ 2.293941809684255, 48.838336570642085 ], [ 2.292008200033044, 48.839259588533736 ], [ 2.293097907956346, 48.839581712370673 ], [ 2.295733492582607, 48.840450760622659 ], [ 2.296530453870625, 48.839651413262885 ], [ 2.298464068001147, 48.83831820983616 ], [ 2.296736852815271, 48.837380815304044 ], [ 2.297295426266, 48.836978481208625 ] ] ] ] } },
{ "type": "Feature", "properties": { "code_iris": "751155726", "nom_iris": "Saint-Lambert 26", "type_iris": "H", "arr": "15e", "n": 27, "prix_med": 164.0, "pct_multi": 37.0, "pct_entire": 85.2, "ratio_lh": 1.0 }, "geometry": { "type": "MultiPolygon", "coordinates": [ [ [ [ 2.292008200033044, 48.839259588533736 ], [ 2.29036206765706, 48.839978324713954 ], [ 2.29099977836997, 48.840775350715958 ], [ 2.294161303213127, 48.842350854801516 ], [ 2.295733492582607, 48.840450760622659 ], [ 2.293097907956346, 48.839581712370673 ], [ 2.292008200033044, 48.839259588533736 ] ] ] ] } },
{ "type": "Feature", "properties": { "code_iris": "751155727", "nom_iris": "Saint-Lambert 27", "type_iris": "H", "arr": "15e", "n": 25, "prix_med": 144.0, "pct_multi": 40.0, "pct_entire": 88.0, "ratio_lh": 1.04 }, "geometry": { "type": "MultiPolygon", "coordinates": [ [ [ [ 2.294161303213127, 48.842350854801516 ], [ 2.29491638439052, 48.8427375390904 ], [ 2.295087301479307, 48.842895036358499 ], [ 2.295773986133571, 48.84360508414305 ], [ 2.298538900346322, 48.843691479010339 ], [ 2.29903588094397, 48.841794028460036 ], [ 2.299142474201095, 48.841568012179025 ], [ 2.297003932258324, 48.84091331438686 ], [ 2.295733492582607, 48.840450760622659 ], [ 2.294161303213127, 48.842350854801516 ] ] ] ] } },
{ "type": "Feature", "properties": { "code_iris": "751155728", "nom_iris": "Saint-Lambert 28", "type_iris": "H", "arr": "15e", "n": 24, "prix_med": 158.5, "pct_multi": 16.7, "pct_entire": 100.0, "ratio_lh": 1.0 }, "geometry": { "type": "MultiPolygon", "coordinates": [ [ [ [ 2.302678019934995, 48.842605858752812 ], [ 2.299142474201095, 48.841568012179025 ], [ 2.29903588094397, 48.841794028460036 ], [ 2.298538900346322, 48.843691479010339 ], [ 2.302452505238275, 48.84275923515812 ], [ 2.302678019934995, 48.842605858752812 ] ] ] ] } },
{ "type": "Feature", "properties": { "code_iris": "751155729", "nom_iris": "Saint-Lambert 29", "type_iris": "H", "arr": "15e", "n": 48, "prix_med": 144.0, "pct_multi": 31.2, "pct_entire": 89.6, "ratio_lh": 1.0 }, "geometry": { "type": "MultiPolygon", "coordinates": [ [ [ [ 2.302678019934995, 48.842605858752812 ], [ 2.304249816844202, 48.840406162768971 ], [ 2.302193641908149, 48.839805998386396 ], [ 2.301317743503593, 48.839588634383837 ], [ 2.300398245761135, 48.839270279441237 ], [ 2.299488027182196, 48.84049259229301 ], [ 2.299142474201095, 48.841568012179025 ], [ 2.302678019934995, 48.842605858752812 ] ] ] ] } },
{ "type": "Feature", "properties": { "code_iris": "751155730", "nom_iris": "Saint-Lambert 30", "type_iris": "H", "arr": "15e", "n": 37, "prix_med": 150.0, "pct_multi": 43.2, "pct_entire": 83.8, "ratio_lh": 1.03 }, "geometry": { "type": "MultiPolygon", "coordinates": [ [ [ [ 2.302735804481591, 48.836962651676082 ], [ 2.301448188558509, 48.837988516771468 ], [ 2.300090893832972, 48.839126380978797 ], [ 2.300398245761135, 48.839270279441237 ], [ 2.301317743503593, 48.839588634383837 ], [ 2.302193641908149, 48.839805998386396 ], [ 2.304249816844202, 48.840406162768971 ], [ 2.304978756311316, 48.840610959444717 ], [ 2.306259231304784, 48.839097559072009 ], [ 2.304668074544008, 48.838366126192007 ], [ 2.302735804481591, 48.836962651676082 ] ] ] ] } },
{ "type": "Feature", "properties": { "code_iris": "751155731", "nom_iris": "Saint-Lambert 31", "type_iris": "H", "arr": "15e", "n": 18, "prix_med": 140.0, "pct_multi": 33.3, "pct_entire": 88.9, "ratio_lh": 1.0 }, "geometry": { "type": "MultiPolygon", "coordinates": [ [ [ [ 2.307817477684345, 48.83769367557251 ], [ 2.306624218230099, 48.83644653149841 ], [ 2.306490544741886, 48.836458347747637 ], [ 2.306415021447854, 48.836400350043995 ], [ 2.303258710663185, 48.836778629355337 ], [ 2.302833960489426, 48.83685619856422 ], [ 2.302735804481591, 48.836962651676082 ], [ 2.304668074544008, 48.838366126192007 ], [ 2.306259231304784, 48.839097559072009 ], [ 2.306900091285562, 48.838445633379379 ], [ 2.307817477684345, 48.83769367557251 ] ] ] ] } },
{ "type": "Feature", "properties": { "code_iris": "751155801", "nom_iris": "Necker 1", "type_iris": "H", "arr": "15e", "n": 18, "prix_med": 128.5, "pct_multi": 5.6, "pct_entire": 77.8, "ratio_lh": 1.0 }, "geometry": { "type": "MultiPolygon", "coordinates": [ [ [ [ 2.317385766077479, 48.838433081843085 ], [ 2.31483053793085, 48.836303153898733 ], [ 2.312900037568413, 48.834853984265983 ], [ 2.312219147237678, 48.835141467600188 ], [ 2.311284108390557, 48.835690999937164 ], [ 2.310091461265694, 48.836350561317502 ], [ 2.310231445355416, 48.836376551045959 ], [ 2.311500456510372, 48.838496483724661 ], [ 2.314545916717449, 48.838676759920958 ], [ 2.314701592917188, 48.838649771450065 ], [ 2.315703124586235, 48.838744542615352 ], [ 2.316074460867092, 48.838791634777749 ], [ 2.316571549408641, 48.839015720614803 ], [ 2.3167769715992, 48.838831624109297 ], [ 2.317021118609606, 48.838811433493312 ], [ 2.317385766077479, 48.838433081843085 ] ] ] ] } },
{ "type": "Feature", "properties": { "code_iris": "751155802", "nom_iris": "Necker 2", "type_iris": "H", "arr": "15e", "n": 10, "prix_med": 144.0, "pct_multi": 30.0, "pct_entire": 100.0, "ratio_lh": 1.0 }, "geometry": { "type": "MultiPolygon", "coordinates": [ [ [ [ 2.307817477684345, 48.83769367557251 ], [ 2.308746092449275, 48.838661371738098 ], [ 2.309541854639317, 48.83947809826649 ], [ 2.31060212764189, 48.838943692648961 ], [ 2.311524480086805, 48.838534395524562 ], [ 2.311500456510372, 48.838496483724661 ], [ 2.310231445355416, 48.836376551045959 ], [ 2.310091461265694, 48.836350561317502 ], [ 2.30808307121783, 48.837494652506884 ], [ 2.307817477684345, 48.83769367557251 ] ] ] ] } },
{ "type": "Feature", "properties": { "code_iris": "751155803", "nom_iris": "Necker 3", "type_iris": "H", "arr": "15e", "n": 58, "prix_med": 156.5, "pct_multi": 27.6, "pct_entire": 84.5, "ratio_lh": 1.07 }, "geometry": { "type": "MultiPolygon", "coordinates": [ [ [ [ 2.313892280714949, 48.841444865405862 ], [ 2.314862605613979, 48.84049709733209 ], [ 2.315385827252033, 48.840080987499256 ], [ 2.316571549408641, 48.839015720614803 ], [ 2.316074460867092, 48.838791634777749 ], [ 2.315703124586235, 48.838744542615352 ], [ 2.314701592917188, 48.838649771450065 ], [ 2.314545916717449, 48.838676759920958 ], [ 2.311500456510372, 48.838496483724661 ], [ 2.311524480086805, 48.838534395524562 ], [ 2.31060212764189, 48.838943692648961 ], [ 2.309541854639317, 48.83947809826649 ], [ 2.312806376710228, 48.841958466416052 ], [ 2.313190551548827, 48.842170225125429 ], [ 2.313892280714949, 48.841444865405862 ] ] ] ] } },
{ "type": "Feature", "properties": { "code_iris": "751155804", "nom_iris": "Necker 4", "type_iris": "H", "arr": "15e", "n": 40, "prix_med": 177.5, "pct_multi": 50.0, "pct_entire": 95.0, "ratio_lh": 1.18 }, "geometry": { "type": "MultiPolygon", "coordinates": [ [ [ [ 2.312589163433696, 48.842931232267993 ], [ 2.313190551548827, 48.842170225125429 ], [ 2.312806376710228, 48.841958466416052 ], [ 2.309541854639317, 48.83947809826649 ], [ 2.308746092449275, 48.838661371738098 ], [ 2.306664295736605, 48.841115393269995 ], [ 2.307929039491067, 48.841502250181136 ], [ 2.312589163433696, 48.842931232267993 ] ] ] ] } },
{ "type": "Feature", "properties": { "code_iris": "751155805", "nom_iris": "Necker 5", "type_iris": "H", "arr": "15e", "n": 35, "prix_med": 176.0, "pct_multi": 42.9, "pct_entire": 82.9, "ratio_lh": 1.17 }, "geometry": { "type": "MultiPolygon", "coordinates": [ [ [ [ 2.307817477684345, 48.83769367557251 ], [ 2.306900091285562, 48.838445633379379 ], [ 2.306259231304784, 48.839097559072009 ], [ 2.304978756311316, 48.840610959444717 ], [ 2.306664295736605, 48.841115393269995 ], [ 2.308746092449275, 48.838661371738098 ], [ 2.307817477684345, 48.83769367557251 ] ] ] ] } },
{ "type": "Feature", "properties": { "code_iris": "751155806", "nom_iris": "Necker 6", "type_iris": "H", "arr": "15e", "n": 50, "prix_med": 150.5, "pct_multi": 28.0, "pct_entire": 96.0, "ratio_lh": 1.02 }, "geometry": { "type": "MultiPolygon", "coordinates": [ [ [ [ 2.306664295736605, 48.841115393269995 ], [ 2.304978756311316, 48.840610959444717 ], [ 2.304249816844202, 48.840406162768971 ], [ 2.302678019934995, 48.842605858752812 ], [ 2.30639400856899, 48.843712997199319 ], [ 2.307929039491067, 48.841502250181136 ], [ 2.306664295736605, 48.841115393269995 ] ] ] ] } },
{ "type": "Feature", "properties": { "code_iris": "751155807", "nom_iris": "Necker 7", "type_iris": "H", "arr": "15e", "n": 66, "prix_med": 155.0, "pct_multi": 47.0, "pct_entire": 90.9, "ratio_lh": 1.25 }, "geometry": { "type": "MultiPolygon", "coordinates": [ [ [ [ 2.31088488700318, 48.8450718095214 ], [ 2.312589163433696, 48.842931232267993 ], [ 2.307929039491067, 48.841502250181136 ], [ 2.30639400856899, 48.843712997199319 ], [ 2.30654194625015, 48.843757024403487 ], [ 2.31088488700318, 48.8450718095214 ] ] ] ] } },
{ "type": "Feature", "properties": { "code_iris": "751155808", "nom_iris": "Necker 8", "type_iris": "H", "arr": "15e", "n": 42, "prix_med": 175.0, "pct_multi": 28.6, "pct_entire": 95.2, "ratio_lh": 1.05 }, "geometry": { "type": "MultiPolygon", "coordinates": [ [ [ [ 2.309969209518155, 48.84537951035017 ], [ 2.310792289142616, 48.845170206191099 ], [ 2.31088488700318, 48.8450718095214 ], [ 2.30654194625015, 48.843757024403487 ], [ 2.304931221089949, 48.846116604601967 ], [ 2.30600824512573, 48.846384572028896 ], [ 2.306163740503662, 48.846577937782051 ], [ 2.30842615675235, 48.845933602357555 ], [ 2.30861912149676, 48.845768335313153 ], [ 2.309969209518155, 48.84537951035017 ] ] ] ] } },
{ "type": "Feature", "properties": { "code_iris": "751155809", "nom_iris": "Necker 9", "type_iris": "H", "arr": "15e", "n": 43, "prix_med": 191.0, "pct_multi": 32.6, "pct_entire": 93.0, "ratio_lh": 1.02 }, "geometry": { "type": "MultiPolygon", "coordinates": [ [ [ [ 2.30654194625015, 48.843757024403487 ], [ 2.30639400856899, 48.843712997199319 ], [ 2.302678019934995, 48.842605858752812 ], [ 2.302565484557094, 48.842869616672068 ], [ 2.302067245330966, 48.845378640460126 ], [ 2.304931221089949, 48.846116604601967 ], [ 2.30654194625015, 48.843757024403487 ] ] ] ] } },
{ "type": "Feature", "properties": { "code_iris": "751155810", "nom_iris": "Necker 10", "type_iris": "H", "arr": "15e", "n": 84, "prix_med": 146.5, "pct_multi": 33.3, "pct_entire": 96.4, "ratio_lh": 1.11 }, "geometry": { "type": "MultiPolygon", "coordinates": [ [ [ [ 2.298538900346322, 48.843691479010339 ], [ 2.295773986133571, 48.84360508414305 ], [ 2.296451771076443, 48.844269207391676 ], [ 2.296902032493154, 48.844628902960487 ], [ 2.29766787153482, 48.84523237915058 ], [ 2.298702024731089, 48.845948045052765 ], [ 2.301573793863481, 48.847933552274455 ], [ 2.302067245330966, 48.845378640460126 ], [ 2.302565484557094, 48.842869616672068 ], [ 2.302678019934995, 48.842605858752812 ], [ 2.302452505238275, 48.84275923515812 ], [ 2.298538900346322, 48.843691479010339 ] ] ] ] } },
{ "type": "Feature", "properties": { "code_iris": "751155811", "nom_iris": "Necker 11", "type_iris": "H", "arr": "15e", "n": 51, "prix_med": 144.0, "pct_multi": 39.2, "pct_entire": 86.3, "ratio_lh": 1.13 }, "geometry": { "type": "MultiPolygon", "coordinates": [ [ [ [ 2.304931221089949, 48.846116604601967 ], [ 2.302067245330966, 48.845378640460126 ], [ 2.301573793863481, 48.847933552274455 ], [ 2.306163740503662, 48.846577937782051 ], [ 2.30600824512573, 48.846384572028896 ], [ 2.304931221089949, 48.846116604601967 ] ] ] ] } },
{ "type": "Feature", "properties": { "code_iris": "751155812", "nom_iris": "Necker 12", "type_iris": "H", "arr": "15e", "n": 43, "prix_med": 181.0, "pct_multi": 44.2, "pct_entire": 97.7, "ratio_lh": 1.08 }, "geometry": { "type": "MultiPolygon", "coordinates": [ [ [ [ 2.303659545504422, 48.849505204220968 ], [ 2.306041515788186, 48.847979336062892 ], [ 2.307354149221545, 48.847133447290759 ], [ 2.308354716919094, 48.84649079492376 ], [ 2.3087314035091, 48.846343677670923 ], [ 2.309478835129796, 48.845880324881122 ], [ 2.309969209518155, 48.84537951035017 ], [ 2.30861912149676, 48.845768335313153 ], [ 2.30842615675235, 48.845933602357555 ], [ 2.306163740503662, 48.846577937782051 ], [ 2.301573793863481, 48.847933552274455 ], [ 2.301781441113648, 48.84799682032763 ], [ 2.301840034398582, 48.848098790277305 ], [ 2.302446212633794, 48.848523227812592 ], [ 2.302321094421135, 48.848606138978198 ], [ 2.303659545504422, 48.849505204220968 ] ] ] ] } },
{ "type": "Feature", "properties": { "code_iris": "751155813", "nom_iris": "Necker 13", "type_iris": "H", "arr": "15e", "n": 53, "prix_med": 283.0, "pct_multi": 56.6, "pct_entire": 92.5, "ratio_lh": 1.43 }, "geometry": { "type": "MultiPolygon", "coordinates": [ [ [ [ 2.307354149221545, 48.847133447290759 ], [ 2.308218200598362, 48.847433437626052 ], [ 2.31032513277025, 48.847933056251541 ], [ 2.310494899377192, 48.847976304782357 ], [ 2.311235573297421, 48.847509305256168 ], [ 2.311972122446195, 48.847044076029803 ], [ 2.311791507657064, 48.845345938323234 ], [ 2.31088488700318, 48.8450718095214 ], [ 2.310792289142616, 48.845170206191099 ], [ 2.309969209518155, 48.84537951035017 ], [ 2.309478835129796, 48.845880324881122 ], [ 2.3087314035091, 48.846343677670923 ], [ 2.308354716919094, 48.84649079492376 ], [ 2.307354149221545, 48.847133447290759 ] ] ] ] } },
{ "type": "Feature", "properties": { "code_iris": "751155814", "nom_iris": "Necker 14", "type_iris": "H", "arr": "15e", "n": 53, "prix_med": 125.0, "pct_multi": 35.8, "pct_entire": 88.7, "ratio_lh": 1.06 }, "geometry": { "type": "MultiPolygon", "coordinates": [ [ [ [ 2.311972122446195, 48.847044076029803 ], [ 2.313715867497841, 48.845943378055246 ], [ 2.316712552321028, 48.8468634910869 ], [ 2.316982623504709, 48.84663569579525 ], [ 2.319142060375021, 48.845519304285617 ], [ 2.320120502008693, 48.845096771762023 ], [ 2.318827026315493, 48.844705385592455 ], [ 2.317824721147548, 48.844452349259946 ], [ 2.317081392456234, 48.844297914434904 ], [ 2.312589163433696, 48.842931232267993 ], [ 2.31088488700318, 48.8450718095214 ], [ 2.311791507657064, 48.845345938323234 ], [ 2.311972122446195, 48.847044076029803 ] ] ] ] } },
{ "type": "Feature", "properties": { "code_iris": "751155815", "nom_iris": "Necker 15", "type_iris": "H", "arr": "15e", "n": 28, "prix_med": 152.0, "pct_multi": 35.7, "pct_entire": 85.7, "ratio_lh": 1.0 }, "geometry": { "type": "MultiPolygon", "coordinates": [ [ [ [ 2.313190551548827, 48.842170225125429 ], [ 2.312589163433696, 48.842931232267993 ], [ 2.317081392456234, 48.844297914434904 ], [ 2.317824721147548, 48.844452349259946 ], [ 2.316656641636476, 48.843125415132462 ], [ 2.31622199919984, 48.842708324007901 ], [ 2.315954401748508, 48.842541310824998 ], [ 2.314927004013558, 48.842024591560225 ], [ 2.313892280714949, 48.841444865405862 ], [ 2.313190551548827, 48.842170225125429 ] ] ] ] } },
{ "type": "Feature", "properties": { "code_iris": "751155816", "nom_iris": "Necker 16", "type_iris": "H", "arr": "15e", "n": 37, "prix_med": 150.0, "pct_multi": 32.4, "pct_entire": 94.6, "ratio_lh": 1.06 }, "geometry": { "type": "MultiPolygon", "coordinates": [ [ [ [ 2.314862605613979, 48.84049709733209 ], [ 2.313892280714949, 48.841444865405862 ], [ 2.314927004013558, 48.842024591560225 ], [ 2.315954401748508, 48.842541310824998 ], [ 2.31622199919984, 48.842708324007901 ], [ 2.316656641636476, 48.843125415132462 ], [ 2.31843659968305, 48.842884646390274 ], [ 2.320591458709831, 48.843254851240481 ], [ 2.320733752160807, 48.843105465320527 ], [ 2.321000423422722, 48.842403675514511 ], [ 2.321117251972847, 48.842326093759823 ], [ 2.3206830314365, 48.842083498104465 ], [ 2.318673100420094, 48.841470391443949 ], [ 2.315222353555894, 48.840493761034395 ], [ 2.314862605613979, 48.84049709733209 ] ] ] ] } },
{ "type": "Feature", "properties": { "code_iris": "751155817", "nom_iris": "Necker 17", "type_iris": "H", "arr": "15e", "n": 62, "prix_med": 169.5, "pct_multi": 50.0, "pct_entire": 98.4, "ratio_lh": 1.11 }, "geometry": { "type": "MultiPolygon", "coordinates": [ [ [ [ 2.320120502008693, 48.845096771762023 ], [ 2.323192682554711, 48.844090715696574 ], [ 2.322805463835921, 48.843794432310176 ], [ 2.322806503826385, 48.843714394769471 ], [ 2.321117251972847, 48.842326093759823 ], [ 2.321000423422722, 48.842403675514511 ], [ 2.320733752160807, 48.843105465320527 ], [ 2.320591458709831, 48.843254851240481 ], [ 2.31843659968305, 48.842884646390274 ], [ 2.316656641636476, 48.843125415132462 ], [ 2.317824721147548, 48.844452349259946 ], [ 2.318827026315493, 48.844705385592455 ], [ 2.320120502008693, 48.845096771762023 ] ] ] ] } },
{ "type": "Feature", "properties": { "code_iris": "751155901", "nom_iris": "Grenelle 1", "type_iris": "H", "arr": "15e", "n": 45, "prix_med": 190.0, "pct_multi": 48.9, "pct_entire": 93.3, "ratio_lh": 1.22 }, "geometry": { "type": "MultiPolygon", "coordinates": [ [ [ [ 2.295087301479307, 48.842895036358499 ], [ 2.293005571501262, 48.843676893299339 ], [ 2.29463947967619, 48.845578805285811 ], [ 2.296221693681496, 48.844960366156357 ], [ 2.296902032493154, 48.844628902960487 ], [ 2.296451771076443, 48.844269207391676 ], [ 2.295773986133571, 48.84360508414305 ], [ 2.295087301479307, 48.842895036358499 ] ] ] ] } },
{ "type": "Feature", "properties": { "code_iris": "751155902", "nom_iris": "Grenelle 2", "type_iris": "H", "arr": "15e", "n": 30, "prix_med": 128.0, "pct_multi": 46.7, "pct_entire": 80.0, "ratio_lh": 1.07 }, "geometry": { "type": "MultiPolygon", "coordinates": [ [ [ [ 2.295944920540705, 48.847090233165481 ], [ 2.295993680015029, 48.847011376033549 ], [ 2.298702024731089, 48.845948045052765 ], [ 2.29766787153482, 48.84523237915058 ], [ 2.296902032493154, 48.844628902960487 ], [ 2.296221693681496, 48.844960366156357 ], [ 2.29463947967619, 48.845578805285811 ], [ 2.295944920540705, 48.847090233165481 ] ] ] ] } },
{ "type": "Feature", "properties": { "code_iris": "751155903", "nom_iris": "Grenelle 3", "type_iris": "H", "arr": "15e", "n": 62, "prix_med": 180.5, "pct_multi": 32.3, "pct_entire": 93.5, "ratio_lh": 1.07 }, "geometry": { "type": "MultiPolygon", "coordinates": [ [ [ [ 2.293005571501262, 48.843676893299339 ], [ 2.29279191214039, 48.843757472849987 ], [ 2.290498510749712, 48.844668442683457 ], [ 2.292421147026032, 48.846878779032153 ], [ 2.295757212284712, 48.84706484554431 ], [ 2.295944920540705, 48.847090233165481 ], [ 2.29463947967619, 48.845578805285811 ], [ 2.293005571501262, 48.843676893299339 ] ] ] ] } },
{ "type": "Feature", "properties": { "code_iris": "751155904", "nom_iris": "Grenelle 4", "type_iris": "H", "arr": "15e", "n": 34, "prix_med": 152.5, "pct_multi": 23.5, "pct_entire": 85.3, "ratio_lh": 1.03 }, "geometry": { "type": "MultiPolygon", "coordinates": [ [ [ [ 2.290498510749712, 48.844668442683457 ], [ 2.287983400498691, 48.845643702713666 ], [ 2.286857273830996, 48.846083980214928 ], [ 2.286473271330693, 48.846263362525455 ], [ 2.286025257619379, 48.846539493108843 ], [ 2.288910770129512, 48.846686187203851 ], [ 2.292421147026032, 48.846878779032153 ], [ 2.290498510749712, 48.844668442683457 ] ] ] ] } },
{ "type": "Feature", "properties": { "code_iris": "751155905", "nom_iris": "Grenelle 5", "type_iris": "H", "arr": "15e", "n": 59, "prix_med": 144.0, "pct_multi": 32.2, "pct_entire": 88.1, "ratio_lh": 1.04 }, "geometry": { "type": "MultiPolygon", "coordinates": [ [ [ [ 2.293410148801554, 48.848007030893847 ], [ 2.295637500803242, 48.847150479789995 ], [ 2.295757212284712, 48.84706484554431 ], [ 2.292421147026032, 48.846878779032153 ], [ 2.288910770129512, 48.846686187203851 ], [ 2.290168353797952, 48.848099362295578 ], [ 2.290919177827438, 48.849003178266393 ], [ 2.293410148801554, 48.848007030893847 ] ] ] ] } },
{ "type": "Feature", "properties": { "code_iris": "751155906", "nom_iris": "Grenelle 6", "type_iris": "H", "arr": "15e", "n": 43, "prix_med": 199.0, "pct_multi": 37.2, "pct_entire": 88.4, "ratio_lh": 1.05 }, "geometry": { "type": "MultiPolygon", "coordinates": [ [ [ [ 2.287627304688546, 48.849065465325985 ], [ 2.290168353797952, 48.848099362295578 ], [ 2.288910770129512, 48.846686187203851 ], [ 2.286025257619379, 48.846539493108843 ], [ 2.285651360534702, 48.8467764924549 ], [ 2.287627304688546, 48.849065465325985 ] ] ] ] } },
{ "type": "Feature", "properties": { "code_iris": "751155907", "nom_iris": "Grenelle 7", "type_iris": "H", "arr": "15e", "n": 58, "prix_med": 137.5, "pct_multi": 55.2, "pct_entire": 91.4, "ratio_lh": 1.07 }, "geometry": { "type": "MultiPolygon", "coordinates": [ [ [ [ 2.288835406563423, 48.85210889936166 ], [ 2.28994643643084, 48.851684703861601 ], [ 2.288382518115266, 48.849945039949091 ], [ 2.287627304688546, 48.849065465325985 ], [ 2.285651360534702, 48.8467764924549 ], [ 2.284115206178607, 48.847699052905448 ], [ 2.286031494014869, 48.849466062796019 ], [ 2.286160078021256, 48.849629614811455 ], [ 2.28627000904506, 48.849662647724607 ], [ 2.288835406563423, 48.85210889936166 ] ] ] ] } },
{ "type": "Feature", "properties": { "code_iris": "751155908", "nom_iris": "Grenelle 8", "type_iris": "H", "arr": "15e", "n": 90, "prix_med": 191.0, "pct_multi": 46.7, "pct_entire": 93.3, "ratio_lh": 1.17 }, "geometry": { "type": "MultiPolygon", "coordinates": [ [ [ [ 2.286536515568673, 48.852891147822611 ], [ 2.288835406563423, 48.85210889936166 ], [ 2.28627000904506, 48.849662647724607 ], [ 2.286160078021256, 48.849629614811455 ], [ 2.286031494014869, 48.849466062796019 ], [ 2.284115206178607, 48.847699052905448 ], [ 2.28161378364365, 48.849342487513503 ], [ 2.282349821338439, 48.849925195543015 ], [ 2.286536515568673, 48.852891147822611 ] ] ] ] } },
{ "type": "Feature", "properties": { "code_iris": "751155909", "nom_iris": "Grenelle 9", "type_iris": "H", "arr": "15e", "n": 69, "prix_med": 185.0, "pct_multi": 33.3, "pct_entire": 92.8, "ratio_lh": 1.06 }, "geometry": { "type": "MultiPolygon", "coordinates": [ [ [ [ 2.290168353797952, 48.848099362295578 ], [ 2.287627304688546, 48.849065465325985 ], [ 2.288382518115266, 48.849945039949091 ], [ 2.292407257810392, 48.850711783377179 ], [ 2.290919177827438, 48.849003178266393 ], [ 2.290168353797952, 48.848099362295578 ] ] ] ] } },
{ "type": "Feature", "properties": { "code_iris": "751155910", "nom_iris": "Grenelle 10", "type_iris": "H", "arr": "15e", "n": 98, "prix_med": 166.5, "pct_multi": 53.1, "pct_entire": 93.9, "ratio_lh": 1.26 }, "geometry": { "type": "MultiPolygon", "coordinates": [ [ [ [ 2.292407257810392, 48.850711783377179 ], [ 2.295081656302675, 48.84996131361072 ], [ 2.293410148801554, 48.848007030893847 ], [ 2.290919177827438, 48.849003178266393 ], [ 2.292407257810392, 48.850711783377179 ] ] ] ] } },
{ "type": "Feature", "properties": { "code_iris": "751155911", "nom_iris": "Grenelle 11", "type_iris": "H", "arr": "15e", "n": 71, "prix_med": 180.0, "pct_multi": 40.8, "pct_entire": 98.6, "ratio_lh": 1.16 }, "geometry": { "type": "MultiPolygon", "coordinates": [ [ [ [ 2.295757212284712, 48.84706484554431 ], [ 2.295637500803242, 48.847150479789995 ], [ 2.293410148801554, 48.848007030893847 ], [ 2.295081656302675, 48.84996131361072 ], [ 2.297917369232447, 48.849066034011408 ], [ 2.296804939288734, 48.84808818884953 ], [ 2.295944920540705, 48.847090233165481 ], [ 2.295757212284712, 48.84706484554431 ] ] ] ] } },
{ "type": "Feature", "properties": { "code_iris": "751155912", "nom_iris": "Grenelle 12", "type_iris": "H", "arr": "15e", "n": 98, "prix_med": 146.5, "pct_multi": 48.0, "pct_entire": 92.9, "ratio_lh": 1.29 }, "geometry": { "type": "MultiPolygon", "coordinates": [ [ [ [ 2.295944920540705, 48.847090233165481 ], [ 2.296804939288734, 48.84808818884953 ], [ 2.297917369232447, 48.849066034011408 ], [ 2.301573793863481, 48.847933552274455 ], [ 2.298702024731089, 48.845948045052765 ], [ 2.295993680015029, 48.847011376033549 ], [ 2.295944920540705, 48.847090233165481 ] ] ] ] } },
{ "type": "Feature", "properties": { "code_iris": "751155913", "nom_iris": "Grenelle 13", "type_iris": "H", "arr": "15e", "n": 68, "prix_med": 157.5, "pct_multi": 48.5, "pct_entire": 92.6, "ratio_lh": 1.13 }, "geometry": { "type": "MultiPolygon", "coordinates": [ [ [ [ 2.30091161986372, 48.851176381144477 ], [ 2.301227956943836, 48.851062211527989 ], [ 2.303659545504422, 48.849505204220968 ], [ 2.302321094421135, 48.848606138978198 ], [ 2.302446212633794, 48.848523227812592 ], [ 2.301840034398582, 48.848098790277305 ], [ 2.301781441113648, 48.84799682032763 ], [ 2.301573793863481, 48.847933552274455 ], [ 2.297917369232447, 48.849066034011408 ], [ 2.298549053881686, 48.849517621578698 ], [ 2.30091161986372, 48.851176381144477 ] ] ] ] } },
{ "type": "Feature", "properties": { "code_iris": "751155914", "nom_iris": "Grenelle 14", "type_iris": "H", "arr": "15e", "n": 49, "prix_med": 245.0, "pct_multi": 57.1, "pct_entire": 98.0, "ratio_lh": 1.09 }, "geometry": { "type": "MultiPolygon", "coordinates": [ [ [ [ 2.299300737605958, 48.852194027596177 ], [ 2.30091161986372, 48.851176381144477 ], [ 2.298549053881686, 48.849517621578698 ], [ 2.297407618020578, 48.850285274739555 ], [ 2.296990414931585, 48.850703725266534 ], [ 2.297031412297062, 48.850897328812685 ], [ 2.296449971083751, 48.851266246726311 ], [ 2.29654966910788, 48.851351372845095 ], [ 2.299142291617383, 48.852119352085495 ], [ 2.299300737605958, 48.852194027596177 ] ] ] ] } },
{ "type": "Feature", "properties": { "code_iris": "751155915", "nom_iris": "Grenelle 15", "type_iris": "H", "arr": "15e", "n": 66, "prix_med": 175.5, "pct_multi": 43.9, "pct_entire": 98.5, "ratio_lh": 1.16 }, "geometry": { "type": "MultiPolygon", "coordinates": [ [ [ [ 2.295081656302675, 48.84996131361072 ], [ 2.292407257810392, 48.850711783377179 ], [ 2.292377071320709, 48.850726894000758 ], [ 2.291527898791559, 48.851540287761374 ], [ 2.29192859317464, 48.851538162895118 ], [ 2.293045464345683, 48.851383781574434 ], [ 2.294772936406392, 48.851123268323015 ], [ 2.294941848961062, 48.85102803215279 ], [ 2.295875092108045, 48.851653187572232 ], [ 2.295975057235894, 48.851718529780214 ], [ 2.29654966910788, 48.851351372845095 ], [ 2.296449971083751, 48.851266246726311 ], [ 2.297031412297062, 48.850897328812685 ], [ 2.296990414931585, 48.850703725266534 ], [ 2.297407618020578, 48.850285274739555 ], [ 2.298549053881686, 48.849517621578698 ], [ 2.297917369232447, 48.849066034011408 ], [ 2.295081656302675, 48.84996131361072 ] ] ] ] } },
{ "type": "Feature", "properties": { "code_iris": "751155916", "nom_iris": "Grenelle 16", "type_iris": "H", "arr": "15e", "n": 32, "prix_med": 230.0, "pct_multi": 43.8, "pct_entire": 100.0, "ratio_lh": 1.0 }, "geometry": { "type": "MultiPolygon", "coordinates": [ [ [ [ 2.291527898791559, 48.851540287761374 ], [ 2.29141049192706, 48.851655610098625 ], [ 2.291685482242497, 48.851777752713353 ], [ 2.293738295842928, 48.85345640181329 ], [ 2.295623376390573, 48.852228196038233 ], [ 2.295647357020559, 48.852168080071834 ], [ 2.295419417153861, 48.851992262120895 ], [ 2.295875092108045, 48.851653187572232 ], [ 2.294941848961062, 48.85102803215279 ], [ 2.294772936406392, 48.851123268323015 ], [ 2.293045464345683, 48.851383781574434 ], [ 2.29192859317464, 48.851538162895118 ], [ 2.291527898791559, 48.851540287761374 ] ] ] ] } },
{ "type": "Feature", "properties": { "code_iris": "751155917", "nom_iris": "Grenelle 17", "type_iris": "H", "arr": "15e", "n": 59, "prix_med": 298.0, "pct_multi": 47.5, "pct_entire": 89.8, "ratio_lh": 1.13 }, "geometry": { "type": "MultiPolygon", "coordinates": [ [ [ [ 2.295381342134141, 48.854707203752959 ], [ 2.299300737605958, 48.852194027596177 ], [ 2.299142291617383, 48.852119352085495 ], [ 2.29654966910788, 48.851351372845095 ], [ 2.295975057235894, 48.851718529780214 ], [ 2.295875092108045, 48.851653187572232 ], [ 2.295419417153861, 48.851992262120895 ], [ 2.295647357020559, 48.852168080071834 ], [ 2.295623376390573, 48.852228196038233 ], [ 2.293738295842928, 48.85345640181329 ], [ 2.295381342134141, 48.854707203752959 ] ] ] ] } },
{ "type": "Feature", "properties": { "code_iris": "751155918", "nom_iris": "Grenelle 18", "type_iris": "H", "arr": "15e", "n": 104, "prix_med": 261.0, "pct_multi": 45.2, "pct_entire": 91.3, "ratio_lh": 1.09 }, "geometry": { "type": "MultiPolygon", "coordinates": [ [ [ [ 2.291053303527222, 48.857475043722559 ], [ 2.295381342134141, 48.854707203752959 ], [ 2.293738295842928, 48.85345640181329 ], [ 2.291685482242497, 48.851777752713353 ], [ 2.29141049192706, 48.851655610098625 ], [ 2.290578527072672, 48.852504173586709 ], [ 2.290652228151814, 48.852596345310566 ], [ 2.288763139097098, 48.854507962418076 ], [ 2.289296959550602, 48.854939229068634 ], [ 2.289550947557499, 48.855303178833935 ], [ 2.290042064231392, 48.856468963419765 ], [ 2.290272774183568, 48.856841766535148 ], [ 2.290592843845691, 48.857158439379766 ], [ 2.291053303527222, 48.857475043722559 ] ] ] ] } },
{ "type": "Feature", "properties": { "code_iris": "751155919", "nom_iris": "Grenelle 19", "type_iris": "H", "arr": "15e", "n": 56, "prix_med": 249.0, "pct_multi": 46.4, "pct_entire": 89.3, "ratio_lh": 1.08 }, "geometry": { "type": "MultiPolygon", "coordinates": [ [ [ [ 2.29141049192706, 48.851655610098625 ], [ 2.291527898791559, 48.851540287761374 ], [ 2.292377071320709, 48.850726894000758 ], [ 2.291951476655282, 48.850957310857183 ], [ 2.28994643643084, 48.851684703861601 ], [ 2.288835406563423, 48.85210889936166 ], [ 2.286536515568673, 48.852891147822611 ], [ 2.288763139097098, 48.854507962418076 ], [ 2.290652228151814, 48.852596345310566 ], [ 2.290578527072672, 48.852504173586709 ], [ 2.29141049192706, 48.851655610098625 ] ] ] ] } },
{ "type": "Feature", "properties": { "code_iris": "751156001", "nom_iris": "Javel 1", "type_iris": "H", "arr": "15e", "n": 16, "prix_med": 106.0, "pct_multi": 25.0, "pct_entire": 81.2, "ratio_lh": 1.0 }, "geometry": { "type": "MultiPolygon", "coordinates": [ [ [ [ 2.280391323890181, 48.831979077238678 ], [ 2.279110853401828, 48.832465124733105 ], [ 2.279051930653324, 48.832489952150745 ], [ 2.275304441773053, 48.829435496049321 ], [ 2.272852607332394, 48.827957320182534 ], [ 2.271099017149217, 48.827891782790218 ], [ 2.267826452957425, 48.827835816778219 ], [ 2.267625707632298, 48.827968595618202 ], [ 2.267338606820312, 48.83153198440877 ], [ 2.269930760703455, 48.833011125122447 ], [ 2.268101694609093, 48.834428158716321 ], [ 2.267788866344093, 48.834585433862323 ], [ 2.267475422198173, 48.834592508399076 ], [ 2.264992745234484, 48.834237313004984 ], [ 2.265174518060606, 48.83438952536634 ], [ 2.265680463404331, 48.834643558990194 ], [ 2.266012444379083, 48.834964875639564 ], [ 2.266883606129789, 48.83540641621456 ], [ 2.26711620674588, 48.83562639017439 ], [ 2.267358974471845, 48.835898589730313 ], [ 2.266979838236231, 48.836023078911168 ], [ 2.267949559187465, 48.836821367865262 ], [ 2.268493696208355, 48.837463253207808 ], [ 2.268925364970497, 48.838062177695718 ], [ 2.269596061211817, 48.838619390071813 ], [ 2.269581644984088, 48.838773094969227 ], [ 2.271473418585961, 48.83794641516392 ], [ 2.274054978834914, 48.837087019170873 ], [ 2.274882508877437, 48.836852804969382 ], [ 2.278251504157706, 48.836086228039193 ], [ 2.279185058795335, 48.835867013791628 ], [ 2.281028901187047, 48.835335787941126 ], [ 2.282661159778433, 48.834832044900452 ], [ 2.28399176199377, 48.834367845409403 ], [ 2.283656714714783, 48.834063648920363 ], [ 2.280773971177616, 48.832089304259917 ], [ 2.280391323890181, 48.831979077238678 ] ] ] ] } },
{ "type": "Feature", "properties": { "code_iris": "751156002", "nom_iris": "Javel 2", "type_iris": "H", "arr": "15e", "n": 30, "prix_med": 123.0, "pct_multi": 33.3, "pct_entire": 80.0, "ratio_lh": 1.15 }, "geometry": { "type": "MultiPolygon", "coordinates": [ [ [ [ 2.278251504157706, 48.836086228039193 ], [ 2.278635890551241, 48.83686021031334 ], [ 2.278637930659282, 48.836909688205679 ], [ 2.278983292972378, 48.837058368502177 ], [ 2.281302804550013, 48.83829547553745 ], [ 2.281774242820146, 48.837898086151213 ], [ 2.283416771313687, 48.837049035726523 ], [ 2.283612791359058, 48.836863140135584 ], [ 2.281324430294158, 48.835936547784321 ], [ 2.281028901187047, 48.835335787941126 ], [ 2.279185058795335, 48.835867013791628 ], [ 2.278251504157706, 48.836086228039193 ] ] ] ] } },
{ "type": "Feature", "properties": { "code_iris": "751156003", "nom_iris": "Javel 3", "type_iris": "H", "arr": "15e", "n": 54, "prix_med": 137.0, "pct_multi": 31.5, "pct_entire": 88.9, "ratio_lh": 1.12 }, "geometry": { "type": "MultiPolygon", "coordinates": [ [ [ [ 2.283612791359058, 48.836863140135584 ], [ 2.283416771313687, 48.837049035726523 ], [ 2.281774242820146, 48.837898086151213 ], [ 2.281302804550013, 48.83829547553745 ], [ 2.282149121148167, 48.838773627489026 ], [ 2.284161090063845, 48.839596918213644 ], [ 2.285319383840067, 48.838888843588649 ], [ 2.285520508653041, 48.838926919323555 ], [ 2.285883227541166, 48.839203393694014 ], [ 2.287682797781301, 48.838126782705892 ], [ 2.285019644040933, 48.837398590599634 ], [ 2.283612791359058, 48.836863140135584 ] ] ] ] } },
{ "type": "Feature", "properties": { "code_iris": "751156004", "nom_iris": "Javel 4", "type_iris": "H", "arr": "15e", "n": 66, "prix_med": 130.0, "pct_multi": 30.3, "pct_entire": 84.8, "ratio_lh": 1.03 }, "geometry": { "type": "MultiPolygon", "coordinates": [ [ [ [ 2.28790923678531, 48.841098753973959 ], [ 2.29036206765706, 48.839978324713954 ], [ 2.289408125099051, 48.83859302619247 ], [ 2.287682797781301, 48.838126782705892 ], [ 2.285883227541166, 48.839203393694014 ], [ 2.285520508653041, 48.838926919323555 ], [ 2.285319383840067, 48.838888843588649 ], [ 2.284161090063845, 48.839596918213644 ], [ 2.28790923678531, 48.841098753973959 ] ] ] ] } },
{ "type": "Feature", "properties": { "code_iris": "751156005", "nom_iris": "Javel 5", "type_iris": "H", "arr": "15e", "n": 34, "prix_med": 142.0, "pct_multi": 26.5, "pct_entire": 82.4, "ratio_lh": 1.17 }, "geometry": { "type": "MultiPolygon", "coordinates": [ [ [ [ 2.284194397498972, 48.840643985564519 ], [ 2.283656712749932, 48.84011103740265 ], [ 2.283111907246656, 48.839700358375467 ], [ 2.28202105393126, 48.840454684127153 ], [ 2.280719466121861, 48.839791223015816 ], [ 2.27985282424672, 48.840093593895396 ], [ 2.280860102096954, 48.841250848642609 ], [ 2.282748401287394, 48.843442257244135 ], [ 2.283478003479964, 48.843100372475718 ], [ 2.28226844435918, 48.841684708956997 ], [ 2.282816772380452, 48.841345337534285 ], [ 2.284194397498972, 48.840643985564519 ] ] ] ] } },
{ "type": "Feature", "properties": { "code_iris": "751156006", "nom_iris": "Javel 6", "type_iris": "H", "arr": "15e", "n": 22, "prix_med": 133.5, "pct_multi": 40.9, "pct_entire": 90.9, "ratio_lh": 1.0 }, "geometry": { "type": "MultiPolygon", "coordinates": [ [ [ [ 2.283111907246656, 48.839700358375467 ], [ 2.283656712749932, 48.84011103740265 ], [ 2.284194397498972, 48.840643985564519 ], [ 2.285538947611852, 48.842153971483668 ], [ 2.28790923678531, 48.841098753973959 ], [ 2.284161090063845, 48.839596918213644 ], [ 2.282149121148167, 48.838773627489026 ], [ 2.282225438418315, 48.838970148635362 ], [ 2.283111907246656, 48.839700358375467 ] ] ] ] } },
{ "type": "Feature", "properties": { "code_iris": "751156007", "nom_iris": "Javel 7", "type_iris": "H", "arr": "15e", "n": 32, "prix_med": 186.0, "pct_multi": 37.5, "pct_entire": 90.6, "ratio_lh": 1.14 }, "geometry": { "type": "MultiPolygon", "coordinates": [ [ [ [ 2.281302804550013, 48.83829547553745 ], [ 2.278983292972378, 48.837058368502177 ], [ 2.278637930659282, 48.836909688205679 ], [ 2.278635890551241, 48.83686021031334 ], [ 2.277255703124276, 48.837158565410768 ], [ 2.278359785436791, 48.83840097088801 ], [ 2.27985282424672, 48.840093593895396 ], [ 2.280719466121861, 48.839791223015816 ], [ 2.28202105393126, 48.840454684127153 ], [ 2.283111907246656, 48.839700358375467 ], [ 2.282225438418315, 48.838970148635362 ], [ 2.282149121148167, 48.838773627489026 ], [ 2.281302804550013, 48.83829547553745 ] ] ] ] } },
{ "type": "Feature", "properties": { "code_iris": "751156008", "nom_iris": "Javel 8", "type_iris": "H", "arr": "15e", "n": 8, "prix_med": 145.0, "pct_multi": 37.5, "pct_entire": 100.0, "ratio_lh": 1.0 }, "geometry": { "type": "MultiPolygon", "coordinates": [ [ [ [ 2.277897831988111, 48.840865161050822 ], [ 2.277609209822092, 48.842421128361821 ], [ 2.279139097999452, 48.841850263407132 ], [ 2.280860102096954, 48.841250848642609 ], [ 2.27985282424672, 48.840093593895396 ], [ 2.278359785436791, 48.83840097088801 ], [ 2.278068944174908, 48.838446882695543 ], [ 2.277025229920728, 48.838844397505376 ], [ 2.276978098678671, 48.838902571874243 ], [ 2.276886358238006, 48.839426351603734 ], [ 2.276916707349871, 48.839497585486704 ], [ 2.277678538041072, 48.840368283425541 ], [ 2.277995176359709, 48.840329723259025 ], [ 2.277897831988111, 48.840865161050822 ] ] ] ] } },
{ "type": "Feature", "properties": { "code_iris": "751156009", "nom_iris": "Javel 9", "type_iris": "H", "arr": "15e", "n": 5, "prix_med": 126.0, "pct_multi": 0.0, "pct_entire": 80.0, "ratio_lh": 1.0 }, "geometry": { "type": "MultiPolygon", "coordinates": [ [ [ [ 2.277609209822092, 48.842421128361821 ], [ 2.277897831988111, 48.840865161050822 ], [ 2.277640783893343, 48.840831231747529 ], [ 2.277061438321012, 48.841047178482079 ], [ 2.276977108015083, 48.84113480717857 ], [ 2.276888213281365, 48.841649609379154 ], [ 2.276824555389137, 48.841720274845201 ], [ 2.27506661455752, 48.842423734800626 ], [ 2.274977640840199, 48.842550906162394 ], [ 2.274828359277624, 48.843291082105281 ], [ 2.27487976931784, 48.843415506727993 ], [ 2.277609209822092, 48.842421128361821 ] ] ] ] } },
{ "type": "Feature", "properties": { "code_iris": "751156010", "nom_iris": "Javel 10", "type_iris": "H", "arr": "15e", "n": 35, "prix_med": 109.0, "pct_multi": 37.1, "pct_entire": 82.9, "ratio_lh": 1.21 }, "geometry": { "type": "MultiPolygon", "coordinates": [ [ [ [ 2.27487976931784, 48.843415506727993 ], [ 2.274596295854888, 48.843517215638848 ], [ 2.274542307685573, 48.843578045375935 ], [ 2.274575681409002, 48.843627713070468 ], [ 2.275529934778164, 48.844674964849183 ], [ 2.277302795593445, 48.843981482273342 ], [ 2.277098694649628, 48.845237565973257 ], [ 2.279255046037304, 48.844205510965075 ], [ 2.278524351015219, 48.843442039262733 ], [ 2.280034654437691, 48.842810787390391 ], [ 2.279139097999452, 48.841850263407132 ], [ 2.277609209822092, 48.842421128361821 ], [ 2.27487976931784, 48.843415506727993 ] ] ] ] } },
{ "type": "Feature", "properties": { "code_iris": "751156012", "nom_iris": "Javel 12", "type_iris": "H", "arr": "15e", "n": 95, "prix_med": 132.0, "pct_multi": 40.0, "pct_entire": 88.4, "ratio_lh": 1.27 }, "geometry": { "type": "MultiPolygon", "coordinates": [ [ [ [ 2.275529934778164, 48.844674964849183 ], [ 2.276210389214069, 48.845423760327712 ], [ 2.276334743510678, 48.845496462022901 ], [ 2.276938462777419, 48.846081103685009 ], [ 2.282748401287394, 48.843442257244135 ], [ 2.280860102096954, 48.841250848642609 ], [ 2.279139097999452, 48.841850263407132 ], [ 2.280034654437691, 48.842810787390391 ], [ 2.278524351015219, 48.843442039262733 ], [ 2.279255046037304, 48.844205510965075 ], [ 2.277098694649628, 48.845237565973257 ], [ 2.277302795593445, 48.843981482273342 ], [ 2.275529934778164, 48.844674964849183 ] ] ] ] } },
{ "type": "Feature", "properties": { "code_iris": "751156013", "nom_iris": "Javel 13", "type_iris": "H", "arr": "15e", "n": 34, "prix_med": 149.5, "pct_multi": 38.2, "pct_entire": 82.4, "ratio_lh": 1.0 }, "geometry": { "type": "MultiPolygon", "coordinates": [ [ [ [ 2.276938462777419, 48.846081103685009 ], [ 2.277093634490729, 48.846191764199503 ], [ 2.277319731509496, 48.846199425755302 ], [ 2.277439321278395, 48.846124601267967 ], [ 2.279514487025339, 48.846236046906824 ], [ 2.280786799428667, 48.84557547281721 ], [ 2.281345482778386, 48.846069884480279 ], [ 2.283084989086776, 48.845124294098916 ], [ 2.283904798450421, 48.844764060943106 ], [ 2.283612318287056, 48.844431342581217 ], [ 2.282748401287394, 48.843442257244135 ], [ 2.276938462777419, 48.846081103685009 ] ] ] ] } },
{ "type": "Feature", "properties": { "code_iris": "751156014", "nom_iris": "Javel 14", "type_iris": "H", "arr": "15e", "n": 34, "prix_med": 213.5, "pct_multi": 61.8, "pct_entire": 79.4, "ratio_lh": 1.21 }, "geometry": { "type": "MultiPolygon", "coordinates": [ [ [ [ 2.286025257619379, 48.846539493108843 ], [ 2.285400147894984, 48.846513276774289 ], [ 2.279514487025339, 48.846236046906824 ], [ 2.277439321278395, 48.846124601267967 ], [ 2.277319731509496, 48.846199425755302 ], [ 2.277093634490729, 48.846191764199503 ], [ 2.277580103176082, 48.846486996939227 ], [ 2.280748139378365, 48.848771586572546 ], [ 2.28161378364365, 48.849342487513503 ], [ 2.284115206178607, 48.847699052905448 ], [ 2.285651360534702, 48.8467764924549 ], [ 2.286025257619379, 48.846539493108843 ] ] ] ] } },
{ "type": "Feature", "properties": { "code_iris": "751156015", "nom_iris": "Javel 15", "type_iris": "H", "arr": "15e", "n": 30, "prix_med": 161.5, "pct_multi": 33.3, "pct_entire": 96.7, "ratio_lh": 1.3 }, "geometry": { "type": "MultiPolygon", "coordinates": [ [ [ [ 2.285400147894984, 48.846513276774289 ], [ 2.283904798450421, 48.844764060943106 ], [ 2.283084989086776, 48.845124294098916 ], [ 2.281345482778386, 48.846069884480279 ], [ 2.280786799428667, 48.84557547281721 ], [ 2.279514487025339, 48.846236046906824 ], [ 2.285400147894984, 48.846513276774289 ] ] ] ] } },
{ "type": "Feature", "properties": { "code_iris": "751156016", "nom_iris": "Javel 16", "type_iris": "H", "arr": "15e", "n": 44, "prix_med": 148.0, "pct_multi": 56.8, "pct_entire": 93.2, "ratio_lh": 1.26 }, "geometry": { "type": "MultiPolygon", "coordinates": [ [ [ [ 2.283612318287056, 48.844431342581217 ], [ 2.283904798450421, 48.844764060943106 ], [ 2.285400147894984, 48.846513276774289 ], [ 2.286025257619379, 48.846539493108843 ], [ 2.286473271330693, 48.846263362525455 ], [ 2.286857273830996, 48.846083980214928 ], [ 2.287983400498691, 48.845643702713666 ], [ 2.287046997850775, 48.844566980050701 ], [ 2.286088026390241, 48.844941693524412 ], [ 2.285379427957517, 48.844148717581966 ], [ 2.284673665168448, 48.844441290966905 ], [ 2.284379868798909, 48.844104969061839 ], [ 2.283612318287056, 48.844431342581217 ] ] ] ] } },
{ "type": "Feature", "properties": { "code_iris": "751156017", "nom_iris": "Javel 17", "type_iris": "H", "arr": "15e", "n": 22, "prix_med": 189.0, "pct_multi": 18.2, "pct_entire": 100.0, "ratio_lh": 1.0 }, "geometry": { "type": "MultiPolygon", "coordinates": [ [ [ [ 2.287046997850775, 48.844566980050701 ], [ 2.286367162385165, 48.843762489377987 ], [ 2.286321791320419, 48.843294547253144 ], [ 2.286189136802628, 48.842832379710387 ], [ 2.285538947611852, 48.842153971483668 ], [ 2.283478003479964, 48.843100372475718 ], [ 2.282748401287394, 48.843442257244135 ], [ 2.283612318287056, 48.844431342581217 ], [ 2.284379868798909, 48.844104969061839 ], [ 2.284673665168448, 48.844441290966905 ], [ 2.285379427957517, 48.844148717581966 ], [ 2.286088026390241, 48.844941693524412 ], [ 2.287046997850775, 48.844566980050701 ] ] ] ] } },
{ "type": "Feature", "properties": { "code_iris": "751156018", "nom_iris": "Javel 18", "type_iris": "H", "arr": "15e", "n": 45, "prix_med": 176.0, "pct_multi": 46.7, "pct_entire": 77.8, "ratio_lh": 1.22 }, "geometry": { "type": "MultiPolygon", "coordinates": [ [ [ [ 2.285538947611852, 48.842153971483668 ], [ 2.286189136802628, 48.842832379710387 ], [ 2.286321791320419, 48.843294547253144 ], [ 2.286367162385165, 48.843762489377987 ], [ 2.289308835301459, 48.842677375875461 ], [ 2.289920526291206, 48.842385115997267 ], [ 2.290368875481471, 48.842080192317376 ], [ 2.28790923678531, 48.841098753973959 ], [ 2.285538947611852, 48.842153971483668 ] ] ] ] } },
{ "type": "Feature", "properties": { "code_iris": "751156019", "nom_iris": "Javel 19", "type_iris": "H", "arr": "15e", "n": 71, "prix_med": 161.0, "pct_multi": 43.7, "pct_entire": 91.5, "ratio_lh": 1.18 }, "geometry": { "type": "MultiPolygon", "coordinates": [ [ [ [ 2.287983400498691, 48.845643702713666 ], [ 2.290498510749712, 48.844668442683457 ], [ 2.29279191214039, 48.843757472849987 ], [ 2.291961771660643, 48.842777647774348 ], [ 2.290368875481471, 48.842080192317376 ], [ 2.289920526291206, 48.842385115997267 ], [ 2.289308835301459, 48.842677375875461 ], [ 2.286367162385165, 48.843762489377987 ], [ 2.287046997850775, 48.844566980050701 ], [ 2.287983400498691, 48.845643702713666 ] ] ] ] } },
{ "type": "Feature", "properties": { "code_iris": "751156020", "nom_iris": "Javel 20", "type_iris": "H", "arr": "15e", "n": 61, "prix_med": 162.0, "pct_multi": 37.7, "pct_entire": 91.8, "ratio_lh": 1.15 }, "geometry": { "type": "MultiPolygon", "coordinates": [ [ [ [ 2.29279191214039, 48.843757472849987 ], [ 2.293005571501262, 48.843676893299339 ], [ 2.295087301479307, 48.842895036358499 ], [ 2.29491638439052, 48.8427375390904 ], [ 2.294161303213127, 48.842350854801516 ], [ 2.29099977836997, 48.840775350715958 ], [ 2.29036206765706, 48.839978324713954 ], [ 2.28790923678531, 48.841098753973959 ], [ 2.290368875481471, 48.842080192317376 ], [ 2.291961771660643, 48.842777647774348 ], [ 2.29279191214039, 48.843757472849987 ] ] ] ] } },
{ "type": "Feature", "properties": { "code_iris": "751166101", "nom_iris": "Auteuil 1", "type_iris": "H", "arr": "16e", "n": 24, "prix_med": 135.5, "pct_multi": 16.7, "pct_entire": 87.5, "ratio_lh": 1.0 }, "geometry": { "type": "MultiPolygon", "coordinates": [ [ [ [ 2.262001399226032, 48.838539497979241 ], [ 2.263186039101238, 48.838107906016504 ], [ 2.262760016321318, 48.837788700987403 ], [ 2.263574287100548, 48.837436664880492 ], [ 2.263538505390378, 48.837269160726912 ], [ 2.26292631783592, 48.836723066276257 ], [ 2.261755861499594, 48.835578136488571 ], [ 2.261574882607577, 48.83556262930248 ], [ 2.26128588756636, 48.83567056883593 ], [ 2.260164795033521, 48.837099044936807 ], [ 2.261313597339424, 48.837945262454681 ], [ 2.262001399226032, 48.838539497979241 ] ] ] ] } },
{ "type": "Feature", "properties": { "code_iris": "751166102", "nom_iris": "Auteuil 2", "type_iris": "H", "arr": "16e", "n": 52, "prix_med": 159.0, "pct_multi": 42.3, "pct_entire": 82.7, "ratio_lh": 1.06 }, "geometry": { "type": "MultiPolygon", "coordinates": [ [ [ [ 2.262968728815043, 48.839697560491281 ], [ 2.265113145932603, 48.840772014130827 ], [ 2.267321835933157, 48.839800749305503 ], [ 2.266299807339982, 48.838746714618736 ], [ 2.265566419655938, 48.838096463122312 ], [ 2.263777517997083, 48.836359564227514 ], [ 2.263731650692439, 48.836520270254553 ], [ 2.26360898293759, 48.836620245250565 ], [ 2.26292631783592, 48.836723066276257 ], [ 2.263538505390378, 48.837269160726912 ], [ 2.263574287100548, 48.837436664880492 ], [ 2.262760016321318, 48.837788700987403 ], [ 2.263186039101238, 48.838107906016504 ], [ 2.262001399226032, 48.838539497979241 ], [ 2.263336493895025, 48.839608989133801 ], [ 2.262968728815043, 48.839697560491281 ] ] ] ] } },
{ "type": "Feature", "properties": { "code_iris": "751166103", "nom_iris": "Auteuil 3", "type_iris": "H", "arr": "16e", "n": 39, "prix_med": 155.0, "pct_multi": 38.5, "pct_entire": 94.9, "ratio_lh": 1.0 }, "geometry": { "type": "MultiPolygon", "coordinates": [ [ [ [ 2.262968728815043, 48.839697560491281 ], [ 2.263336493895025, 48.839608989133801 ], [ 2.262001399226032, 48.838539497979241 ], [ 2.261313597339424, 48.837945262454681 ], [ 2.260164795033521, 48.837099044936807 ], [ 2.258518183864051, 48.837346070605271 ], [ 2.258103518735485, 48.837475707696512 ], [ 2.257539294513363, 48.83767906332276 ], [ 2.257596337643644, 48.837787342485292 ], [ 2.257572789956845, 48.838005744640967 ], [ 2.261458080050399, 48.839190889337679 ], [ 2.262346551007155, 48.839470680651608 ], [ 2.262519254907065, 48.839494229879641 ], [ 2.262968728815043, 48.839697560491281 ] ] ] ] } },
{ "type": "Feature", "properties": { "code_iris": "751166104", "nom_iris": "Auteuil 4", "type_iris": "H", "arr": "16e", "n": 6, "prix_med": 167.5, "pct_multi": 50.0, "pct_entire": 100.0, "ratio_lh": 1.2 }, "geometry": { "type": "MultiPolygon", "coordinates": [ [ [ [ 2.257572789956845, 48.838005744640967 ], [ 2.257596337643644, 48.837787342485292 ], [ 2.257539294513363, 48.83767906332276 ], [ 2.258103518735485, 48.837475707696512 ], [ 2.258518183864051, 48.837346070605271 ], [ 2.260164795033521, 48.837099044936807 ], [ 2.26128588756636, 48.83567056883593 ], [ 2.259241917524775, 48.836463769678325 ], [ 2.258990517206157, 48.836226575762758 ], [ 2.258872355769027, 48.836200661126369 ], [ 2.25700314123815, 48.836295191183417 ], [ 2.256857789277254, 48.836360842114949 ], [ 2.256495913743323, 48.836610418824343 ], [ 2.256629843837478, 48.837059140848929 ], [ 2.256597394746443, 48.837137184937454 ], [ 2.256811457641323, 48.837508158805512 ], [ 2.256525656669834, 48.837677264196124 ], [ 2.256436825427354, 48.837791832158281 ], [ 2.256369382940588, 48.838030646880867 ], [ 2.25643607833931, 48.838226226018698 ], [ 2.256675469128465, 48.83835002895664 ], [ 2.256986869904, 48.838392435552123 ], [ 2.257281133290105, 48.838298929238761 ], [ 2.257572789956845, 48.838005744640967 ] ] ] ] } },
{ "type": "Feature", "properties": { "code_iris": "751166105", "nom_iris": "Auteuil 5", "type_iris": "H", "arr": "16e", "n": 43, "prix_med": 177.0, "pct_multi": 32.6, "pct_entire": 93.0, "ratio_lh": 1.08 }, "geometry": { "type": "MultiPolygon", "coordinates": [ [ [ [ 2.258998484432697, 48.841703817295979 ], [ 2.261451602734805, 48.841090326249137 ], [ 2.261350684279005, 48.840904432335172 ], [ 2.261681777385288, 48.840808444659373 ], [ 2.26112047883665, 48.839938882418217 ], [ 2.261666696803588, 48.839756984080019 ], [ 2.26136757608869, 48.839327934782681 ], [ 2.261458080050399, 48.839190889337679 ], [ 2.257572789956845, 48.838005744640967 ], [ 2.257281133290105, 48.838298929238761 ], [ 2.258123755960461, 48.840265694188503 ], [ 2.258560855074399, 48.841050859092924 ], [ 2.258998484432697, 48.841703817295979 ] ] ] ] } },
{ "type": "Feature", "properties": { "code_iris": "751166106", "nom_iris": "Auteuil 6", "type_iris": "H", "arr": "16e", "n": 54, "prix_med": 185.5, "pct_multi": 31.5, "pct_entire": 88.9, "ratio_lh": 1.02 }, "geometry": { "type": "MultiPolygon", "coordinates": [ [ [ [ 2.265113145932603, 48.840772014130827 ], [ 2.262968728815043, 48.839697560491281 ], [ 2.262519254907065, 48.839494229879641 ], [ 2.262346551007155, 48.839470680651608 ], [ 2.261458080050399, 48.839190889337679 ], [ 2.26136757608869, 48.839327934782681 ], [ 2.261666696803588, 48.839756984080019 ], [ 2.26112047883665, 48.839938882418217 ], [ 2.261681777385288, 48.840808444659373 ], [ 2.261350684279005, 48.840904432335172 ], [ 2.261451602734805, 48.841090326249137 ], [ 2.258998484432697, 48.841703817295979 ], [ 2.260212044802476, 48.843177304419811 ], [ 2.260637933106529, 48.842931710897389 ], [ 2.261551427726167, 48.842507453714553 ], [ 2.261993017057446, 48.842210688022071 ], [ 2.26273078556247, 48.841877972786435 ], [ 2.263797573616275, 48.841402479358202 ], [ 2.26404223201743, 48.841251990884601 ], [ 2.265113145932603, 48.840772014130827 ] ] ] ] } },
{ "type": "Feature", "properties": { "code_iris": "751166107", "nom_iris": "Auteuil 7", "type_iris": "H", "arr": "16e", "n": 46, "prix_med": 170.0, "pct_multi": 32.6, "pct_entire": 91.3, "ratio_lh": 1.07 }, "geometry": { "type": "MultiPolygon", "coordinates": [ [ [ [ 2.259464055968265, 48.843747374608832 ], [ 2.259860084052212, 48.843398171415359 ], [ 2.260212044802476, 48.843177304419811 ], [ 2.258998484432697, 48.841703817295979 ], [ 2.258560855074399, 48.841050859092924 ], [ 2.258123755960461, 48.840265694188503 ], [ 2.257281133290105, 48.838298929238761 ], [ 2.256986869904, 48.838392435552123 ], [ 2.256976747193274, 48.838529077728936 ], [ 2.256314048671712, 48.839999034718026 ], [ 2.256630485307645, 48.840071152773014 ], [ 2.257597766996665, 48.841321892815834 ], [ 2.257147977185315, 48.842383957698324 ], [ 2.258605374476376, 48.844243005603218 ], [ 2.258737415945541, 48.844348150810035 ], [ 2.258950587565175, 48.844401634959439 ], [ 2.259266484721686, 48.843938616785174 ], [ 2.259464055968265, 48.843747374608832 ] ] ] ] } },
{ "type": "Feature", "properties": { "code_iris": "751166108", "nom_iris": "Auteuil 8", "type_iris": "H", "arr": "16e", "n": 20, "prix_med": 221.0, "pct_multi": 15.0, "pct_entire": 85.0, "ratio_lh": 1.0 }, "geometry": { "type": "MultiPolygon", "coordinates": [ [ [ [ 2.256314048671712, 48.839999034718026 ], [ 2.256976747193274, 48.838529077728936 ], [ 2.256986869904, 48.838392435552123 ], [ 2.256675469128465, 48.83835002895664 ], [ 2.25643607833931, 48.838226226018698 ], [ 2.255140283347635, 48.838327887894771 ], [ 2.255357206318944, 48.838593654893316 ], [ 2.254706908516026, 48.839288419446454 ], [ 2.254453874527906, 48.840785200335944 ], [ 2.254500593095844, 48.840948278137212 ], [ 2.254664480046929, 48.841112085989025 ], [ 2.254845654795528, 48.841401014160432 ], [ 2.254631422904379, 48.842470832519766 ], [ 2.254633350415072, 48.842526605616179 ], [ 2.254733773561864, 48.842555111827366 ], [ 2.254757217625165, 48.842630805150442 ], [ 2.254669029950221, 48.842699507396496 ], [ 2.255299469687428, 48.844160415540145 ], [ 2.255833377597784, 48.845131460573334 ], [ 2.255873395884249, 48.845382633727844 ], [ 2.256178127119736, 48.845990703904135 ], [ 2.256549949635057, 48.846958937349271 ], [ 2.256968174090241, 48.847445395692858 ], [ 2.258394737494244, 48.847458743865374 ], [ 2.258465202376581, 48.847199263266297 ], [ 2.256083915917655, 48.84247177950386 ], [ 2.256047494907815, 48.842064137313251 ], [ 2.256314048671712, 48.839999034718026 ] ] ] ] } },
{ "type": "Feature", "properties": { "code_iris": "751166109", "nom_iris": "Auteuil 9", "type_iris": "H", "arr": "16e", "n": 32, "prix_med": 174.5, "pct_multi": 31.2, "pct_entire": 84.4, "ratio_lh": 1.0 }, "geometry": { "type": "MultiPolygon", "coordinates": [ [ [ [ 2.258950587565175, 48.844401634959439 ], [ 2.258737415945541, 48.844348150810035 ], [ 2.258605374476376, 48.844243005603218 ], [ 2.257147977185315, 48.842383957698324 ], [ 2.257597766996665, 48.841321892815834 ], [ 2.256630485307645, 48.840071152773014 ], [ 2.256314048671712, 48.839999034718026 ], [ 2.256047494907815, 48.842064137313251 ], [ 2.256083915917655, 48.84247177950386 ], [ 2.258465202376581, 48.847199263266297 ], [ 2.258708689011429, 48.84751734971956 ], [ 2.258930550350099, 48.847918942802856 ], [ 2.259731885987998, 48.847914910041318 ], [ 2.259660899179801, 48.847731899183877 ], [ 2.259014580154068, 48.846705316451612 ], [ 2.258716732895639, 48.845993869333178 ], [ 2.25869488562401, 48.845134836130697 ], [ 2.258787497537317, 48.844754976474782 ], [ 2.258950587565175, 48.844401634959439 ] ] ] ] } },
{ "type": "Feature", "properties": { "code_iris": "751166110", "nom_iris": "Auteuil 10", "type_iris": "H", "arr": "16e", "n": 39, "prix_med": 180.0, "pct_multi": 35.9, "pct_entire": 94.9, "ratio_lh": 1.03 }, "geometry": { "type": "MultiPolygon", "coordinates": [ [ [ [ 2.258950587565175, 48.844401634959439 ], [ 2.258787497537317, 48.844754976474782 ], [ 2.25869488562401, 48.845134836130697 ], [ 2.258716732895639, 48.845993869333178 ], [ 2.259014580154068, 48.846705316451612 ], [ 2.259660899179801, 48.847731899183877 ], [ 2.259731885987998, 48.847914910041318 ], [ 2.260211495101523, 48.847919675375401 ], [ 2.262188460543758, 48.847943575273959 ], [ 2.261861515243065, 48.847358768484071 ], [ 2.259464055968265, 48.843747374608832 ], [ 2.259266484721686, 48.843938616785174 ], [ 2.258950587565175, 48.844401634959439 ] ] ] ] } },
{ "type": "Feature", "properties": { "code_iris": "751166111", "nom_iris": "Auteuil 11", "type_iris": "H", "arr": "16e", "n": 55, "prix_med": 201.0, "pct_multi": 56.4, "pct_entire": 94.5, "ratio_lh": 1.62 }, "geometry": { "type": "MultiPolygon", "coordinates": [ [ [ [ 2.260212044802476, 48.843177304419811 ], [ 2.259860084052212, 48.843398171415359 ], [ 2.259464055968265, 48.843747374608832 ], [ 2.261861515243065, 48.847358768484071 ], [ 2.262188460543758, 48.847943575273959 ], [ 2.263356274437162, 48.848042506821088 ], [ 2.264097005692033, 48.847987707102234 ], [ 2.263871413629093, 48.847654452827733 ], [ 2.260212044802476, 48.843177304419811 ] ] ] ] } },
{ "type": "Feature", "properties": { "code_iris": "751166112", "nom_iris": "Auteuil 12", "type_iris": "H", "arr": "16e", "n": 31, "prix_med": 162.0, "pct_multi": 41.9, "pct_entire": 93.5, "ratio_lh": 1.11 }, "geometry": { "type": "MultiPolygon", "coordinates": [ [ [ [ 2.260212044802476, 48.843177304419811 ], [ 2.263871413629093, 48.847654452827733 ], [ 2.264097005692033, 48.847987707102234 ], [ 2.264298657942584, 48.847989846654194 ], [ 2.265133287022167, 48.847847479939468 ], [ 2.266306586651004, 48.847556990512089 ], [ 2.264778987203619, 48.845915260009669 ], [ 2.263650335019581, 48.844494510119922 ], [ 2.263107738511429, 48.843260830503915 ], [ 2.26273078556247, 48.841877972786435 ], [ 2.261993017057446, 48.842210688022071 ], [ 2.261551427726167, 48.842507453714553 ], [ 2.260637933106529, 48.842931710897389 ], [ 2.260212044802476, 48.843177304419811 ] ] ] ] } },
{ "type": "Feature", "properties": { "code_iris": "751166113", "nom_iris": "Auteuil 13", "type_iris": "H", "arr": "16e", "n": 38, "prix_med": 133.5, "pct_multi": 36.8, "pct_entire": 89.5, "ratio_lh": 1.06 }, "geometry": { "type": "MultiPolygon", "coordinates": [ [ [ [ 2.264984072980655, 48.843257983728712 ], [ 2.264832282252683, 48.843103258616487 ], [ 2.263797573616275, 48.841402479358202 ], [ 2.26273078556247, 48.841877972786435 ], [ 2.263107738511429, 48.843260830503915 ], [ 2.263650335019581, 48.844494510119922 ], [ 2.264778987203619, 48.845915260009669 ], [ 2.266306586651004, 48.847556990512089 ], [ 2.266845910461358, 48.847482051793357 ], [ 2.268132861856877, 48.847539396544882 ], [ 2.26852419092668, 48.847425771449068 ], [ 2.268842834578004, 48.847247845829884 ], [ 2.26716802591466, 48.845507214864611 ], [ 2.26674527596585, 48.845143078267171 ], [ 2.266503126550372, 48.844824116555671 ], [ 2.264984072980655, 48.843257983728712 ] ] ] ] } },
{ "type": "Feature", "properties": { "code_iris": "751166114", "nom_iris": "Auteuil 14", "type_iris": "H", "arr": "16e", "n": 50, "prix_med": 127.0, "pct_multi": 34.0, "pct_entire": 90.0, "ratio_lh": 1.06 }, "geometry": { "type": "MultiPolygon", "coordinates": [ [ [ [ 2.268022869567308, 48.842272918168796 ], [ 2.265113145932603, 48.840772014130827 ], [ 2.26404223201743, 48.841251990884601 ], [ 2.263797573616275, 48.841402479358202 ], [ 2.264832282252683, 48.843103258616487 ], [ 2.264984072980655, 48.843257983728712 ], [ 2.265152342428366, 48.843210451464621 ], [ 2.265576231130999, 48.843298494752318 ], [ 2.265840374633655, 48.843312707270805 ], [ 2.26624609445349, 48.843239649348902 ], [ 2.266857415323368, 48.842983479279766 ], [ 2.268022869567308, 48.842272918168796 ] ] ] ] } },
{ "type": "Feature", "properties": { "code_iris": "751166115", "nom_iris": "Auteuil 15", "type_iris": "H", "arr": "16e", "n": 45, "prix_med": 177.0, "pct_multi": 44.4, "pct_entire": 93.3, "ratio_lh": 1.07 }, "geometry": { "type": "MultiPolygon", "coordinates": [ [ [ [ 2.265113145932603, 48.840772014130827 ], [ 2.268022869567308, 48.842272918168796 ], [ 2.268976385213552, 48.842778798956061 ], [ 2.269190873512392, 48.842933002451112 ], [ 2.271590027580727, 48.845298586050511 ], [ 2.273728440136387, 48.847419703754845 ], [ 2.274428754214008, 48.847134356993514 ], [ 2.267321835933157, 48.839800749305503 ], [ 2.265113145932603, 48.840772014130827 ] ] ] ] } },
{ "type": "Feature", "properties": { "code_iris": "751166116", "nom_iris": "Auteuil 16", "type_iris": "H", "arr": "16e", "n": 44, "prix_med": 161.0, "pct_multi": 50.0, "pct_entire": 97.7, "ratio_lh": 1.1 }, "geometry": { "type": "MultiPolygon", "coordinates": [ [ [ [ 2.268842834578004, 48.847247845829884 ], [ 2.2705410819018, 48.846543215550895 ], [ 2.271590027580727, 48.845298586050511 ], [ 2.269190873512392, 48.842933002451112 ], [ 2.268976385213552, 48.842778798956061 ], [ 2.268022869567308, 48.842272918168796 ], [ 2.266857415323368, 48.842983479279766 ], [ 2.26624609445349, 48.843239649348902 ], [ 2.265840374633655, 48.843312707270805 ], [ 2.265576231130999, 48.843298494752318 ], [ 2.265152342428366, 48.843210451464621 ], [ 2.264984072980655, 48.843257983728712 ], [ 2.266503126550372, 48.844824116555671 ], [ 2.26674527596585, 48.845143078267171 ], [ 2.26716802591466, 48.845507214864611 ], [ 2.268842834578004, 48.847247845829884 ] ] ] ] } },
{ "type": "Feature", "properties": { "code_iris": "751166117", "nom_iris": "Auteuil 17", "type_iris": "H", "arr": "16e", "n": 27, "prix_med": 176.0, "pct_multi": 22.2, "pct_entire": 100.0, "ratio_lh": 1.0 }, "geometry": { "type": "MultiPolygon", "coordinates": [ [ [ [ 2.268132861856877, 48.847539396544882 ], [ 2.269134567334944, 48.847531130195932 ], [ 2.270190724822141, 48.848499899395961 ], [ 2.270622862349556, 48.848099618677573 ], [ 2.272573463593892, 48.847669905656375 ], [ 2.273728440136387, 48.847419703754845 ], [ 2.271590027580727, 48.845298586050511 ], [ 2.2705410819018, 48.846543215550895 ], [ 2.268842834578004, 48.847247845829884 ], [ 2.26852419092668, 48.847425771449068 ], [ 2.268132861856877, 48.847539396544882 ] ] ] ] } },
{ "type": "Feature", "properties": { "code_iris": "751166118", "nom_iris": "Auteuil 18", "type_iris": "H", "arr": "16e", "n": 40, "prix_med": 192.5, "pct_multi": 32.5, "pct_entire": 97.5, "ratio_lh": 1.08 }, "geometry": { "type": "MultiPolygon", "coordinates": [ [ [ [ 2.270190724822141, 48.848499899395961 ], [ 2.269134567334944, 48.847531130195932 ], [ 2.268132861856877, 48.847539396544882 ], [ 2.266845910461358, 48.847482051793357 ], [ 2.266306586651004, 48.847556990512089 ], [ 2.265133287022167, 48.847847479939468 ], [ 2.264298657942584, 48.847989846654194 ], [ 2.264359699961069, 48.848106240326146 ], [ 2.264928556080749, 48.848353465086952 ], [ 2.266034994829953, 48.848844116918414 ], [ 2.266244264141074, 48.848983003520694 ], [ 2.266571594161469, 48.849060557281028 ], [ 2.267888312765771, 48.84962083208088 ], [ 2.268622147006733, 48.849670288467465 ], [ 2.270190724822141, 48.848499899395961 ] ] ] ] } },
{ "type": "Feature", "properties": { "code_iris": "751166119", "nom_iris": "Auteuil 19", "type_iris": "H", "arr": "16e", "n": 25, "prix_med": 217.0, "pct_multi": 44.0, "pct_entire": 92.0, "ratio_lh": 1.14 }, "geometry": { "type": "MultiPolygon", "coordinates": [ [ [ [ 2.267258443897537, 48.850803238375889 ], [ 2.267198704331449, 48.85069045195872 ], [ 2.268622147006733, 48.849670288467465 ], [ 2.267888312765771, 48.84962083208088 ], [ 2.266571594161469, 48.849060557281028 ], [ 2.266244264141074, 48.848983003520694 ], [ 2.266034994829953, 48.848844116918414 ], [ 2.264928556080749, 48.848353465086952 ], [ 2.264714858709437, 48.848915155274298 ], [ 2.264775458665366, 48.84906302371818 ], [ 2.264192894507258, 48.849786129882105 ], [ 2.264707574324919, 48.849914305807481 ], [ 2.265845993563717, 48.85036198553118 ], [ 2.267085017359884, 48.850828257718845 ], [ 2.267258443897537, 48.850803238375889 ] ] ] ] } },
{ "type": "Feature", "properties": { "code_iris": "751166120", "nom_iris": "Auteuil 20", "type_iris": "H", "arr": "16e", "n": 26, "prix_med": 133.0, "pct_multi": 53.8, "pct_entire": 84.6, "ratio_lh": 1.3 }, "geometry": { "type": "MultiPolygon", "coordinates": [ [ [ [ 2.264298657942584, 48.847989846654194 ], [ 2.264097005692033, 48.847987707102234 ], [ 2.263356274437162, 48.848042506821088 ], [ 2.262188460543758, 48.847943575273959 ], [ 2.260211495101523, 48.847919675375401 ], [ 2.260845102187428, 48.84907657988402 ], [ 2.26163988951704, 48.850016828007675 ], [ 2.262038943108022, 48.850611072343902 ], [ 2.262266142003476, 48.851215947204835 ], [ 2.26234209857242, 48.851722757618397 ], [ 2.26297232667504, 48.851679874489584 ], [ 2.263261716617855, 48.851742813506291 ], [ 2.263398787396548, 48.851686997506881 ], [ 2.263537578209002, 48.851220182494316 ], [ 2.263828973232032, 48.850755205554414 ], [ 2.264023049830794, 48.850522564677412 ], [ 2.264707574324919, 48.849914305807481 ], [ 2.264192894507258, 48.849786129882105 ], [ 2.264775458665366, 48.84906302371818 ], [ 2.264714858709437, 48.848915155274298 ], [ 2.264928556080749, 48.848353465086952 ], [ 2.264359699961069, 48.848106240326146 ], [ 2.264298657942584, 48.847989846654194 ] ] ] ] } },
{ "type": "Feature", "properties": { "code_iris": "751166121", "nom_iris": "Auteuil 21", "type_iris": "H", "arr": "16e", "n": 55, "prix_med": 207.0, "pct_multi": 30.9, "pct_entire": 100.0, "ratio_lh": 1.1 }, "geometry": { "type": "MultiPolygon", "coordinates": [ [ [ [ 2.258465202376581, 48.847199263266297 ], [ 2.258394737494244, 48.847458743865374 ], [ 2.256968174090241, 48.847445395692858 ], [ 2.257157106745994, 48.847670511566889 ], [ 2.257065390033856, 48.847699621203105 ], [ 2.257095883531198, 48.847759168836994 ], [ 2.257019761300403, 48.847841437971454 ], [ 2.257119450751093, 48.848208999011476 ], [ 2.257345784264193, 48.848200511118229 ], [ 2.257395222329861, 48.848460735155932 ], [ 2.25787359907488, 48.848648073707508 ], [ 2.258046906955663, 48.849301189503009 ], [ 2.258449719988076, 48.850106820779303 ], [ 2.262572722433124, 48.856515980655416 ], [ 2.262574100863501, 48.856803784373604 ], [ 2.262675528784046, 48.857245095675914 ], [ 2.263008187497581, 48.857816439405433 ], [ 2.264671959215745, 48.857363504817584 ], [ 2.263846361806377, 48.856084035713955 ], [ 2.26477508712834, 48.85585051581252 ], [ 2.264368830967435, 48.855568317791047 ], [ 2.263668750730886, 48.854860711420272 ], [ 2.26286449996076, 48.853618237489449 ], [ 2.262483114343872, 48.852736310411331 ], [ 2.26234209857242, 48.851722757618397 ], [ 2.262266142003476, 48.851215947204835 ], [ 2.262038943108022, 48.850611072343902 ], [ 2.26163988951704, 48.850016828007675 ], [ 2.260845102187428, 48.84907657988402 ], [ 2.260211495101523, 48.847919675375401 ], [ 2.259731885987998, 48.847914910041318 ], [ 2.258930550350099, 48.847918942802856 ], [ 2.258708689011429, 48.84751734971956 ], [ 2.258465202376581, 48.847199263266297 ] ] ] ] } },
{ "type": "Feature", "properties": { "code_iris": "751166122", "nom_iris": "Auteuil 22", "type_iris": "H", "arr": "16e", "n": 46, "prix_med": 182.0, "pct_multi": 37.0, "pct_entire": 97.8, "ratio_lh": 1.05 }, "geometry": { "type": "MultiPolygon", "coordinates": [ [ [ [ 2.26477508712834, 48.85585051581252 ], [ 2.266089165293541, 48.855544705908926 ], [ 2.265779002560887, 48.855116506137868 ], [ 2.265428551914775, 48.853969468081374 ], [ 2.265266695663362, 48.853656395675323 ], [ 2.264252326268591, 48.852140132276332 ], [ 2.265242753563979, 48.851391652277215 ], [ 2.265845993563717, 48.85036198553118 ], [ 2.264707574324919, 48.849914305807481 ], [ 2.264023049830794, 48.850522564677412 ], [ 2.263828973232032, 48.850755205554414 ], [ 2.263537578209002, 48.851220182494316 ], [ 2.263398787396548, 48.851686997506881 ], [ 2.263261716617855, 48.851742813506291 ], [ 2.26297232667504, 48.851679874489584 ], [ 2.26234209857242, 48.851722757618397 ], [ 2.262483114343872, 48.852736310411331 ], [ 2.26286449996076, 48.853618237489449 ], [ 2.263668750730886, 48.854860711420272 ], [ 2.264368830967435, 48.855568317791047 ], [ 2.26477508712834, 48.85585051581252 ] ] ] ] } },
{ "type": "Feature", "properties": { "code_iris": "751166123", "nom_iris": "Auteuil 23", "type_iris": "H", "arr": "16e", "n": 30, "prix_med": 134.5, "pct_multi": 43.3, "pct_entire": 90.0, "ratio_lh": 1.07 }, "geometry": { "type": "MultiPolygon", "coordinates": [ [ [ [ 2.265845993563717, 48.85036198553118 ], [ 2.265242753563979, 48.851391652277215 ], [ 2.264252326268591, 48.852140132276332 ], [ 2.265266695663362, 48.853656395675323 ], [ 2.265428551914775, 48.853969468081374 ], [ 2.265577599504768, 48.853934408527621 ], [ 2.268135138089223, 48.852422961804074 ], [ 2.267258443897537, 48.850803238375889 ], [ 2.267085017359884, 48.850828257718845 ], [ 2.265845993563717, 48.85036198553118 ] ] ] ] } },
{ "type": "Feature", "properties": { "code_iris": "751166124", "nom_iris": "Auteuil 24", "type_iris": "H", "arr": "16e", "n": 36, "prix_med": 153.0, "pct_multi": 47.2, "pct_entire": 97.2, "ratio_lh": 1.16 }, "geometry": { "type": "MultiPolygon", "coordinates": [ [ [ [ 2.266089165293541, 48.855544705908926 ], [ 2.267414067143334, 48.855243444655379 ], [ 2.268709868555201, 48.854878136279687 ], [ 2.269361263966532, 48.854688752958424 ], [ 2.268971975465904, 48.853973181780198 ], [ 2.268135138089223, 48.852422961804074 ], [ 2.265577599504768, 48.853934408527621 ], [ 2.265428551914775, 48.853969468081374 ], [ 2.265779002560887, 48.855116506137868 ], [ 2.266089165293541, 48.855544705908926 ] ] ] ] } },
{ "type": "Feature", "properties": { "code_iris": "751166125", "nom_iris": "Auteuil 25", "type_iris": "H", "arr": "16e", "n": 28, "prix_med": 248.0, "pct_multi": 28.6, "pct_entire": 100.0, "ratio_lh": 1.0 }, "geometry": { "type": "MultiPolygon", "coordinates": [ [ [ [ 2.269361263966532, 48.854688752958424 ], [ 2.270213800857073, 48.854442134558006 ], [ 2.2709009406797, 48.854132446450116 ], [ 2.271595318582871, 48.85388935116513 ], [ 2.27323094104762, 48.853583621116499 ], [ 2.27581647363968, 48.852982335594028 ], [ 2.275836889188412, 48.852886227454285 ], [ 2.274132977210632, 48.851933371160655 ], [ 2.272288350796959, 48.851107343278215 ], [ 2.272054464280657, 48.851363138476259 ], [ 2.270994504241628, 48.853192284284695 ], [ 2.270800366181595, 48.853236069408041 ], [ 2.270750845368399, 48.853366175083266 ], [ 2.268971975465904, 48.853973181780198 ], [ 2.269361263966532, 48.854688752958424 ] ] ] ] } },
{ "type": "Feature", "properties": { "code_iris": "751166126", "nom_iris": "Auteuil 26", "type_iris": "H", "arr": "16e", "n": 39, "prix_med": 130.0, "pct_multi": 51.3, "pct_entire": 92.3, "ratio_lh": 1.22 }, "geometry": { "type": "MultiPolygon", "coordinates": [ [ [ [ 2.268135138089223, 48.852422961804074 ], [ 2.268971975465904, 48.853973181780198 ], [ 2.270750845368399, 48.853366175083266 ], [ 2.270800366181595, 48.853236069408041 ], [ 2.270994504241628, 48.853192284284695 ], [ 2.272054464280657, 48.851363138476259 ], [ 2.272288350796959, 48.851107343278215 ], [ 2.268622147006733, 48.849670288467465 ], [ 2.267198704331449, 48.85069045195872 ], [ 2.267258443897537, 48.850803238375889 ], [ 2.268135138089223, 48.852422961804074 ] ] ] ] } },
{ "type": "Feature", "properties": { "code_iris": "751166127", "nom_iris": "Auteuil 27", "type_iris": "H", "arr": "16e", "n": 34, "prix_med": 181.5, "pct_multi": 14.7, "pct_entire": 88.2, "ratio_lh": 1.0 }, "geometry": { "type": "MultiPolygon", "coordinates": [ [ [ [ 2.275836889188412, 48.852886227454285 ], [ 2.275939805638895, 48.85273755622908 ], [ 2.27607095138068, 48.852616935918363 ], [ 2.278329459308403, 48.851415540982693 ], [ 2.275974462864286, 48.85122413894964 ], [ 2.275268991042383, 48.851191088237698 ], [ 2.271619842851447, 48.84969756925701 ], [ 2.271322801913912, 48.849499699002216 ], [ 2.270190724822141, 48.848499899395961 ], [ 2.268622147006733, 48.849670288467465 ], [ 2.272288350796959, 48.851107343278215 ], [ 2.274132977210632, 48.851933371160655 ], [ 2.275836889188412, 48.852886227454285 ] ] ] ] } },
{ "type": "Feature", "properties": { "code_iris": "751166128", "nom_iris": "Auteuil 28", "type_iris": "H", "arr": "16e", "n": 48, "prix_med": 168.5, "pct_multi": 35.4, "pct_entire": 93.8, "ratio_lh": 1.12 }, "geometry": { "type": "MultiPolygon", "coordinates": [ [ [ [ 2.272573463593892, 48.847669905656375 ], [ 2.270622862349556, 48.848099618677573 ], [ 2.270190724822141, 48.848499899395961 ], [ 2.271322801913912, 48.849499699002216 ], [ 2.271619842851447, 48.84969756925701 ], [ 2.275268991042383, 48.851191088237698 ], [ 2.275974462864286, 48.85122413894964 ], [ 2.274922507181276, 48.850137632944183 ], [ 2.273189136325368, 48.848373354150645 ], [ 2.272573463593892, 48.847669905656375 ] ] ] ] } },
{ "type": "Feature", "properties": { "code_iris": "751166129", "nom_iris": "Auteuil 29", "type_iris": "H", "arr": "16e", "n": 38, "prix_med": 176.0, "pct_multi": 44.7, "pct_entire": 97.4, "ratio_lh": 1.12 }, "geometry": { "type": "MultiPolygon", "coordinates": [ [ [ [ 2.274428754214008, 48.847134356993514 ], [ 2.273728440136387, 48.847419703754845 ], [ 2.272573463593892, 48.847669905656375 ], [ 2.273189136325368, 48.848373354150645 ], [ 2.274922507181276, 48.850137632944183 ], [ 2.276001404479275, 48.849677396445912 ], [ 2.275051161893156, 48.848726410121735 ], [ 2.275761599821298, 48.848497777188847 ], [ 2.274428754214008, 48.847134356993514 ] ] ] ] } },
{ "type": "Feature", "properties": { "code_iris": "751166130", "nom_iris": "Auteuil 30", "type_iris": "H", "arr": "16e", "n": 31, "prix_med": 176.0, "pct_multi": 32.3, "pct_entire": 87.1, "ratio_lh": 1.07 }, "geometry": { "type": "MultiPolygon", "coordinates": [ [ [ [ 2.278329459308403, 48.851415540982693 ], [ 2.278472474385233, 48.851322869784973 ], [ 2.279094183296905, 48.850909312970714 ], [ 2.277388117982124, 48.849719056228935 ], [ 2.277082213876474, 48.849863804632172 ], [ 2.275761599821298, 48.848497777188847 ], [ 2.275051161893156, 48.848726410121735 ], [ 2.276001404479275, 48.849677396445912 ], [ 2.274922507181276, 48.850137632944183 ], [ 2.275974462864286, 48.85122413894964 ], [ 2.278329459308403, 48.851415540982693 ] ] ] ] } },
{ "type": "Feature", "properties": { "code_iris": "751166201", "nom_iris": "Muette 1", "type_iris": "H", "arr": "16e", "n": 41, "prix_med": 165.0, "pct_multi": 51.2, "pct_entire": 85.4, "ratio_lh": 1.11 }, "geometry": { "type": "MultiPolygon", "coordinates": [ [ [ [ 2.28165264856612, 48.856211142445503 ], [ 2.282036553744908, 48.856539913546442 ], [ 2.282609619867908, 48.856197097647588 ], [ 2.282183491269903, 48.855866276289298 ], [ 2.281937443277526, 48.855621973165221 ], [ 2.281922180269435, 48.855542737987733 ], [ 2.28360121141938, 48.854557211559793 ], [ 2.282936553317296, 48.854030702238781 ], [ 2.280736337170161, 48.852687341962891 ], [ 2.280355632775107, 48.852918886771164 ], [ 2.280205024118523, 48.852969244436451 ], [ 2.27741728572838, 48.853708804493657 ], [ 2.278358555685341, 48.854333245104435 ], [ 2.279037072455437, 48.854643117735741 ], [ 2.279591750358576, 48.854841619619926 ], [ 2.280473014046091, 48.855176087708855 ], [ 2.28165264856612, 48.856211142445503 ] ] ] ] } },
{ "type": "Feature", "properties": { "code_iris": "751166202", "nom_iris": "Muette 2", "type_iris": "H", "arr": "16e", "n": 39, "prix_med": 203.0, "pct_multi": 51.3, "pct_entire": 92.3, "ratio_lh": 1.18 }, "geometry": { "type": "MultiPolygon", "coordinates": [ [ [ [ 2.269361263966532, 48.854688752958424 ], [ 2.270200744147877, 48.855568953762841 ], [ 2.275517458140636, 48.854198260518167 ], [ 2.27741728572838, 48.853708804493657 ], [ 2.275939805638895, 48.85273755622908 ], [ 2.275836889188412, 48.852886227454285 ], [ 2.27581647363968, 48.852982335594028 ], [ 2.27323094104762, 48.853583621116499 ], [ 2.271595318582871, 48.85388935116513 ], [ 2.2709009406797, 48.854132446450116 ], [ 2.270213800857073, 48.854442134558006 ], [ 2.269361263966532, 48.854688752958424 ] ] ] ] } },
{ "type": "Feature", "properties": { "code_iris": "751166203", "nom_iris": "Muette 3", "type_iris": "H", "arr": "16e", "n": 35, "prix_med": 240.0, "pct_multi": 31.4, "pct_entire": 94.3, "ratio_lh": 1.03 }, "geometry": { "type": "MultiPolygon", "coordinates": [ [ [ [ 2.277880093580307, 48.856208221371311 ], [ 2.279591750358576, 48.854841619619926 ], [ 2.279037072455437, 48.854643117735741 ], [ 2.278358555685341, 48.854333245104435 ], [ 2.27741728572838, 48.853708804493657 ], [ 2.275517458140636, 48.854198260518167 ], [ 2.27535142271564, 48.854867278635204 ], [ 2.274697084838497, 48.856444388335838 ], [ 2.276608781433165, 48.855401012153223 ], [ 2.277498468832317, 48.855913626080607 ], [ 2.277880093580307, 48.856208221371311 ] ] ] ] } },
{ "type": "Feature", "properties": { "code_iris": "751166204", "nom_iris": "Muette 4", "type_iris": "H", "arr": "16e", "n": 42, "prix_med": 192.5, "pct_multi": 38.1, "pct_entire": 92.9, "ratio_lh": 1.11 }, "geometry": { "type": "MultiPolygon", "coordinates": [ [ [ [ 2.270200744147877, 48.855568953762841 ], [ 2.273048288735067, 48.857297767532067 ], [ 2.274697084838497, 48.856444388335838 ], [ 2.27535142271564, 48.854867278635204 ], [ 2.275517458140636, 48.854198260518167 ], [ 2.270200744147877, 48.855568953762841 ] ] ] ] } },
{ "type": "Feature", "properties": { "code_iris": "751166205", "nom_iris": "Muette 5", "type_iris": "H", "arr": "16e", "n": 30, "prix_med": 165.0, "pct_multi": 46.7, "pct_entire": 83.3, "ratio_lh": 1.11 }, "geometry": { "type": "MultiPolygon", "coordinates": [ [ [ [ 2.270200744147877, 48.855568953762841 ], [ 2.269361263966532, 48.854688752958424 ], [ 2.268709868555201, 48.854878136279687 ], [ 2.269250154977867, 48.855808677654814 ], [ 2.26913390017098, 48.855837646520655 ], [ 2.269298609554265, 48.857310004462931 ], [ 2.271943507455408, 48.857841458192759 ], [ 2.272587105054974, 48.858017149592925 ], [ 2.27263261526818, 48.85827194448985 ], [ 2.272820390277531, 48.858294670290157 ], [ 2.27363937974787, 48.858208809190678 ], [ 2.274404500817553, 48.858173879257691 ], [ 2.273048288735067, 48.857297767532067 ], [ 2.270200744147877, 48.855568953762841 ] ] ] ] } },
{ "type": "Feature", "properties": { "code_iris": "751166206", "nom_iris": "Muette 6", "type_iris": "H", "arr": "16e", "n": 38, "prix_med": 171.0, "pct_multi": 39.5, "pct_entire": 100.0, "ratio_lh": 1.12 }, "geometry": { "type": "MultiPolygon", "coordinates": [ [ [ [ 2.266089165293541, 48.855544705908926 ], [ 2.26477508712834, 48.85585051581252 ], [ 2.263846361806377, 48.856084035713955 ], [ 2.264671959215745, 48.857363504817584 ], [ 2.265805059403079, 48.857039498130959 ], [ 2.26619147715293, 48.856989705553751 ], [ 2.266497938181906, 48.857004175517062 ], [ 2.267628031717616, 48.858638037102004 ], [ 2.268210699006369, 48.859755006170616 ], [ 2.270385105391239, 48.858365285805675 ], [ 2.27263261526818, 48.85827194448985 ], [ 2.272587105054974, 48.858017149592925 ], [ 2.271943507455408, 48.857841458192759 ], [ 2.269298609554265, 48.857310004462931 ], [ 2.26913390017098, 48.855837646520655 ], [ 2.269250154977867, 48.855808677654814 ], [ 2.268709868555201, 48.854878136279687 ], [ 2.267414067143334, 48.855243444655379 ], [ 2.266089165293541, 48.855544705908926 ] ] ] ] } },
{ "type": "Feature", "properties": { "code_iris": "751166207", "nom_iris": "Muette 7", "type_iris": "H", "arr": "16e", "n": 21, "prix_med": 95.0, "pct_multi": 61.9, "pct_entire": 90.5, "ratio_lh": 1.11 }, "geometry": { "type": "MultiPolygon", "coordinates": [ [ [ [ 2.267365768701056, 48.863718691935972 ], [ 2.267568093769202, 48.863483400259248 ], [ 2.26784895287961, 48.863285462197332 ], [ 2.268540967654812, 48.863123313232904 ], [ 2.268177267375315, 48.86271727963301 ], [ 2.267771250907375, 48.862024990932795 ], [ 2.268210699006369, 48.859755006170616 ], [ 2.267628031717616, 48.858638037102004 ], [ 2.266497938181906, 48.857004175517062 ], [ 2.26619147715293, 48.856989705553751 ], [ 2.265805059403079, 48.857039498130959 ], [ 2.264671959215745, 48.857363504817584 ], [ 2.263008187497581, 48.857816439405433 ], [ 2.265096429427575, 48.861090352767668 ], [ 2.26519563044399, 48.861498370204053 ], [ 2.265137260520648, 48.862061008429308 ], [ 2.265182668633359, 48.862224070569042 ], [ 2.265509503523281, 48.862632585428948 ], [ 2.267365768701056, 48.863718691935972 ] ] ] ] } },
{ "type": "Feature", "properties": { "code_iris": "751166208", "nom_iris": "Muette 8", "type_iris": "H", "arr": "16e", "n": 36, "prix_med": 181.0, "pct_multi": 47.2, "pct_entire": 97.2, "ratio_lh": 1.16 }, "geometry": { "type": "MultiPolygon", "coordinates": [ [ [ [ 2.269170179502924, 48.862967971600561 ], [ 2.269331012747269, 48.862968953655439 ], [ 2.269996989501621, 48.863107920955102 ], [ 2.271303460032531, 48.863649199761937 ], [ 2.272423009000724, 48.864009457055261 ], [ 2.272448735052947, 48.863533855575881 ], [ 2.272623868492572, 48.862998905350089 ], [ 2.272783247080246, 48.862615849761298 ], [ 2.273071822089489, 48.862156234192007 ], [ 2.273656332123021, 48.861294603889135 ], [ 2.273861213903194, 48.860873150241126 ], [ 2.273900874248932, 48.86017908825022 ], [ 2.27386741257713, 48.859841626653832 ], [ 2.273705469410605, 48.859334306174183 ], [ 2.273490356390603, 48.859023621637085 ], [ 2.273202887694381, 48.85872149075059 ], [ 2.272739736965036, 48.85840929792662 ], [ 2.27263261526818, 48.85827194448985 ], [ 2.270942506441548, 48.859928168388151 ], [ 2.271800837483668, 48.860345299676233 ], [ 2.271655298785152, 48.860420859245011 ], [ 2.269170179502924, 48.862967971600561 ] ] ] ] } },
{ "type": "Feature", "properties": { "code_iris": "751166209", "nom_iris": "Muette 9", "type_iris": "H", "arr": "16e", "n": 25, "prix_med": 171.0, "pct_multi": 48.0, "pct_entire": 92.0, "ratio_lh": 1.04 }, "geometry": { "type": "MultiPolygon", "coordinates": [ [ [ [ 2.277371989292505, 48.863952204382478 ], [ 2.276526690241316, 48.863178150611191 ], [ 2.275633173690355, 48.861560203926821 ], [ 2.274076080914222, 48.862669565823026 ], [ 2.273950422964381, 48.862687689980277 ], [ 2.273882038689886, 48.862606333224399 ], [ 2.273071822089489, 48.862156234192007 ], [ 2.272783247080246, 48.862615849761298 ], [ 2.272623868492572, 48.862998905350089 ], [ 2.272448735052947, 48.863533855575881 ], [ 2.272423009000724, 48.864009457055261 ], [ 2.273859664807846, 48.864211543306332 ], [ 2.274963579027397, 48.864228128957762 ], [ 2.277371989292505, 48.863952204382478 ] ] ] ] } },
{ "type": "Feature", "properties": { "code_iris": "751166210", "nom_iris": "Muette 10", "type_iris": "H", "arr": "16e", "n": 31, "prix_med": 200.0, "pct_multi": 61.3, "pct_entire": 83.9, "ratio_lh": 1.15 }, "geometry": { "type": "MultiPolygon", "coordinates": [ [ [ [ 2.275633173690355, 48.861560203926821 ], [ 2.275450775788483, 48.861247922970065 ], [ 2.275026157273521, 48.860417045084382 ], [ 2.275230714503894, 48.859625951488141 ], [ 2.274939456369508, 48.858321918351606 ], [ 2.274700880177464, 48.858227838742401 ], [ 2.274404500817553, 48.858173879257691 ], [ 2.27363937974787, 48.858208809190678 ], [ 2.272820390277531, 48.858294670290157 ], [ 2.27263261526818, 48.85827194448985 ], [ 2.272739736965036, 48.85840929792662 ], [ 2.273202887694381, 48.85872149075059 ], [ 2.273490356390603, 48.859023621637085 ], [ 2.273705469410605, 48.859334306174183 ], [ 2.27386741257713, 48.859841626653832 ], [ 2.273900874248932, 48.86017908825022 ], [ 2.273861213903194, 48.860873150241126 ], [ 2.273656332123021, 48.861294603889135 ], [ 2.273071822089489, 48.862156234192007 ], [ 2.273882038689886, 48.862606333224399 ], [ 2.273950422964381, 48.862687689980277 ], [ 2.274076080914222, 48.862669565823026 ], [ 2.275633173690355, 48.861560203926821 ] ] ] ] } },
{ "type": "Feature", "properties": { "code_iris": "751166211", "nom_iris": "Muette 11", "type_iris": "H", "arr": "16e", "n": 53, "prix_med": 190.0, "pct_multi": 35.8, "pct_entire": 92.5, "ratio_lh": 1.06 }, "geometry": { "type": "MultiPolygon", "coordinates": [ [ [ [ 2.277516523186474, 48.857953479665682 ], [ 2.277880093580307, 48.856208221371311 ], [ 2.277498468832317, 48.855913626080607 ], [ 2.276608781433165, 48.855401012153223 ], [ 2.274697084838497, 48.856444388335838 ], [ 2.273048288735067, 48.857297767532067 ], [ 2.274404500817553, 48.858173879257691 ], [ 2.274700880177464, 48.858227838742401 ], [ 2.274939456369508, 48.858321918351606 ], [ 2.275195502846893, 48.858140000558016 ], [ 2.277516523186474, 48.857953479665682 ] ] ] ] } },
{ "type": "Feature", "properties": { "code_iris": "751166212", "nom_iris": "Muette 12", "type_iris": "H", "arr": "16e", "n": 58, "prix_med": 202.5, "pct_multi": 44.8, "pct_entire": 93.1, "ratio_lh": 1.12 }, "geometry": { "type": "MultiPolygon", "coordinates": [ [ [ [ 2.279591750358576, 48.854841619619926 ], [ 2.277880093580307, 48.856208221371311 ], [ 2.277516523186474, 48.857953479665682 ], [ 2.27891227006515, 48.857752348187056 ], [ 2.279948129781755, 48.857752290229527 ], [ 2.280228092114496, 48.856922968029181 ], [ 2.280545558686127, 48.856930273330967 ], [ 2.28165264856612, 48.856211142445503 ], [ 2.280473014046091, 48.855176087708855 ], [ 2.279591750358576, 48.854841619619926 ] ] ] ] } },
{ "type": "Feature", "properties": { "code_iris": "751166213", "nom_iris": "Muette 13", "type_iris": "H", "arr": "16e", "n": 71, "prix_med": 200.0, "pct_multi": 60.6, "pct_entire": 91.5, "ratio_lh": 1.45 }, "geometry": { "type": "MultiPolygon", "coordinates": [ [ [ [ 2.282036553744908, 48.856539913546442 ], [ 2.282941131971011, 48.857065166393383 ], [ 2.283668928176612, 48.857562373207884 ], [ 2.284356342246002, 48.858222117338357 ], [ 2.284564813485908, 48.85852464828254 ], [ 2.284670335529572, 48.858483009366502 ], [ 2.284787382616662, 48.858495400616604 ], [ 2.285504607487061, 48.857778401249497 ], [ 2.285400851304846, 48.857691443438675 ], [ 2.28586521814727, 48.85722385190212 ], [ 2.285977188234691, 48.857308160288831 ], [ 2.286467797519726, 48.856814641524011 ], [ 2.28360121141938, 48.854557211559793 ], [ 2.281922180269435, 48.855542737987733 ], [ 2.281937443277526, 48.855621973165221 ], [ 2.282183491269903, 48.855866276289298 ], [ 2.282609619867908, 48.856197097647588 ], [ 2.282036553744908, 48.856539913546442 ] ] ] ] } },
{ "type": "Feature", "properties": { "code_iris": "751166214", "nom_iris": "Muette 14", "type_iris": "H", "arr": "16e", "n": 43, "prix_med": 150.0, "pct_multi": 44.2, "pct_entire": 81.4, "ratio_lh": 1.16 }, "geometry": { "type": "MultiPolygon", "coordinates": [ [ [ [ 2.282036553744908, 48.856539913546442 ], [ 2.28165264856612, 48.856211142445503 ], [ 2.280545558686127, 48.856930273330967 ], [ 2.280228092114496, 48.856922968029181 ], [ 2.279948129781755, 48.857752290229527 ], [ 2.280781824406636, 48.857883213912025 ], [ 2.282149308212602, 48.858149540519577 ], [ 2.284290537111376, 48.858448361603031 ], [ 2.284564813485908, 48.85852464828254 ], [ 2.284356342246002, 48.858222117338357 ], [ 2.283668928176612, 48.857562373207884 ], [ 2.282941131971011, 48.857065166393383 ], [ 2.282036553744908, 48.856539913546442 ] ] ] ] } },
{ "type": "Feature", "properties": { "code_iris": "751166215", "nom_iris": "Muette 15", "type_iris": "H", "arr": "16e", "n": 54, "prix_med": 228.5, "pct_multi": 38.9, "pct_entire": 98.1, "ratio_lh": 1.06 }, "geometry": { "type": "MultiPolygon", "coordinates": [ [ [ [ 2.279006186823759, 48.859731498733382 ], [ 2.281032911144368, 48.860232042412783 ], [ 2.283128598535876, 48.859190570202358 ], [ 2.284564813485908, 48.85852464828254 ], [ 2.284290537111376, 48.858448361603031 ], [ 2.282149308212602, 48.858149540519577 ], [ 2.280781824406636, 48.857883213912025 ], [ 2.280622091023436, 48.858494715835008 ], [ 2.279006186823759, 48.859731498733382 ] ] ] ] } },
{ "type": "Feature", "properties": { "code_iris": "751166216", "nom_iris": "Muette 16", "type_iris": "H", "arr": "16e", "n": 55, "prix_med": 200.0, "pct_multi": 47.3, "pct_entire": 92.7, "ratio_lh": 1.25 }, "geometry": { "type": "MultiPolygon", "coordinates": [ [ [ [ 2.280781824406636, 48.857883213912025 ], [ 2.279948129781755, 48.857752290229527 ], [ 2.27891227006515, 48.857752348187056 ], [ 2.277516523186474, 48.857953479665682 ], [ 2.275195502846893, 48.858140000558016 ], [ 2.274939456369508, 48.858321918351606 ], [ 2.278032220167486, 48.859491794128267 ], [ 2.279006186823759, 48.859731498733382 ], [ 2.280622091023436, 48.858494715835008 ], [ 2.280781824406636, 48.857883213912025 ] ] ] ] } },
{ "type": "Feature", "properties": { "code_iris": "751166217", "nom_iris": "Muette 17", "type_iris": "H", "arr": "16e", "n": 61, "prix_med": 190.0, "pct_multi": 42.6, "pct_entire": 91.8, "ratio_lh": 1.13 }, "geometry": { "type": "MultiPolygon", "coordinates": [ [ [ [ 2.279310158549797, 48.86120827231904 ], [ 2.281032911144368, 48.860232042412783 ], [ 2.279006186823759, 48.859731498733382 ], [ 2.278032220167486, 48.859491794128267 ], [ 2.274939456369508, 48.858321918351606 ], [ 2.275230714503894, 48.859625951488141 ], [ 2.275026157273521, 48.860417045084382 ], [ 2.275450775788483, 48.861247922970065 ], [ 2.277041219337135, 48.860578528550455 ], [ 2.278338979918758, 48.861749227291774 ], [ 2.279310158549797, 48.86120827231904 ] ] ] ] } },
{ "type": "Feature", "properties": { "code_iris": "751166218", "nom_iris": "Muette 18", "type_iris": "H", "arr": "16e", "n": 36, "prix_med": 233.5, "pct_multi": 36.1, "pct_entire": 94.4, "ratio_lh": 1.03 }, "geometry": { "type": "MultiPolygon", "coordinates": [ [ [ [ 2.275450775788483, 48.861247922970065 ], [ 2.275633173690355, 48.861560203926821 ], [ 2.276526690241316, 48.863178150611191 ], [ 2.277371989292505, 48.863952204382478 ], [ 2.278861049238432, 48.863816390398341 ], [ 2.28156570156823, 48.863505292803715 ], [ 2.280971420657105, 48.862811020811669 ], [ 2.279310158549797, 48.86120827231904 ], [ 2.278338979918758, 48.861749227291774 ], [ 2.277041219337135, 48.860578528550455 ], [ 2.275450775788483, 48.861247922970065 ] ] ] ] } },
{ "type": "Feature", "properties": { "code_iris": "751166219", "nom_iris": "Muette 19", "type_iris": "H", "arr": "16e", "n": 77, "prix_med": 188.0, "pct_multi": 45.5, "pct_entire": 96.1, "ratio_lh": 1.1 }, "geometry": { "type": "MultiPolygon", "coordinates": [ [ [ [ 2.281032911144368, 48.860232042412783 ], [ 2.279310158549797, 48.86120827231904 ], [ 2.280971420657105, 48.862811020811669 ], [ 2.28156570156823, 48.863505292803715 ], [ 2.286065577853984, 48.862992609911707 ], [ 2.28703205351499, 48.862990277376561 ], [ 2.287403125588103, 48.862768548690241 ], [ 2.28682262494913, 48.862456612781067 ], [ 2.286802393022545, 48.862341375042583 ], [ 2.286590884339556, 48.862059516222672 ], [ 2.281032911144368, 48.860232042412783 ] ] ] ] } },
{ "type": "Feature", "properties": { "code_iris": "751166220", "nom_iris": "Muette 20", "type_iris": "H", "arr": "16e", "n": 51, "prix_med": 192.0, "pct_multi": 39.2, "pct_entire": 98.0, "ratio_lh": 1.11 }, "geometry": { "type": "MultiPolygon", "coordinates": [ [ [ [ 2.281032911144368, 48.860232042412783 ], [ 2.286590884339556, 48.862059516222672 ], [ 2.286669463155818, 48.861596817643608 ], [ 2.286585878773068, 48.861330110711734 ], [ 2.284786397538812, 48.858865030089852 ], [ 2.28476717147153, 48.858676949767762 ], [ 2.284568585599243, 48.85864698327876 ], [ 2.284564813485908, 48.85852464828254 ], [ 2.283128598535876, 48.859190570202358 ], [ 2.281032911144368, 48.860232042412783 ] ] ] ] } },
{ "type": "Feature", "properties": { "code_iris": "751166221", "nom_iris": "Muette 21", "type_iris": "H", "arr": "16e", "n": 57, "prix_med": 238.0, "pct_multi": 43.9, "pct_entire": 87.7, "ratio_lh": 1.12 }, "geometry": { "type": "MultiPolygon", "coordinates": [ [ [ [ 2.286590884339556, 48.862059516222672 ], [ 2.286802393022545, 48.862341375042583 ], [ 2.28682262494913, 48.862456612781067 ], [ 2.287403125588103, 48.862768548690241 ], [ 2.291215662572836, 48.860368332001919 ], [ 2.290686287880723, 48.859905625387938 ], [ 2.290540235355916, 48.859920947985145 ], [ 2.289331388407182, 48.858910094990485 ], [ 2.288628468571499, 48.858482321940954 ], [ 2.286467797519726, 48.856814641524011 ], [ 2.285977188234691, 48.857308160288831 ], [ 2.28586521814727, 48.85722385190212 ], [ 2.285400851304846, 48.857691443438675 ], [ 2.285504607487061, 48.857778401249497 ], [ 2.284787382616662, 48.858495400616604 ], [ 2.284670335529572, 48.858483009366502 ], [ 2.284564813485908, 48.85852464828254 ], [ 2.284568585599243, 48.85864698327876 ], [ 2.28476717147153, 48.858676949767762 ], [ 2.284786397538812, 48.858865030089852 ], [ 2.286585878773068, 48.861330110711734 ], [ 2.286669463155818, 48.861596817643608 ], [ 2.286590884339556, 48.862059516222672 ] ] ] ] } },
{ "type": "Feature", "properties": { "code_iris": "751166301", "nom_iris": "Porte Dauphine 1", "type_iris": "H", "arr": "16e", "n": 65, "prix_med": 197.0, "pct_multi": 46.2, "pct_entire": 93.8, "ratio_lh": 1.08 }, "geometry": { "type": "MultiPolygon", "coordinates": [ [ [ [ 2.286938101143589, 48.863480763919817 ], [ 2.28703205351499, 48.862990277376561 ], [ 2.286065577853984, 48.862992609911707 ], [ 2.28156570156823, 48.863505292803715 ], [ 2.283234113182187, 48.865391344171535 ], [ 2.283434111795638, 48.865419522300151 ], [ 2.283467322449846, 48.865482675687808 ], [ 2.283387312339141, 48.865551446649505 ], [ 2.284277395216464, 48.866846440783419 ], [ 2.286222674448748, 48.866250996800694 ], [ 2.286938101143589, 48.863480763919817 ] ] ] ] } },
{ "type": "Feature", "properties": { "code_iris": "751166302", "nom_iris": "Porte Dauphine 2", "type_iris": "H", "arr": "16e", "n": 86, "prix_med": 200.0, "pct_multi": 51.2, "pct_entire": 91.9, "ratio_lh": 1.12 }, "geometry": { "type": "MultiPolygon", "coordinates": [ [ [ [ 2.277371989292505, 48.863952204382478 ], [ 2.27918494578531, 48.865430879537513 ], [ 2.279751739590083, 48.866043152402661 ], [ 2.280123504224159, 48.866564314258206 ], [ 2.28099249528502, 48.867802546165898 ], [ 2.281065681888143, 48.867833563668974 ], [ 2.284277395216464, 48.866846440783419 ], [ 2.283387312339141, 48.865551446649505 ], [ 2.283467322449846, 48.865482675687808 ], [ 2.283434111795638, 48.865419522300151 ], [ 2.283234113182187, 48.865391344171535 ], [ 2.28156570156823, 48.863505292803715 ], [ 2.278861049238432, 48.863816390398341 ], [ 2.277371989292505, 48.863952204382478 ] ] ] ] } },
{ "type": "Feature", "properties": { "code_iris": "751166303", "nom_iris": "Porte Dauphine 3", "type_iris": "H", "arr": "16e", "n": 46, "prix_med": 170.5, "pct_multi": 43.5, "pct_entire": 95.7, "ratio_lh": 1.1 }, "geometry": { "type": "MultiPolygon", "coordinates": [ [ [ [ 2.280123504224159, 48.866564314258206 ], [ 2.279751739590083, 48.866043152402661 ], [ 2.27918494578531, 48.865430879537513 ], [ 2.277371989292505, 48.863952204382478 ], [ 2.274963579027397, 48.864228128957762 ], [ 2.275737394359416, 48.865437046746948 ], [ 2.275733768308282, 48.86559980742512 ], [ 2.275828620202027, 48.865640852201679 ], [ 2.275792930862973, 48.865756652572799 ], [ 2.275930250708042, 48.865782665256916 ], [ 2.277012952217638, 48.867624784744713 ], [ 2.277880920586398, 48.867359320408376 ], [ 2.280123504224159, 48.866564314258206 ] ] ] ] } },
{ "type": "Feature", "properties": { "code_iris": "751166304", "nom_iris": "Porte Dauphine 4", "type_iris": "H", "arr": "16e", "n": 73, "prix_med": 189.0, "pct_multi": 47.9, "pct_entire": 95.9, "ratio_lh": 1.18 }, "geometry": { "type": "MultiPolygon", "coordinates": [ [ [ [ 2.27417341658566, 48.868597782385962 ], [ 2.277012952217638, 48.867624784744713 ], [ 2.275930250708042, 48.865782665256916 ], [ 2.275792930862973, 48.865756652572799 ], [ 2.275828620202027, 48.865640852201679 ], [ 2.275733768308282, 48.86559980742512 ], [ 2.275737394359416, 48.865437046746948 ], [ 2.274963579027397, 48.864228128957762 ], [ 2.273859664807846, 48.864211543306332 ], [ 2.272423009000724, 48.864009457055261 ], [ 2.272485449414137, 48.865199680105576 ], [ 2.272626339068927, 48.865946099080105 ], [ 2.272816547799509, 48.866577700108557 ], [ 2.273306171509257, 48.86744045308231 ], [ 2.27417341658566, 48.868597782385962 ] ] ] ] } },
{ "type": "Feature", "properties": { "code_iris": "751166305", "nom_iris": "Porte Dauphine 5", "type_iris": "H", "arr": "16e", "n": 27, "prix_med": 200.0, "pct_multi": 44.4, "pct_entire": 88.9, "ratio_lh": 1.08 }, "geometry": { "type": "MultiPolygon", "coordinates": [ [ [ [ 2.269170179502924, 48.862967971600561 ], [ 2.269131587192275, 48.863095444220171 ], [ 2.268540967654812, 48.863123313232904 ], [ 2.26784895287961, 48.863285462197332 ], [ 2.267568093769202, 48.863483400259248 ], [ 2.267365768701056, 48.863718691935972 ], [ 2.268480476271051, 48.86500439089933 ], [ 2.270299123954402, 48.867423956387142 ], [ 2.271994723224788, 48.869393065289287 ], [ 2.272177926960023, 48.869550666120595 ], [ 2.272230229750601, 48.86971016883939 ], [ 2.27255290723592, 48.87003319772748 ], [ 2.273103048111279, 48.87046912634338 ], [ 2.273880774489039, 48.87100985797651 ], [ 2.274340555807917, 48.87127885303024 ], [ 2.274090042186813, 48.871548037439908 ], [ 2.274066959108323, 48.871834789031354 ], [ 2.274142808317271, 48.871968352289365 ], [ 2.274411886299738, 48.872128268646847 ], [ 2.274738048253775, 48.872203092372303 ], [ 2.275083259893058, 48.872182699880533 ], [ 2.275424144192398, 48.872081339045224 ], [ 2.275620862409818, 48.871954822523371 ], [ 2.275799919855559, 48.871725673329074 ], [ 2.276472440580136, 48.871795392641609 ], [ 2.276393970134996, 48.871555692143104 ], [ 2.275984987410801, 48.87096594555463 ], [ 2.27417341658566, 48.868597782385962 ], [ 2.273306171509257, 48.86744045308231 ], [ 2.272816547799509, 48.866577700108557 ], [ 2.272626339068927, 48.865946099080105 ], [ 2.272485449414137, 48.865199680105576 ], [ 2.272423009000724, 48.864009457055261 ], [ 2.271303460032531, 48.863649199761937 ], [ 2.269996989501621, 48.863107920955102 ], [ 2.269331012747269, 48.862968953655439 ], [ 2.269170179502924, 48.862967971600561 ] ] ] ] } },
{ "type": "Feature", "properties": { "code_iris": "751166306", "nom_iris": "Porte Dauphine 6", "type_iris": "H", "arr": "16e", "n": 41, "prix_med": 150.0, "pct_multi": 65.9, "pct_entire": 97.6, "ratio_lh": 1.17 }, "geometry": { "type": "MultiPolygon", "coordinates": [ [ [ [ 2.277488291551287, 48.871390527474283 ], [ 2.278981615819666, 48.871060478503132 ], [ 2.277012952217638, 48.867624784744713 ], [ 2.27417341658566, 48.868597782385962 ], [ 2.275984987410801, 48.87096594555463 ], [ 2.276393970134996, 48.871555692143104 ], [ 2.276472440580136, 48.871795392641609 ], [ 2.276660749041536, 48.871586983040267 ], [ 2.277488291551287, 48.871390527474283 ] ] ] ] } },
{ "type": "Feature", "properties": { "code_iris": "751166307", "nom_iris": "Porte Dauphine 7", "type_iris": "H", "arr": "16e", "n": 54, "prix_med": 204.0, "pct_multi": 61.1, "pct_entire": 92.6, "ratio_lh": 1.15 }, "geometry": { "type": "MultiPolygon", "coordinates": [ [ [ [ 2.278981615819666, 48.871060478503132 ], [ 2.282806455738843, 48.870215587797112 ], [ 2.281065681888143, 48.867833563668974 ], [ 2.28099249528502, 48.867802546165898 ], [ 2.280123504224159, 48.866564314258206 ], [ 2.277880920586398, 48.867359320408376 ], [ 2.277012952217638, 48.867624784744713 ], [ 2.278981615819666, 48.871060478503132 ] ] ] ] } },
{ "type": "Feature", "properties": { "code_iris": "751166308", "nom_iris": "Porte Dauphine 8", "type_iris": "H", "arr": "16e", "n": 103, "prix_med": 210.0, "pct_multi": 58.3, "pct_entire": 87.4, "ratio_lh": 1.34 }, "geometry": { "type": "MultiPolygon", "coordinates": [ [ [ [ 2.285318302054727, 48.869869974079229 ], [ 2.285401567061637, 48.869464865669038 ], [ 2.286222674448748, 48.866250996800694 ], [ 2.284277395216464, 48.866846440783419 ], [ 2.281065681888143, 48.867833563668974 ], [ 2.282806455738843, 48.870215587797112 ], [ 2.285049239286669, 48.869707384092813 ], [ 2.285120154521912, 48.869804937148444 ], [ 2.285318302054727, 48.869869974079229 ] ] ] ] } },
{ "type": "Feature", "properties": { "code_iris": "751166309", "nom_iris": "Porte Dauphine 9", "type_iris": "H", "arr": "16e", "n": 32, "prix_med": 284.5, "pct_multi": 62.5, "pct_entire": 96.9, "ratio_lh": 1.33 }, "geometry": { "type": "MultiPolygon", "coordinates": [ [ [ [ 2.278981615819666, 48.871060478503132 ], [ 2.277488291551287, 48.871390527474283 ], [ 2.284692009848246, 48.872192841210023 ], [ 2.285318302054727, 48.869869974079229 ], [ 2.285120154521912, 48.869804937148444 ], [ 2.285049239286669, 48.869707384092813 ], [ 2.282806455738843, 48.870215587797112 ], [ 2.278981615819666, 48.871060478503132 ] ] ] ] } },
{ "type": "Feature", "properties": { "code_iris": "751166310", "nom_iris": "Porte Dauphine 10", "type_iris": "H", "arr": "16e", "n": 38, "prix_med": 180.0, "pct_multi": 50.0, "pct_entire": 89.5, "ratio_lh": 1.09 }, "geometry": { "type": "MultiPolygon", "coordinates": [ [ [ [ 2.279517206015767, 48.875214180303651 ], [ 2.281756440235748, 48.873696054652662 ], [ 2.282064552648993, 48.873894859365819 ], [ 2.283745764476016, 48.873091024398207 ], [ 2.284132383021676, 48.87303398044692 ], [ 2.284526978165358, 48.872892444538948 ], [ 2.284692009848246, 48.872192841210023 ], [ 2.277488291551287, 48.871390527474283 ], [ 2.276660749041536, 48.871586983040267 ], [ 2.276472440580136, 48.871795392641609 ], [ 2.275799919855559, 48.871725673329074 ], [ 2.275620862409818, 48.871954822523371 ], [ 2.275424144192398, 48.872081339045224 ], [ 2.275822197042067, 48.872378733433102 ], [ 2.275971329942978, 48.872635049796209 ], [ 2.276197181450735, 48.872864849467149 ], [ 2.277144304266616, 48.873680882657396 ], [ 2.277445267219834, 48.873804111253278 ], [ 2.278542114264928, 48.874837777967258 ], [ 2.27880643369808, 48.874851062185485 ], [ 2.27911281079591, 48.874977916386221 ], [ 2.279242220059844, 48.875084818162129 ], [ 2.279517206015767, 48.875214180303651 ] ] ] ] } },
{ "type": "Feature", "properties": { "code_iris": "751166311", "nom_iris": "Porte Dauphine 11", "type_iris": "H", "arr": "16e", "n": 38, "prix_med": 250.0, "pct_multi": 34.2, "pct_entire": 84.2, "ratio_lh": 1.12 }, "geometry": { "type": "MultiPolygon", "coordinates": [ [ [ [ 2.283966396279463, 48.875091585363464 ], [ 2.284526978165358, 48.872892444538948 ], [ 2.284132383021676, 48.87303398044692 ], [ 2.283745764476016, 48.873091024398207 ], [ 2.282064552648993, 48.873894859365819 ], [ 2.281756440235748, 48.873696054652662 ], [ 2.279517206015767, 48.875214180303651 ], [ 2.280704677387683, 48.875713262089377 ], [ 2.281703771659364, 48.876032232439513 ], [ 2.282094218864152, 48.876193758215891 ], [ 2.282353725320339, 48.876358994480682 ], [ 2.282626632436582, 48.876640325543477 ], [ 2.283193894249968, 48.877032239116993 ], [ 2.283280767998161, 48.877159566393061 ], [ 2.283494113855289, 48.876815496444358 ], [ 2.283966396279463, 48.875091585363464 ] ] ] ] } },
{ "type": "Feature", "properties": { "code_iris": "751166401", "nom_iris": "Chaillot 1", "type_iris": "H", "arr": "16e", "n": 84, "prix_med": 323.0, "pct_multi": 57.1, "pct_entire": 97.6, "ratio_lh": 1.27 }, "geometry": { "type": "MultiPolygon", "coordinates": [ [ [ [ 2.298906435388405, 48.868534765981423 ], [ 2.29983829121079, 48.86553729850619 ], [ 2.299841599006072, 48.864986916127734 ], [ 2.300297979606478, 48.865007572153552 ], [ 2.300991315923401, 48.864740919462669 ], [ 2.301395548741394, 48.86458409487016 ], [ 2.301635346720621, 48.864491062676557 ], [ 2.301662484441652, 48.864195334946658 ], [ 2.301533177377724, 48.864181090113782 ], [ 2.301398659771062, 48.864250454268863 ], [ 2.301213528653392, 48.864231386469768 ], [ 2.301175303334417, 48.864337286560648 ], [ 2.300884144988763, 48.864296014705275 ], [ 2.300930850739201, 48.864167680486077 ], [ 2.298916125008466, 48.863864505652828 ], [ 2.29637884617477, 48.863295615074058 ], [ 2.294025532827251, 48.862533495425204 ], [ 2.293269894112598, 48.862066768390108 ], [ 2.292554712310976, 48.862536501493324 ], [ 2.294128996691088, 48.863348019005187 ], [ 2.295824849538258, 48.864346395820967 ], [ 2.295536099367136, 48.864933770882594 ], [ 2.295875364911576, 48.864945660222311 ], [ 2.295787739288439, 48.865679913284062 ], [ 2.296012477455542, 48.865794553429097 ], [ 2.296656577250507, 48.866551994645917 ], [ 2.297619062697003, 48.867456994962566 ], [ 2.298906435388405, 48.868534765981423 ] ] ] ] } },
{ "type": "Feature", "properties": { "code_iris": "751166402", "nom_iris": "Chaillot 2", "type_iris": "H", "arr": "16e", "n": 78, "prix_med": 250.0, "pct_multi": 60.3, "pct_entire": 96.2, "ratio_lh": 1.24 }, "geometry": { "type": "MultiPolygon", "coordinates": [ [ [ [ 2.297501223263732, 48.87093857212033 ], [ 2.298906435388405, 48.868534765981423 ], [ 2.297619062697003, 48.867456994962566 ], [ 2.296656577250507, 48.866551994645917 ], [ 2.296012477455542, 48.865794553429097 ], [ 2.295787739288439, 48.865679913284062 ], [ 2.294128679084379, 48.864880510797661 ], [ 2.294014973351306, 48.864922109570813 ], [ 2.293855581996553, 48.864914873784407 ], [ 2.29363178863976, 48.864831712282033 ], [ 2.293587905610028, 48.864750511750216 ], [ 2.290469331971723, 48.86392624540612 ], [ 2.290322239066214, 48.864017107085111 ], [ 2.292657817185422, 48.865684839072422 ], [ 2.295118866003599, 48.867359556530502 ], [ 2.295560106466161, 48.867896366899522 ], [ 2.295726387838315, 48.868201324866696 ], [ 2.295736813039051, 48.869547708235388 ], [ 2.29617100050129, 48.869801179718223 ], [ 2.297501223263732, 48.87093857212033 ] ] ] ] } },
{ "type": "Feature", "properties": { "code_iris": "751166403", "nom_iris": "Chaillot 3", "type_iris": "H", "arr": "16e", "n": 89, "prix_med": 183.0, "pct_multi": 48.3, "pct_entire": 92.1, "ratio_lh": 1.11 }, "geometry": { "type": "MultiPolygon", "coordinates": [ [ [ [ 2.290469331971723, 48.86392624540612 ], [ 2.287951533093834, 48.86323497928241 ], [ 2.287403125588103, 48.862768548690241 ], [ 2.28703205351499, 48.862990277376561 ], [ 2.286938101143589, 48.863480763919817 ], [ 2.287245870689379, 48.86350238301339 ], [ 2.287579170809924, 48.863451305789518 ], [ 2.291512868977214, 48.868883344638562 ], [ 2.291574191963458, 48.868985333833272 ], [ 2.294776953107804, 48.868045543431471 ], [ 2.295341994041002, 48.867895982323518 ], [ 2.295560106466161, 48.867896366899522 ], [ 2.295118866003599, 48.867359556530502 ], [ 2.292657817185422, 48.865684839072422 ], [ 2.290322239066214, 48.864017107085111 ], [ 2.290469331971723, 48.86392624540612 ] ] ] ] } },
{ "type": "Feature", "properties": { "code_iris": "751166404", "nom_iris": "Chaillot 4", "type_iris": "H", "arr": "16e", "n": 88, "prix_med": 218.5, "pct_multi": 58.0, "pct_entire": 96.6, "ratio_lh": 1.35 }, "geometry": { "type": "MultiPolygon", "coordinates": [ [ [ [ 2.286222674448748, 48.866250996800694 ], [ 2.286468250961382, 48.866236272828068 ], [ 2.287683478228746, 48.867088000590812 ], [ 2.289813883882472, 48.869109804078349 ], [ 2.291512868977214, 48.868883344638562 ], [ 2.287579170809924, 48.863451305789518 ], [ 2.287245870689379, 48.86350238301339 ], [ 2.286938101143589, 48.863480763919817 ], [ 2.286222674448748, 48.866250996800694 ] ] ] ] } },
{ "type": "Feature", "properties": { "code_iris": "751166405", "nom_iris": "Chaillot 5", "type_iris": "H", "arr": "16e", "n": 60, "prix_med": 205.5, "pct_multi": 35.0, "pct_entire": 91.7, "ratio_lh": 1.05 }, "geometry": { "type": "MultiPolygon", "coordinates": [ [ [ [ 2.285401567061637, 48.869464865669038 ], [ 2.285564197283978, 48.869535086247659 ], [ 2.285645993948298, 48.869634502646754 ], [ 2.289813883882472, 48.869109804078349 ], [ 2.287683478228746, 48.867088000590812 ], [ 2.286468250961382, 48.866236272828068 ], [ 2.286222674448748, 48.866250996800694 ], [ 2.285401567061637, 48.869464865669038 ] ] ] ] } },
{ "type": "Feature", "properties": { "code_iris": "751166406", "nom_iris": "Chaillot 6", "type_iris": "H", "arr": "16e", "n": 79, "prix_med": 201.0, "pct_multi": 50.6, "pct_entire": 96.2, "ratio_lh": 1.1 }, "geometry": { "type": "MultiPolygon", "coordinates": [ [ [ [ 2.285401567061637, 48.869464865669038 ], [ 2.285318302054727, 48.869869974079229 ], [ 2.284692009848246, 48.872192841210023 ], [ 2.287222724804209, 48.872466949050825 ], [ 2.291574191963458, 48.868985333833272 ], [ 2.291512868977214, 48.868883344638562 ], [ 2.289813883882472, 48.869109804078349 ], [ 2.285645993948298, 48.869634502646754 ], [ 2.285564197283978, 48.869535086247659 ], [ 2.285401567061637, 48.869464865669038 ] ] ] ] } },
{ "type": "Feature", "properties": { "code_iris": "751166407", "nom_iris": "Chaillot 7", "type_iris": "H", "arr": "16e", "n": 100, "prix_med": 203.5, "pct_multi": 43.0, "pct_entire": 89.0, "ratio_lh": 1.19 }, "geometry": { "type": "MultiPolygon", "coordinates": [ [ [ [ 2.287203460504203, 48.876265659635756 ], [ 2.288939867143469, 48.875712998511382 ], [ 2.294248654029473, 48.874035665200708 ], [ 2.294153020019567, 48.873848937371278 ], [ 2.294162796152447, 48.873731181101647 ], [ 2.29247875335417, 48.87354946459255 ], [ 2.291423669698328, 48.872935267403598 ], [ 2.287222724804209, 48.872466949050825 ], [ 2.284692009848246, 48.872192841210023 ], [ 2.284526978165358, 48.872892444538948 ], [ 2.283966396279463, 48.875091585363464 ], [ 2.287040665487464, 48.876006579109472 ], [ 2.287203460504203, 48.876265659635756 ] ] ] ] } },
{ "type": "Feature", "properties": { "code_iris": "751166409", "nom_iris": "Chaillot 9", "type_iris": "H", "arr": "16e", "n": 89, "prix_med": 177.0, "pct_multi": 49.4, "pct_entire": 94.4, "ratio_lh": 1.19 }, "geometry": { "type": "MultiPolygon", "coordinates": [ [ [ [ 2.294248654029473, 48.874035665200708 ], [ 2.295032069299387, 48.87377317675093 ], [ 2.295542880656993, 48.873303129613525 ], [ 2.295124259748336, 48.873207133555752 ], [ 2.294646361782479, 48.873260077723408 ], [ 2.291574191963458, 48.868985333833272 ], [ 2.287222724804209, 48.872466949050825 ], [ 2.291423669698328, 48.872935267403598 ], [ 2.29247875335417, 48.87354946459255 ], [ 2.294162796152447, 48.873731181101647 ], [ 2.294153020019567, 48.873848937371278 ], [ 2.294248654029473, 48.874035665200708 ] ] ] ] } },
{ "type": "Feature", "properties": { "code_iris": "751176501", "nom_iris": "Ternes 1", "type_iris": "H", "arr": "17e", "n": 199, "prix_med": 180.0, "pct_multi": 52.3, "pct_entire": 84.9, "ratio_lh": 1.24 }, "geometry": { "type": "MultiPolygon", "coordinates": [ [ [ [ 2.29790844777493, 48.877745383292392 ], [ 2.295032069299387, 48.87377317675093 ], [ 2.294248654029473, 48.874035665200708 ], [ 2.288939867143469, 48.875712998511382 ], [ 2.289185196052344, 48.8760193323427 ], [ 2.289395555039572, 48.875990902978643 ], [ 2.2910625900004, 48.876625829226718 ], [ 2.292206943043186, 48.877097559856637 ], [ 2.29290042077006, 48.877438011278173 ], [ 2.294257830974438, 48.878389428524663 ], [ 2.294213394784396, 48.878649974865915 ], [ 2.297255249633726, 48.877953794677545 ], [ 2.29746787307063, 48.8778588133517 ], [ 2.29790844777493, 48.877745383292392 ] ] ] ] } },
{ "type": "Feature", "properties": { "code_iris": "751176502", "nom_iris": "Ternes 2", "type_iris": "H", "arr": "17e", "n": 53, "prix_med": 238.0, "pct_multi": 47.2, "pct_entire": 84.9, "ratio_lh": 1.15 }, "geometry": { "type": "MultiPolygon", "coordinates": [ [ [ [ 2.288939867143469, 48.875712998511382 ], [ 2.287203460504203, 48.876265659635756 ], [ 2.285462926939731, 48.876818270883021 ], [ 2.285599608843125, 48.876992659499138 ], [ 2.287895696838573, 48.877890391678612 ], [ 2.287887367512574, 48.878000960966673 ], [ 2.288008658822323, 48.878105106510382 ], [ 2.28815018125312, 48.878125733608378 ], [ 2.288320384843241, 48.878043106952539 ], [ 2.289587327851017, 48.878524584088105 ], [ 2.2910625900004, 48.876625829226718 ], [ 2.289395555039572, 48.875990902978643 ], [ 2.289185196052344, 48.8760193323427 ], [ 2.288939867143469, 48.875712998511382 ] ] ] ] } },
{ "type": "Feature", "properties": { "code_iris": "751176503", "nom_iris": "Ternes 3", "type_iris": "H", "arr": "17e", "n": 63, "prix_med": 212.0, "pct_multi": 49.2, "pct_entire": 84.1, "ratio_lh": 1.11 }, "geometry": { "type": "MultiPolygon", "coordinates": [ [ [ [ 2.294213394784396, 48.878649974865915 ], [ 2.294257830974438, 48.878389428524663 ], [ 2.29290042077006, 48.877438011278173 ], [ 2.292206943043186, 48.877097559856637 ], [ 2.2910625900004, 48.876625829226718 ], [ 2.289587327851017, 48.878524584088105 ], [ 2.290979263398433, 48.87904096268705 ], [ 2.291510652519806, 48.879269842719879 ], [ 2.294213394784396, 48.878649974865915 ] ] ] ] } },
{ "type": "Feature", "properties": { "code_iris": "751176504", "nom_iris": "Ternes 4", "type_iris": "H", "arr": "17e", "n": 102, "prix_med": 181.5, "pct_multi": 61.8, "pct_entire": 91.2, "ratio_lh": 1.36 }, "geometry": { "type": "MultiPolygon", "coordinates": [ [ [ [ 2.285462926939731, 48.876818270883021 ], [ 2.283618245332463, 48.877406207205816 ], [ 2.283724832274666, 48.877686540013308 ], [ 2.283987459312771, 48.878121593255635 ], [ 2.284138428783266, 48.87824840376399 ], [ 2.285148267132045, 48.880571135929486 ], [ 2.285286814950077, 48.880709561872962 ], [ 2.288393384418162, 48.879985214231795 ], [ 2.29071595596527, 48.879452199439442 ], [ 2.290979263398433, 48.87904096268705 ], [ 2.289587327851017, 48.878524584088105 ], [ 2.288320384843241, 48.878043106952539 ], [ 2.28815018125312, 48.878125733608378 ], [ 2.288008658822323, 48.878105106510382 ], [ 2.287887367512574, 48.878000960966673 ], [ 2.287895696838573, 48.877890391678612 ], [ 2.285599608843125, 48.876992659499138 ], [ 2.285462926939731, 48.876818270883021 ] ] ] ] } },
{ "type": "Feature", "properties": { "code_iris": "751176505", "nom_iris": "Ternes 5", "type_iris": "H", "arr": "17e", "n": 42, "prix_med": 127.5, "pct_multi": 23.8, "pct_entire": 92.9, "ratio_lh": 1.0 }, "geometry": { "type": "MultiPolygon", "coordinates": [ [ [ [ 2.281133964683096, 48.878197124361982 ], [ 2.279949332567544, 48.878573123987067 ], [ 2.279959643017464, 48.878616354341162 ], [ 2.280668770180329, 48.881768304010237 ], [ 2.280897352279332, 48.88279222370852 ], [ 2.281108010153241, 48.883040806412218 ], [ 2.284538198303594, 48.885574096674176 ], [ 2.284459571754662, 48.885639278206853 ], [ 2.28564161638002, 48.886554663565299 ], [ 2.287114077093996, 48.887278409200214 ], [ 2.288688176989797, 48.888052203099726 ], [ 2.29052921525, 48.888956161749867 ], [ 2.291147763745907, 48.889301570780276 ], [ 2.291779590675396, 48.889473484262147 ], [ 2.291740765329334, 48.889420194129187 ], [ 2.292562571291224, 48.887855719840267 ], [ 2.291828267986531, 48.887498841063511 ], [ 2.29046910854387, 48.886661610186451 ], [ 2.290284612633047, 48.88659036878078 ], [ 2.290057146370531, 48.886570134277513 ], [ 2.289836496072265, 48.886450113812508 ], [ 2.289095301907298, 48.886001444714694 ], [ 2.288696086238142, 48.885576386913563 ], [ 2.286247052525839, 48.884071614961215 ], [ 2.284127453291696, 48.882717150827688 ], [ 2.28390113091185, 48.882218464079799 ], [ 2.283345101047087, 48.881897670961465 ], [ 2.283997629386336, 48.881150628314444 ], [ 2.284302812521025, 48.880871859659806 ], [ 2.284089304891199, 48.880830112880759 ], [ 2.283892053719352, 48.88059780323978 ], [ 2.28180323667103, 48.87900335287538 ], [ 2.281204077406525, 48.878353131275439 ], [ 2.281133964683096, 48.878197124361982 ] ] ] ] } },
{ "type": "Feature", "properties": { "code_iris": "751176506", "nom_iris": "Ternes 6", "type_iris": "H", "arr": "17e", "n": 34, "prix_med": 165.0, "pct_multi": 32.4, "pct_entire": 94.1, "ratio_lh": 1.06 }, "geometry": { "type": "MultiPolygon", "coordinates": [ [ [ [ 2.286247052525839, 48.884071614961215 ], [ 2.287486651347012, 48.883072641898636 ], [ 2.286167280371848, 48.882231097822149 ], [ 2.286036433649753, 48.882226720246372 ], [ 2.285595682864928, 48.881950692591779 ], [ 2.285558936156576, 48.881846150204353 ], [ 2.284394893970828, 48.881117030031277 ], [ 2.284417347794841, 48.880971471494959 ], [ 2.284302812521025, 48.880871859659806 ], [ 2.283997629386336, 48.881150628314444 ], [ 2.283345101047087, 48.881897670961465 ], [ 2.28390113091185, 48.882218464079799 ], [ 2.284127453291696, 48.882717150827688 ], [ 2.286247052525839, 48.884071614961215 ] ] ] ] } },
{ "type": "Feature", "properties": { "code_iris": "751176507", "nom_iris": "Ternes 7", "type_iris": "H", "arr": "17e", "n": 71, "prix_med": 169.0, "pct_multi": 42.3, "pct_entire": 94.4, "ratio_lh": 1.16 }, "geometry": { "type": "MultiPolygon", "coordinates": [ [ [ [ 2.289956549348125, 48.880846168532052 ], [ 2.288393384418162, 48.879985214231795 ], [ 2.285286814950077, 48.880709561872962 ], [ 2.28510975026409, 48.880695014609294 ], [ 2.284302812521025, 48.880871859659806 ], [ 2.284417347794841, 48.880971471494959 ], [ 2.284394893970828, 48.881117030031277 ], [ 2.285558936156576, 48.881846150204353 ], [ 2.285595682864928, 48.881950692591779 ], [ 2.286036433649753, 48.882226720246372 ], [ 2.286167280371848, 48.882231097822149 ], [ 2.287486651347012, 48.883072641898636 ], [ 2.289956549348125, 48.880846168532052 ] ] ] ] } },
{ "type": "Feature", "properties": { "code_iris": "751176508", "nom_iris": "Ternes 8", "type_iris": "H", "arr": "17e", "n": 73, "prix_med": 190.0, "pct_multi": 39.7, "pct_entire": 89.0, "ratio_lh": 1.07 }, "geometry": { "type": "MultiPolygon", "coordinates": [ [ [ [ 2.288393384418162, 48.879985214231795 ], [ 2.289956549348125, 48.880846168532052 ], [ 2.291972126487449, 48.881933712637803 ], [ 2.293733238452664, 48.882887518089973 ], [ 2.295215767554544, 48.881558042708058 ], [ 2.29071595596527, 48.879452199439442 ], [ 2.288393384418162, 48.879985214231795 ] ] ] ] } },
{ "type": "Feature", "properties": { "code_iris": "751176509", "nom_iris": "Ternes 9", "type_iris": "H", "arr": "17e", "n": 57, "prix_med": 180.0, "pct_multi": 38.6, "pct_entire": 96.5, "ratio_lh": 1.08 }, "geometry": { "type": "MultiPolygon", "coordinates": [ [ [ [ 2.290979263398433, 48.87904096268705 ], [ 2.29071595596527, 48.879452199439442 ], [ 2.295215767554544, 48.881558042708058 ], [ 2.295544291092836, 48.881263195184658 ], [ 2.294213394784396, 48.878649974865915 ], [ 2.291510652519806, 48.879269842719879 ], [ 2.290979263398433, 48.87904096268705 ] ] ] ] } },
{ "type": "Feature", "properties": { "code_iris": "751176510", "nom_iris": "Ternes 10", "type_iris": "H", "arr": "17e", "n": 99, "prix_med": 178.0, "pct_multi": 51.5, "pct_entire": 90.9, "ratio_lh": 1.16 }, "geometry": { "type": "MultiPolygon", "coordinates": [ [ [ [ 2.300837245802401, 48.878658265589429 ], [ 2.29815486307795, 48.878076885672535 ], [ 2.29790844777493, 48.877745383292392 ], [ 2.29746787307063, 48.8778588133517 ], [ 2.297255249633726, 48.877953794677545 ], [ 2.294213394784396, 48.878649974865915 ], [ 2.295544291092836, 48.881263195184658 ], [ 2.296451138504033, 48.880451030572821 ], [ 2.297764007845977, 48.879457776083306 ], [ 2.298870024360766, 48.880051526083456 ], [ 2.300834264679148, 48.878778759494089 ], [ 2.300837245802401, 48.878658265589429 ] ] ] ] } },
{ "type": "Feature", "properties": { "code_iris": "751176511", "nom_iris": "Ternes 11", "type_iris": "H", "arr": "17e", "n": 45, "prix_med": 188.0, "pct_multi": 37.8, "pct_entire": 91.1, "ratio_lh": 1.1 }, "geometry": { "type": "MultiPolygon", "coordinates": [ [ [ [ 2.295544291092836, 48.881263195184658 ], [ 2.296391833554372, 48.882922957251132 ], [ 2.298558551115799, 48.881309672387019 ], [ 2.299652387819338, 48.88048059253326 ], [ 2.298870024360766, 48.880051526083456 ], [ 2.297764007845977, 48.879457776083306 ], [ 2.296451138504033, 48.880451030572821 ], [ 2.295544291092836, 48.881263195184658 ] ] ] ] } },
{ "type": "Feature", "properties": { "code_iris": "751176512", "nom_iris": "Ternes 12", "type_iris": "H", "arr": "17e", "n": 106, "prix_med": 118.0, "pct_multi": 63.2, "pct_entire": 97.2, "ratio_lh": 1.86 }, "geometry": { "type": "MultiPolygon", "coordinates": [ [ [ [ 2.290989841683732, 48.885375051055767 ], [ 2.292294981671087, 48.886171487887928 ], [ 2.293235148221277, 48.885526823416008 ], [ 2.293121436942136, 48.885464997458378 ], [ 2.293431532300591, 48.885425458491433 ], [ 2.293548049838734, 48.885280454016105 ], [ 2.294498693185075, 48.884464068300183 ], [ 2.29439705979349, 48.884416704004842 ], [ 2.296391833554372, 48.882922957251132 ], [ 2.295544291092836, 48.881263195184658 ], [ 2.295215767554544, 48.881558042708058 ], [ 2.293733238452664, 48.882887518089973 ], [ 2.292980414555692, 48.883598046286039 ], [ 2.29106166921609, 48.885107474893559 ], [ 2.290947884546867, 48.885251593861199 ], [ 2.290989841683732, 48.885375051055767 ] ] ] ] } },
{ "type": "Feature", "properties": { "code_iris": "751176513", "nom_iris": "Ternes 13", "type_iris": "H", "arr": "17e", "n": 27, "prix_med": 160.0, "pct_multi": 29.6, "pct_entire": 96.3, "ratio_lh": 1.04 }, "geometry": { "type": "MultiPolygon", "coordinates": [ [ [ [ 2.290989841683732, 48.885375051055767 ], [ 2.290947884546867, 48.885251593861199 ], [ 2.29106166921609, 48.885107474893559 ], [ 2.292980414555692, 48.883598046286039 ], [ 2.293733238452664, 48.882887518089973 ], [ 2.291972126487449, 48.881933712637803 ], [ 2.289225941953491, 48.884223337408159 ], [ 2.289511812921232, 48.884459760528848 ], [ 2.290989841683732, 48.885375051055767 ] ] ] ] } },
{ "type": "Feature", "properties": { "code_iris": "751176514", "nom_iris": "Ternes 14", "type_iris": "H", "arr": "17e", "n": 38, "prix_med": 149.0, "pct_multi": 36.8, "pct_entire": 86.8, "ratio_lh": 1.09 }, "geometry": { "type": "MultiPolygon", "coordinates": [ [ [ [ 2.287486651347012, 48.883072641898636 ], [ 2.288665730358335, 48.883805416878403 ], [ 2.288697460422243, 48.883878451545492 ], [ 2.289225941953491, 48.884223337408159 ], [ 2.291972126487449, 48.881933712637803 ], [ 2.289956549348125, 48.880846168532052 ], [ 2.287486651347012, 48.883072641898636 ] ] ] ] } },
{ "type": "Feature", "properties": { "code_iris": "751176515", "nom_iris": "Ternes 15", "type_iris": "H", "arr": "17e", "n": 22, "prix_med": 165.0, "pct_multi": 31.8, "pct_entire": 95.5, "ratio_lh": 1.0 }, "geometry": { "type": "MultiPolygon", "coordinates": [ [ [ [ 2.292294981671087, 48.886171487887928 ], [ 2.290989841683732, 48.885375051055767 ], [ 2.289511812921232, 48.884459760528848 ], [ 2.289225941953491, 48.884223337408159 ], [ 2.288697460422243, 48.883878451545492 ], [ 2.288665730358335, 48.883805416878403 ], [ 2.287486651347012, 48.883072641898636 ], [ 2.286247052525839, 48.884071614961215 ], [ 2.288696086238142, 48.885576386913563 ], [ 2.289095301907298, 48.886001444714694 ], [ 2.289836496072265, 48.886450113812508 ], [ 2.290057146370531, 48.886570134277513 ], [ 2.290284612633047, 48.88659036878078 ], [ 2.29046910854387, 48.886661610186451 ], [ 2.291828267986531, 48.887498841063511 ], [ 2.292562571291224, 48.887855719840267 ], [ 2.293037954235556, 48.887395371778496 ], [ 2.293782885067186, 48.887069712990382 ], [ 2.292294981671087, 48.886171487887928 ] ] ] ] } },
{ "type": "Feature", "properties": { "code_iris": "751176601", "nom_iris": "Plaine Monceau 1", "type_iris": "H", "arr": "17e", "n": 50, "prix_med": 182.0, "pct_multi": 42.0, "pct_entire": 86.0, "ratio_lh": 1.14 }, "geometry": { "type": "MultiPolygon", "coordinates": [ [ [ [ 2.316479725210513, 48.881341383876773 ], [ 2.312550891398833, 48.880851234377381 ], [ 2.311274667058536, 48.881876335850301 ], [ 2.312724803578299, 48.883275039355802 ], [ 2.31365605116342, 48.883801095262164 ], [ 2.31565016897788, 48.882105575615782 ], [ 2.316146851369608, 48.881665041988711 ], [ 2.316170916329887, 48.881597729375933 ], [ 2.316029438991886, 48.881468316385259 ], [ 2.316420292824783, 48.881402199288964 ], [ 2.316479725210513, 48.881341383876773 ] ] ] ] } },
{ "type": "Feature", "properties": { "code_iris": "751176602", "nom_iris": "Plaine Monceau 2", "type_iris": "H", "arr": "17e", "n": 46, "prix_med": 164.0, "pct_multi": 32.6, "pct_entire": 93.5, "ratio_lh": 1.05 }, "geometry": { "type": "MultiPolygon", "coordinates": [ [ [ [ 2.31365605116342, 48.883801095262164 ], [ 2.312724803578299, 48.883275039355802 ], [ 2.311274667058536, 48.881876335850301 ], [ 2.311147850132672, 48.881876505579086 ], [ 2.308994384028619, 48.882827282836949 ], [ 2.309008105985789, 48.88292359076771 ], [ 2.30727277266972, 48.883291282966653 ], [ 2.308712943282213, 48.883997489749412 ], [ 2.307208884250521, 48.88522357992791 ], [ 2.309563618593012, 48.885970137195187 ], [ 2.310323901867206, 48.885402544110441 ], [ 2.310734065119798, 48.885013696673361 ], [ 2.310882630543066, 48.885122471686458 ], [ 2.31365605116342, 48.883801095262164 ] ] ] ] } },
{ "type": "Feature", "properties": { "code_iris": "751176603", "nom_iris": "Plaine Monceau 3", "type_iris": "H", "arr": "17e", "n": 65, "prix_med": 150.0, "pct_multi": 38.5, "pct_entire": 89.2, "ratio_lh": 1.14 }, "geometry": { "type": "MultiPolygon", "coordinates": [ [ [ [ 2.312550891398833, 48.880851234377381 ], [ 2.308778523051354, 48.880392436220518 ], [ 2.304536942197272, 48.882196220890258 ], [ 2.303003869007504, 48.882835725983028 ], [ 2.304939286273978, 48.883927077759274 ], [ 2.307022600748067, 48.885080407394931 ], [ 2.307208884250521, 48.88522357992791 ], [ 2.308712943282213, 48.883997489749412 ], [ 2.30727277266972, 48.883291282966653 ], [ 2.309008105985789, 48.88292359076771 ], [ 2.308994384028619, 48.882827282836949 ], [ 2.311147850132672, 48.881876505579086 ], [ 2.311274667058536, 48.881876335850301 ], [ 2.312550891398833, 48.880851234377381 ] ] ] ] } },
{ "type": "Feature", "properties": { "code_iris": "751176604", "nom_iris": "Plaine Monceau 4", "type_iris": "H", "arr": "17e", "n": 63, "prix_med": 153.0, "pct_multi": 58.7, "pct_entire": 90.5, "ratio_lh": 1.19 }, "geometry": { "type": "MultiPolygon", "coordinates": [ [ [ [ 2.308778523051354, 48.880392436220518 ], [ 2.303141823521401, 48.879150150424032 ], [ 2.302196663476956, 48.880083553114318 ], [ 2.303952404870802, 48.880938250853603 ], [ 2.302954071371843, 48.881767925383215 ], [ 2.304536942197272, 48.882196220890258 ], [ 2.308778523051354, 48.880392436220518 ] ] ] ] } },
{ "type": "Feature", "properties": { "code_iris": "751176605", "nom_iris": "Plaine Monceau 5", "type_iris": "H", "arr": "17e", "n": 30, "prix_med": 157.5, "pct_multi": 46.7, "pct_entire": 90.0, "ratio_lh": 1.11 }, "geometry": { "type": "MultiPolygon", "coordinates": [ [ [ [ 2.304536942197272, 48.882196220890258 ], [ 2.302954071371843, 48.881767925383215 ], [ 2.303952404870802, 48.880938250853603 ], [ 2.302196663476956, 48.880083553114318 ], [ 2.300705544724492, 48.881561455684874 ], [ 2.301623704716739, 48.882035368983253 ], [ 2.303003869007504, 48.882835725983028 ], [ 2.304536942197272, 48.882196220890258 ] ] ] ] } },
{ "type": "Feature", "properties": { "code_iris": "751176606", "nom_iris": "Plaine Monceau 6", "type_iris": "H", "arr": "17e", "n": 39, "prix_med": 152.0, "pct_multi": 51.3, "pct_entire": 94.9, "ratio_lh": 1.08 }, "geometry": { "type": "MultiPolygon", "coordinates": [ [ [ [ 2.303141823521401, 48.879150150424032 ], [ 2.300837245802401, 48.878658265589429 ], [ 2.300834264679148, 48.878778759494089 ], [ 2.298870024360766, 48.880051526083456 ], [ 2.299652387819338, 48.88048059253326 ], [ 2.298558551115799, 48.881309672387019 ], [ 2.300550624107416, 48.881725129145167 ], [ 2.300705544724492, 48.881561455684874 ], [ 2.302196663476956, 48.880083553114318 ], [ 2.303141823521401, 48.879150150424032 ] ] ] ] } },
{ "type": "Feature", "properties": { "code_iris": "751176607", "nom_iris": "Plaine Monceau 7", "type_iris": "H", "arr": "17e", "n": 24, "prix_med": 127.0, "pct_multi": 41.7, "pct_entire": 91.7, "ratio_lh": 1.04 }, "geometry": { "type": "MultiPolygon", "coordinates": [ [ [ [ 2.296391833554372, 48.882922957251132 ], [ 2.297193942721047, 48.884517691780268 ], [ 2.297435171874224, 48.884528100889376 ], [ 2.297652432187421, 48.884596825600518 ], [ 2.300550624107416, 48.881725129145167 ], [ 2.298558551115799, 48.881309672387019 ], [ 2.296391833554372, 48.882922957251132 ] ] ] ] } },
{ "type": "Feature", "properties": { "code_iris": "751176608", "nom_iris": "Plaine Monceau 8", "type_iris": "H", "arr": "17e", "n": 24, "prix_med": 223.0, "pct_multi": 25.0, "pct_entire": 91.7, "ratio_lh": 1.0 }, "geometry": { "type": "MultiPolygon", "coordinates": [ [ [ [ 2.297652432187421, 48.884596825600518 ], [ 2.297810526189501, 48.884704773602635 ], [ 2.297907969054281, 48.884860929746146 ], [ 2.298381988502345, 48.884799855780933 ], [ 2.303003869007504, 48.882835725983028 ], [ 2.301623704716739, 48.882035368983253 ], [ 2.300705544724492, 48.881561455684874 ], [ 2.300550624107416, 48.881725129145167 ], [ 2.297652432187421, 48.884596825600518 ] ] ] ] } },
{ "type": "Feature", "properties": { "code_iris": "751176609", "nom_iris": "Plaine Monceau 9", "type_iris": "H", "arr": "17e", "n": 32, "prix_med": 208.5, "pct_multi": 43.8, "pct_entire": 90.6, "ratio_lh": 1.07 }, "geometry": { "type": "MultiPolygon", "coordinates": [ [ [ [ 2.30154349045158, 48.886592723372544 ], [ 2.303118845465809, 48.885350931892241 ], [ 2.303496349557963, 48.885266792604121 ], [ 2.303503110507873, 48.885067180089209 ], [ 2.304939286273978, 48.883927077759274 ], [ 2.303003869007504, 48.882835725983028 ], [ 2.298381988502345, 48.884799855780933 ], [ 2.297907969054281, 48.884860929746146 ], [ 2.297878799587306, 48.885102679365254 ], [ 2.298767312167128, 48.885553056314684 ], [ 2.299667438303913, 48.885952232381918 ], [ 2.300394691313012, 48.886227182987525 ], [ 2.30154349045158, 48.886592723372544 ] ] ] ] } },
{ "type": "Feature", "properties": { "code_iris": "751176610", "nom_iris": "Plaine Monceau 10", "type_iris": "H", "arr": "17e", "n": 27, "prix_med": 178.0, "pct_multi": 48.1, "pct_entire": 88.9, "ratio_lh": 1.04 }, "geometry": { "type": "MultiPolygon", "coordinates": [ [ [ [ 2.304530487801546, 48.887172192479504 ], [ 2.304718025918389, 48.887119321776765 ], [ 2.304904699355681, 48.887131197586015 ], [ 2.307208884250521, 48.88522357992791 ], [ 2.307022600748067, 48.885080407394931 ], [ 2.304939286273978, 48.883927077759274 ], [ 2.303503110507873, 48.885067180089209 ], [ 2.303496349557963, 48.885266792604121 ], [ 2.303118845465809, 48.885350931892241 ], [ 2.30154349045158, 48.886592723372544 ], [ 2.302659347082793, 48.886873523524088 ], [ 2.304530487801546, 48.887172192479504 ] ] ] ] } },
{ "type": "Feature", "properties": { "code_iris": "751176611", "nom_iris": "Plaine Monceau 11", "type_iris": "H", "arr": "17e", "n": 58, "prix_med": 189.0, "pct_multi": 32.8, "pct_entire": 93.1, "ratio_lh": 1.07 }, "geometry": { "type": "MultiPolygon", "coordinates": [ [ [ [ 2.307496031726398, 48.887523931761457 ], [ 2.309563618593012, 48.885970137195187 ], [ 2.307208884250521, 48.88522357992791 ], [ 2.304904699355681, 48.887131197586015 ], [ 2.304718025918389, 48.887119321776765 ], [ 2.304530487801546, 48.887172192479504 ], [ 2.3044242508065, 48.887264206443653 ], [ 2.304415546646642, 48.887405350809196 ], [ 2.304491412292265, 48.887545187764694 ], [ 2.304633561975761, 48.887623355810426 ], [ 2.303997141729791, 48.889732183608281 ], [ 2.303841360441795, 48.889857184052218 ], [ 2.304195171894978, 48.890017522379743 ], [ 2.307496031726398, 48.887523931761457 ] ] ] ] } },
{ "type": "Feature", "properties": { "code_iris": "751176612", "nom_iris": "Plaine Monceau 12", "type_iris": "H", "arr": "17e", "n": 51, "prix_med": 156.0, "pct_multi": 49.0, "pct_entire": 90.2, "ratio_lh": 1.13 }, "geometry": { "type": "MultiPolygon", "coordinates": [ [ [ [ 2.29798895871581, 48.88724913233434 ], [ 2.299699415408158, 48.888036170555452 ], [ 2.301326860271836, 48.888813705835247 ], [ 2.30154407062418, 48.888786194499076 ], [ 2.3018126312167, 48.888895680330656 ], [ 2.303841360441795, 48.889857184052218 ], [ 2.303997141729791, 48.889732183608281 ], [ 2.304633561975761, 48.887623355810426 ], [ 2.304491412292265, 48.887545187764694 ], [ 2.304415546646642, 48.887405350809196 ], [ 2.3044242508065, 48.887264206443653 ], [ 2.304530487801546, 48.887172192479504 ], [ 2.302659347082793, 48.886873523524088 ], [ 2.30154349045158, 48.886592723372544 ], [ 2.300394691313012, 48.886227182987525 ], [ 2.299667438303913, 48.885952232381918 ], [ 2.298767312167128, 48.885553056314684 ], [ 2.297878799587306, 48.885102679365254 ], [ 2.297659407346951, 48.885292950574154 ], [ 2.297266894205698, 48.885376983421928 ], [ 2.297256735536936, 48.885826590252208 ], [ 2.297311426304989, 48.886119194332316 ], [ 2.297469854014443, 48.886505937571563 ], [ 2.297638491464375, 48.886742551918765 ], [ 2.297991213702221, 48.88708186988606 ], [ 2.29798895871581, 48.88724913233434 ] ] ] ] } },
{ "type": "Feature", "properties": { "code_iris": "751176613", "nom_iris": "Plaine Monceau 13", "type_iris": "H", "arr": "17e", "n": 44, "prix_med": 151.5, "pct_multi": 72.7, "pct_entire": 95.5, "ratio_lh": 1.42 }, "geometry": { "type": "MultiPolygon", "coordinates": [ [ [ [ 2.297652432187421, 48.884596825600518 ], [ 2.297435171874224, 48.884528100889376 ], [ 2.297193942721047, 48.884517691780268 ], [ 2.296391833554372, 48.882922957251132 ], [ 2.29439705979349, 48.884416704004842 ], [ 2.294498693185075, 48.884464068300183 ], [ 2.293548049838734, 48.885280454016105 ], [ 2.293431532300591, 48.885425458491433 ], [ 2.293121436942136, 48.885464997458378 ], [ 2.293235148221277, 48.885526823416008 ], [ 2.29798895871581, 48.88724913233434 ], [ 2.297991213702221, 48.88708186988606 ], [ 2.297638491464375, 48.886742551918765 ], [ 2.297469854014443, 48.886505937571563 ], [ 2.297311426304989, 48.886119194332316 ], [ 2.297256735536936, 48.885826590252208 ], [ 2.297266894205698, 48.885376983421928 ], [ 2.297659407346951, 48.885292950574154 ], [ 2.297878799587306, 48.885102679365254 ], [ 2.297907969054281, 48.884860929746146 ], [ 2.297810526189501, 48.884704773602635 ], [ 2.297652432187421, 48.884596825600518 ] ] ] ] } },
{ "type": "Feature", "properties": { "code_iris": "751176614", "nom_iris": "Plaine Monceau 14", "type_iris": "H", "arr": "17e", "n": 19, "prix_med": 175.0, "pct_multi": 57.9, "pct_entire": 89.5, "ratio_lh": 1.06 }, "geometry": { "type": "MultiPolygon", "coordinates": [ [ [ [ 2.292294981671087, 48.886171487887928 ], [ 2.293782885067186, 48.887069712990382 ], [ 2.294083330835753, 48.887239659774913 ], [ 2.294350930655012, 48.887317680358045 ], [ 2.294716018325001, 48.887548261657059 ], [ 2.295158300890571, 48.887617416563678 ], [ 2.295417466861364, 48.887714271027185 ], [ 2.297863811421841, 48.888843811449192 ], [ 2.299567173956727, 48.888134323418441 ], [ 2.299699415408158, 48.888036170555452 ], [ 2.29798895871581, 48.88724913233434 ], [ 2.293235148221277, 48.885526823416008 ], [ 2.292294981671087, 48.886171487887928 ] ] ] ] } },
{ "type": "Feature", "properties": { "code_iris": "751176615", "nom_iris": "Plaine Monceau 15", "type_iris": "H", "arr": "17e", "n": 8, "prix_med": 101.0, "pct_multi": 37.5, "pct_entire": 100.0, "ratio_lh": 1.0 }, "geometry": { "type": "MultiPolygon", "coordinates": [ [ [ [ 2.302600977070498, 48.891028086440919 ], [ 2.303665846592256, 48.890233881534932 ], [ 2.303696552986489, 48.890079375589814 ], [ 2.303841360441795, 48.889857184052218 ], [ 2.3018126312167, 48.888895680330656 ], [ 2.30154407062418, 48.888786194499076 ], [ 2.301326860271836, 48.888813705835247 ], [ 2.299699415408158, 48.888036170555452 ], [ 2.299567173956727, 48.888134323418441 ], [ 2.297863811421841, 48.888843811449192 ], [ 2.301697772045237, 48.890646903526509 ], [ 2.302343713454047, 48.890990614724195 ], [ 2.302600977070498, 48.891028086440919 ] ] ] ] } },
{ "type": "Feature", "properties": { "code_iris": "751176616", "nom_iris": "Plaine Monceau 16", "type_iris": "H", "arr": "17e", "n": 13, "prix_med": 126.0, "pct_multi": 7.7, "pct_entire": 84.6, "ratio_lh": 1.0 }, "geometry": { "type": "MultiPolygon", "coordinates": [ [ [ [ 2.291779590675396, 48.889473484262147 ], [ 2.292747623772231, 48.889593420836491 ], [ 2.295013183223064, 48.889874781266563 ], [ 2.295579536585645, 48.890149711875509 ], [ 2.297326658916109, 48.891053909956526 ], [ 2.299608319530779, 48.892172551062437 ], [ 2.300588268146194, 48.89262884153036 ], [ 2.302600977070498, 48.891028086440919 ], [ 2.302343713454047, 48.890990614724195 ], [ 2.301697772045237, 48.890646903526509 ], [ 2.297863811421841, 48.888843811449192 ], [ 2.295417466861364, 48.887714271027185 ], [ 2.295158300890571, 48.887617416563678 ], [ 2.294716018325001, 48.887548261657059 ], [ 2.294350930655012, 48.887317680358045 ], [ 2.294083330835753, 48.887239659774913 ], [ 2.293782885067186, 48.887069712990382 ], [ 2.293037954235556, 48.887395371778496 ], [ 2.292562571291224, 48.887855719840267 ], [ 2.291740765329334, 48.889420194129187 ], [ 2.291779590675396, 48.889473484262147 ] ] ] ] } },
{ "type": "Feature", "properties": { "code_iris": "751176701", "nom_iris": "Batignolles 1", "type_iris": "H", "arr": "17e", "n": 65, "prix_med": 145.0, "pct_multi": 40.0, "pct_entire": 89.2, "ratio_lh": 1.2 }, "geometry": { "type": "MultiPolygon", "coordinates": [ [ [ [ 2.325595877207139, 48.887507635087324 ], [ 2.32638169139828, 48.885797937176868 ], [ 2.327423135703934, 48.883507800617409 ], [ 2.327164725373034, 48.883455086782497 ], [ 2.326846459419327, 48.883391243883025 ], [ 2.326783278406845, 48.883637305516693 ], [ 2.325323873449662, 48.885134570757408 ], [ 2.325398020044976, 48.885200639672391 ], [ 2.324322767830115, 48.88609300736033 ], [ 2.32304446148902, 48.886971626412112 ], [ 2.324645318907249, 48.88803557911276 ], [ 2.325595877207139, 48.887507635087324 ] ] ] ] } },
{ "type": "Feature", "properties": { "code_iris": "751176702", "nom_iris": "Batignolles 2", "type_iris": "H", "arr": "17e", "n": 70, "prix_med": 128.0, "pct_multi": 27.1, "pct_entire": 90.0, "ratio_lh": 1.09 }, "geometry": { "type": "MultiPolygon", "coordinates": [ [ [ [ 2.326846459419327, 48.883391243883025 ], [ 2.324273217775089, 48.882870424253397 ], [ 2.320493681357567, 48.882106183703257 ], [ 2.319257783067969, 48.883289879801417 ], [ 2.321179805878397, 48.883762150125811 ], [ 2.322424197643719, 48.884019213273746 ], [ 2.32351237644497, 48.88423041425672 ], [ 2.324081048275772, 48.884333451792855 ], [ 2.324776146911893, 48.88478254277053 ], [ 2.325323873449662, 48.885134570757408 ], [ 2.326783278406845, 48.883637305516693 ], [ 2.326846459419327, 48.883391243883025 ] ] ] ] } },
{ "type": "Feature", "properties": { "code_iris": "751176703", "nom_iris": "Batignolles 3", "type_iris": "H", "arr": "17e", "n": 63, "prix_med": 138.0, "pct_multi": 36.5, "pct_entire": 82.5, "ratio_lh": 1.11 }, "geometry": { "type": "MultiPolygon", "coordinates": [ [ [ [ 2.32304446148902, 48.886971626412112 ], [ 2.324322767830115, 48.88609300736033 ], [ 2.325398020044976, 48.885200639672391 ], [ 2.325323873449662, 48.885134570757408 ], [ 2.324776146911893, 48.88478254277053 ], [ 2.322375766065829, 48.886378783032427 ], [ 2.320193711188951, 48.887640763782173 ], [ 2.321056245659167, 48.888114207980422 ], [ 2.32304446148902, 48.886971626412112 ] ] ] ] } },
{ "type": "Feature", "properties": { "code_iris": "751176704", "nom_iris": "Batignolles 4", "type_iris": "H", "arr": "17e", "n": 57, "prix_med": 143.0, "pct_multi": 31.6, "pct_entire": 94.7, "ratio_lh": 1.08 }, "geometry": { "type": "MultiPolygon", "coordinates": [ [ [ [ 2.32351237644497, 48.88423041425672 ], [ 2.32164354731573, 48.885743307102864 ], [ 2.319369538736749, 48.887154940539439 ], [ 2.320193711188951, 48.887640763782173 ], [ 2.322375766065829, 48.886378783032427 ], [ 2.324776146911893, 48.88478254277053 ], [ 2.324081048275772, 48.884333451792855 ], [ 2.32351237644497, 48.88423041425672 ] ] ] ] } },
{ "type": "Feature", "properties": { "code_iris": "751176705", "nom_iris": "Batignolles 5", "type_iris": "H", "arr": "17e", "n": 52, "prix_med": 154.0, "pct_multi": 34.6, "pct_entire": 96.2, "ratio_lh": 1.16 }, "geometry": { "type": "MultiPolygon", "coordinates": [ [ [ [ 2.318457079224413, 48.886434783007061 ], [ 2.318517041415517, 48.886542144584595 ], [ 2.318446308098672, 48.886632574302411 ], [ 2.319369538736749, 48.887154940539439 ], [ 2.32164354731573, 48.885743307102864 ], [ 2.32351237644497, 48.88423041425672 ], [ 2.322424197643719, 48.884019213273746 ], [ 2.318457079224413, 48.886434783007061 ] ] ] ] } },
{ "type": "Feature", "properties": { "code_iris": "751176706", "nom_iris": "Batignolles 6", "type_iris": "H", "arr": "17e", "n": 58, "prix_med": 168.5, "pct_multi": 27.6, "pct_entire": 93.1, "ratio_lh": 1.05 }, "geometry": { "type": "MultiPolygon", "coordinates": [ [ [ [ 2.318457079224413, 48.886434783007061 ], [ 2.322424197643719, 48.884019213273746 ], [ 2.321179805878397, 48.883762150125811 ], [ 2.319257783067969, 48.883289879801417 ], [ 2.316825161615583, 48.885672743023591 ], [ 2.318106700734094, 48.886427392098113 ], [ 2.318340279180124, 48.886398144898372 ], [ 2.318457079224413, 48.886434783007061 ] ] ] ] } },
{ "type": "Feature", "properties": { "code_iris": "751176707", "nom_iris": "Batignolles 7", "type_iris": "H", "arr": "17e", "n": 47, "prix_med": 148.0, "pct_multi": 44.7, "pct_entire": 97.9, "ratio_lh": 1.21 }, "geometry": { "type": "MultiPolygon", "coordinates": [ [ [ [ 2.320493681357567, 48.882106183703257 ], [ 2.32044880312552, 48.882096935646764 ], [ 2.316479725210513, 48.881341383876773 ], [ 2.316420292824783, 48.881402199288964 ], [ 2.316029438991886, 48.881468316385259 ], [ 2.316170916329887, 48.881597729375933 ], [ 2.316146851369608, 48.881665041988711 ], [ 2.31565016897788, 48.882105575615782 ], [ 2.316529746997419, 48.882517098973693 ], [ 2.317052199166696, 48.882710739042707 ], [ 2.317654246216639, 48.882866159112943 ], [ 2.319257783067969, 48.883289879801417 ], [ 2.320493681357567, 48.882106183703257 ] ] ] ] } },
{ "type": "Feature", "properties": { "code_iris": "751176708", "nom_iris": "Batignolles 8", "type_iris": "H", "arr": "17e", "n": 52, "prix_med": 132.0, "pct_multi": 30.8, "pct_entire": 88.5, "ratio_lh": 1.0 }, "geometry": { "type": "MultiPolygon", "coordinates": [ [ [ [ 2.316825161615583, 48.885672743023591 ], [ 2.319257783067969, 48.883289879801417 ], [ 2.317654246216639, 48.882866159112943 ], [ 2.315485546026093, 48.884878176890503 ], [ 2.316825161615583, 48.885672743023591 ] ] ] ] } },
{ "type": "Feature", "properties": { "code_iris": "751176709", "nom_iris": "Batignolles 9", "type_iris": "H", "arr": "17e", "n": 75, "prix_med": 153.0, "pct_multi": 37.3, "pct_entire": 85.3, "ratio_lh": 1.14 }, "geometry": { "type": "MultiPolygon", "coordinates": [ [ [ [ 2.31565016897788, 48.882105575615782 ], [ 2.31365605116342, 48.883801095262164 ], [ 2.315485546026093, 48.884878176890503 ], [ 2.317654246216639, 48.882866159112943 ], [ 2.317052199166696, 48.882710739042707 ], [ 2.316529746997419, 48.882517098973693 ], [ 2.31565016897788, 48.882105575615782 ] ] ] ] } },
{ "type": "Feature", "properties": { "code_iris": "751176710", "nom_iris": "Batignolles 10", "type_iris": "H", "arr": "17e", "n": 92, "prix_med": 142.0, "pct_multi": 38.0, "pct_entire": 95.7, "ratio_lh": 1.15 }, "geometry": { "type": "MultiPolygon", "coordinates": [ [ [ [ 2.309563618593012, 48.885970137195187 ], [ 2.312636903775736, 48.886938412384396 ], [ 2.313929495943267, 48.886127435094203 ], [ 2.314009035306504, 48.88609371625936 ], [ 2.314093140593374, 48.886127473339528 ], [ 2.314209544581412, 48.88609036822816 ], [ 2.315485546026093, 48.884878176890503 ], [ 2.31365605116342, 48.883801095262164 ], [ 2.310882630543066, 48.885122471686458 ], [ 2.310734065119798, 48.885013696673361 ], [ 2.310323901867206, 48.885402544110441 ], [ 2.309563618593012, 48.885970137195187 ] ] ] ] } },
{ "type": "Feature", "properties": { "code_iris": "751176711", "nom_iris": "Batignolles 11", "type_iris": "H", "arr": "17e", "n": 34, "prix_med": 145.0, "pct_multi": 32.4, "pct_entire": 76.5, "ratio_lh": 1.1 }, "geometry": { "type": "MultiPolygon", "coordinates": [ [ [ [ 2.314086552445337, 48.887352323456817 ], [ 2.314645603873406, 48.887151376849559 ], [ 2.315683897256829, 48.886595234197209 ], [ 2.316413852128923, 48.886048114358751 ], [ 2.316825161615583, 48.885672743023591 ], [ 2.315485546026093, 48.884878176890503 ], [ 2.314209544581412, 48.88609036822816 ], [ 2.314093140593374, 48.886127473339528 ], [ 2.314009035306504, 48.88609371625936 ], [ 2.313929495943267, 48.886127435094203 ], [ 2.312636903775736, 48.886938412384396 ], [ 2.313819504406895, 48.887333706088313 ], [ 2.314086552445337, 48.887352323456817 ] ] ] ] } },
{ "type": "Feature", "properties": { "code_iris": "751176712", "nom_iris": "Batignolles 12", "type_iris": "H", "arr": "17e", "n": 55, "prix_med": 162.0, "pct_multi": 18.2, "pct_entire": 94.5, "ratio_lh": 1.0 }, "geometry": { "type": "MultiPolygon", "coordinates": [ [ [ [ 2.319369538736749, 48.887154940539439 ], [ 2.318446308098672, 48.886632574302411 ], [ 2.318517041415517, 48.886542144584595 ], [ 2.318457079224413, 48.886434783007061 ], [ 2.318340279180124, 48.886398144898372 ], [ 2.318106700734094, 48.886427392098113 ], [ 2.316825161615583, 48.885672743023591 ], [ 2.316413852128923, 48.886048114358751 ], [ 2.315683897256829, 48.886595234197209 ], [ 2.314645603873406, 48.887151376849559 ], [ 2.314086552445337, 48.887352323456817 ], [ 2.314268297117372, 48.887428008824948 ], [ 2.314973681957161, 48.887921281732382 ], [ 2.316682333758614, 48.889698225086079 ], [ 2.317968817087746, 48.888937533711641 ], [ 2.317259593882593, 48.888421774044616 ], [ 2.319369538736749, 48.887154940539439 ] ] ] ] } },
{ "type": "Feature", "properties": { "code_iris": "751176713", "nom_iris": "Batignolles 13", "type_iris": "H", "arr": "17e", "n": 77, "prix_med": 146.0, "pct_multi": 35.1, "pct_entire": 97.4, "ratio_lh": 1.26 }, "geometry": { "type": "MultiPolygon", "coordinates": [ [ [ [ 2.317189373357818, 48.890240713900241 ], [ 2.319545926285373, 48.888997768175287 ], [ 2.321056245659167, 48.888114207980422 ], [ 2.320193711188951, 48.887640763782173 ], [ 2.319369538736749, 48.887154940539439 ], [ 2.317259593882593, 48.888421774044616 ], [ 2.317968817087746, 48.888937533711641 ], [ 2.316682333758614, 48.889698225086079 ], [ 2.317189373357818, 48.890240713900241 ] ] ] ] } },
{ "type": "Feature", "properties": { "code_iris": "751176714", "nom_iris": "Batignolles 14", "type_iris": "H", "arr": "17e", "n": 68, "prix_med": 139.5, "pct_multi": 33.8, "pct_entire": 80.9, "ratio_lh": 1.1 }, "geometry": { "type": "MultiPolygon", "coordinates": [ [ [ [ 2.300588268146194, 48.89262884153036 ], [ 2.303774362351612, 48.894153778954433 ], [ 2.307687317214231, 48.896010186370233 ], [ 2.308675362659435, 48.89638101936572 ], [ 2.309534485272158, 48.896703436671956 ], [ 2.30999978701664, 48.896278040862157 ], [ 2.310189925225794, 48.896236868049833 ], [ 2.310449542959178, 48.896098968136265 ], [ 2.310584780172664, 48.896083558933597 ], [ 2.310652716999357, 48.89600031297396 ], [ 2.311979102604343, 48.895231824695287 ], [ 2.312970017680414, 48.894662845835768 ], [ 2.313332298581175, 48.894495850811879 ], [ 2.313697981093301, 48.894381034971822 ], [ 2.311655534073544, 48.893604886368223 ], [ 2.311761105542318, 48.893563224891729 ], [ 2.311994764331776, 48.893633815581111 ], [ 2.312147467671207, 48.893431445381417 ], [ 2.312085992425185, 48.893335763792848 ], [ 2.312480375753325, 48.89280293018146 ], [ 2.312619672927416, 48.892685918212521 ], [ 2.312698914516498, 48.892675581142747 ], [ 2.313007272247917, 48.892459713778514 ], [ 2.313139510718265, 48.892464069660001 ], [ 2.313628285664911, 48.892218658316473 ], [ 2.314055842155342, 48.892064625536676 ], [ 2.315411236101999, 48.891256693151185 ], [ 2.317260695137046, 48.89031396607264 ], [ 2.317189373357818, 48.890240713900241 ], [ 2.316682333758614, 48.889698225086079 ], [ 2.314973681957161, 48.887921281732382 ], [ 2.314268297117372, 48.887428008824948 ], [ 2.314086552445337, 48.887352323456817 ], [ 2.31256001863179, 48.887700602797295 ], [ 2.311788155282332, 48.887802289727951 ], [ 2.311195867194287, 48.887833957816873 ], [ 2.310216960767428, 48.888328349745926 ], [ 2.304607156724893, 48.890213271284715 ], [ 2.304195171894978, 48.890017522379743 ], [ 2.303841360441795, 48.889857184052218 ], [ 2.303696552986489, 48.890079375589814 ], [ 2.303665846592256, 48.890233881534932 ], [ 2.302600977070498, 48.891028086440919 ], [ 2.300588268146194, 48.89262884153036 ] ] ] ] } },
{ "type": "Feature", "properties": { "code_iris": "751176715", "nom_iris": "Batignolles 15", "type_iris": "H", "arr": "17e", "n": 65, "prix_med": 112.0, "pct_multi": 47.7, "pct_entire": 73.8, "ratio_lh": 1.38 }, "geometry": { "type": "MultiPolygon", "coordinates": [ [ [ [ 2.309563618593012, 48.885970137195187 ], [ 2.307496031726398, 48.887523931761457 ], [ 2.309174742469526, 48.88773417958005 ], [ 2.310347676376551, 48.887829075458875 ], [ 2.311195867194287, 48.887833957816873 ], [ 2.311788155282332, 48.887802289727951 ], [ 2.31256001863179, 48.887700602797295 ], [ 2.314086552445337, 48.887352323456817 ], [ 2.313819504406895, 48.887333706088313 ], [ 2.312636903775736, 48.886938412384396 ], [ 2.309563618593012, 48.885970137195187 ] ] ] ] } },
{ "type": "Feature", "properties": { "code_iris": "751176716", "nom_iris": "Batignolles 16", "type_iris": "H", "arr": "17e", "n": 28, "prix_med": 135.0, "pct_multi": 39.3, "pct_entire": 75.0, "ratio_lh": 1.04 }, "geometry": { "type": "MultiPolygon", "coordinates": [ [ [ [ 2.307496031726398, 48.887523931761457 ], [ 2.304195171894978, 48.890017522379743 ], [ 2.304607156724893, 48.890213271284715 ], [ 2.310216960767428, 48.888328349745926 ], [ 2.311195867194287, 48.887833957816873 ], [ 2.310347676376551, 48.887829075458875 ], [ 2.309174742469526, 48.88773417958005 ], [ 2.307496031726398, 48.887523931761457 ] ] ] ] } },
{ "type": "Feature", "properties": { "code_iris": "751176801", "nom_iris": "Épinettes 1", "type_iris": "H", "arr": "17e", "n": 89, "prix_med": 134.0, "pct_multi": 25.8, "pct_entire": 94.4, "ratio_lh": 1.03 }, "geometry": { "type": "MultiPolygon", "coordinates": [ [ [ [ 2.326633338808739, 48.890592770243764 ], [ 2.326283724581081, 48.889575464249234 ], [ 2.325595877207139, 48.887507635087324 ], [ 2.324645318907249, 48.88803557911276 ], [ 2.322749154759608, 48.889125646546916 ], [ 2.325209307275804, 48.891029020837394 ], [ 2.326633338808739, 48.890592770243764 ] ] ] ] } },
{ "type": "Feature", "properties": { "code_iris": "751176802", "nom_iris": "Épinettes 2", "type_iris": "H", "arr": "17e", "n": 84, "prix_med": 115.5, "pct_multi": 31.0, "pct_entire": 92.9, "ratio_lh": 1.04 }, "geometry": { "type": "MultiPolygon", "coordinates": [ [ [ [ 2.324645318907249, 48.88803557911276 ], [ 2.32304446148902, 48.886971626412112 ], [ 2.321056245659167, 48.888114207980422 ], [ 2.319545926285373, 48.888997768175287 ], [ 2.320751386306361, 48.890261871998064 ], [ 2.321244570955876, 48.889987675949982 ], [ 2.322749154759608, 48.889125646546916 ], [ 2.324645318907249, 48.88803557911276 ] ] ] ] } },
{ "type": "Feature", "properties": { "code_iris": "751176803", "nom_iris": "Épinettes 3", "type_iris": "H", "arr": "17e", "n": 69, "prix_med": 113.0, "pct_multi": 29.0, "pct_entire": 91.3, "ratio_lh": 1.05 }, "geometry": { "type": "MultiPolygon", "coordinates": [ [ [ [ 2.325209307275804, 48.891029020837394 ], [ 2.322749154759608, 48.889125646546916 ], [ 2.321244570955876, 48.889987675949982 ], [ 2.323019514383693, 48.891722631380929 ], [ 2.325209307275804, 48.891029020837394 ] ] ] ] } },
{ "type": "Feature", "properties": { "code_iris": "751176804", "nom_iris": "Épinettes 4", "type_iris": "H", "arr": "17e", "n": 55, "prix_med": 135.0, "pct_multi": 12.7, "pct_entire": 94.5, "ratio_lh": 1.02 }, "geometry": { "type": "MultiPolygon", "coordinates": [ [ [ [ 2.327445936834116, 48.89303990328002 ], [ 2.326876013741736, 48.891337876911777 ], [ 2.326633338808739, 48.890592770243764 ], [ 2.325209307275804, 48.891029020837394 ], [ 2.323019514383693, 48.891722631380929 ], [ 2.322337380101312, 48.891948100968655 ], [ 2.323086115564257, 48.892054858884933 ], [ 2.327445936834116, 48.89303990328002 ] ] ] ] } },
{ "type": "Feature", "properties": { "code_iris": "751176805", "nom_iris": "Épinettes 5", "type_iris": "H", "arr": "17e", "n": 56, "prix_med": 135.5, "pct_multi": 37.5, "pct_entire": 87.5, "ratio_lh": 1.24 }, "geometry": { "type": "MultiPolygon", "coordinates": [ [ [ [ 2.321205803228831, 48.891706068611136 ], [ 2.322337380101312, 48.891948100968655 ], [ 2.323019514383693, 48.891722631380929 ], [ 2.321244570955876, 48.889987675949982 ], [ 2.320751386306361, 48.890261871998064 ], [ 2.319059527615839, 48.891255911239973 ], [ 2.321205803228831, 48.891706068611136 ] ] ] ] } },
{ "type": "Feature", "properties": { "code_iris": "751176806", "nom_iris": "Épinettes 6", "type_iris": "H", "arr": "17e", "n": 65, "prix_med": 128.0, "pct_multi": 21.5, "pct_entire": 90.8, "ratio_lh": 1.03 }, "geometry": { "type": "MultiPolygon", "coordinates": [ [ [ [ 2.319545926285373, 48.888997768175287 ], [ 2.317189373357818, 48.890240713900241 ], [ 2.317260695137046, 48.89031396607264 ], [ 2.315411236101999, 48.891256693151185 ], [ 2.314055842155342, 48.892064625536676 ], [ 2.313628285664911, 48.892218658316473 ], [ 2.313139510718265, 48.892464069660001 ], [ 2.313007272247917, 48.892459713778514 ], [ 2.312698914516498, 48.892675581142747 ], [ 2.312619672927416, 48.892685918212521 ], [ 2.312480375753325, 48.89280293018146 ], [ 2.312085992425185, 48.893335763792848 ], [ 2.312147467671207, 48.893431445381417 ], [ 2.311994764331776, 48.893633815581111 ], [ 2.311761105542318, 48.893563224891729 ], [ 2.311655534073544, 48.893604886368223 ], [ 2.313697981093301, 48.894381034971822 ], [ 2.313777592478265, 48.894342820263518 ], [ 2.313800278836947, 48.894277299601569 ], [ 2.317528886078588, 48.892119543450256 ], [ 2.317885517532492, 48.891860771031226 ], [ 2.318443464337473, 48.891538392039024 ], [ 2.319059527615839, 48.891255911239973 ], [ 2.320751386306361, 48.890261871998064 ], [ 2.319545926285373, 48.888997768175287 ] ] ] ] } },
{ "type": "Feature", "properties": { "code_iris": "751176807", "nom_iris": "Épinettes 7", "type_iris": "H", "arr": "17e", "n": 74, "prix_med": 113.5, "pct_multi": 17.6, "pct_entire": 89.2, "ratio_lh": 1.01 }, "geometry": { "type": "MultiPolygon", "coordinates": [ [ [ [ 2.319059527615839, 48.891255911239973 ], [ 2.318443464337473, 48.891538392039024 ], [ 2.318573195569058, 48.89162996227445 ], [ 2.320610917313509, 48.894233394228984 ], [ 2.322712932858676, 48.893587895606657 ], [ 2.321205803228831, 48.891706068611136 ], [ 2.319059527615839, 48.891255911239973 ] ] ] ] } },
{ "type": "Feature", "properties": { "code_iris": "751176808", "nom_iris": "Épinettes 8", "type_iris": "H", "arr": "17e", "n": 76, "prix_med": 115.0, "pct_multi": 31.6, "pct_entire": 94.7, "ratio_lh": 1.06 }, "geometry": { "type": "MultiPolygon", "coordinates": [ [ [ [ 2.327449877193466, 48.893051616620006 ], [ 2.327445936834116, 48.89303990328002 ], [ 2.323086115564257, 48.892054858884933 ], [ 2.322337380101312, 48.891948100968655 ], [ 2.321205803228831, 48.891706068611136 ], [ 2.322712932858676, 48.893587895606657 ], [ 2.323423080593999, 48.893517266089532 ], [ 2.324801429436822, 48.893560119300268 ], [ 2.325365926885522, 48.893467073189569 ], [ 2.327449877193466, 48.893051616620006 ] ] ] ] } },
{ "type": "Feature", "properties": { "code_iris": "751176809", "nom_iris": "Épinettes 9", "type_iris": "H", "arr": "17e", "n": 60, "prix_med": 129.0, "pct_multi": 15.0, "pct_entire": 93.3, "ratio_lh": 1.02 }, "geometry": { "type": "MultiPolygon", "coordinates": [ [ [ [ 2.328992045900743, 48.897632419917812 ], [ 2.328293236097557, 48.895551970717825 ], [ 2.327449877193466, 48.893051616620006 ], [ 2.325365926885522, 48.893467073189569 ], [ 2.326625744099786, 48.895609155974874 ], [ 2.327467635470061, 48.897061793884838 ], [ 2.3278848991935, 48.897599231943879 ], [ 2.328992045900743, 48.897632419917812 ] ] ] ] } },
{ "type": "Feature", "properties": { "code_iris": "751176810", "nom_iris": "Épinettes 10", "type_iris": "H", "arr": "17e", "n": 36, "prix_med": 140.0, "pct_multi": 30.6, "pct_entire": 91.7, "ratio_lh": 1.12 }, "geometry": { "type": "MultiPolygon", "coordinates": [ [ [ [ 2.325365926885522, 48.893467073189569 ], [ 2.324801429436822, 48.893560119300268 ], [ 2.323423080593999, 48.893517266089532 ], [ 2.322712932858676, 48.893587895606657 ], [ 2.324500281294132, 48.895851693925948 ], [ 2.326625744099786, 48.895609155974874 ], [ 2.325365926885522, 48.893467073189569 ] ] ] ] } },
{ "type": "Feature", "properties": { "code_iris": "751176811", "nom_iris": "Épinettes 11", "type_iris": "H", "arr": "17e", "n": 53, "prix_med": 135.0, "pct_multi": 30.2, "pct_entire": 88.7, "ratio_lh": 1.08 }, "geometry": { "type": "MultiPolygon", "coordinates": [ [ [ [ 2.324500281294132, 48.895851693925948 ], [ 2.322712932858676, 48.893587895606657 ], [ 2.320610917313509, 48.894233394228984 ], [ 2.321860276779788, 48.895803498615514 ], [ 2.322983139721486, 48.895883596166669 ], [ 2.324500281294132, 48.895851693925948 ] ] ] ] } },
{ "type": "Feature", "properties": { "code_iris": "751176812", "nom_iris": "Épinettes 12", "type_iris": "H", "arr": "17e", "n": 37, "prix_med": 120.0, "pct_multi": 18.9, "pct_entire": 94.6, "ratio_lh": 1.0 }, "geometry": { "type": "MultiPolygon", "coordinates": [ [ [ [ 2.319297852728469, 48.894620740635808 ], [ 2.319816306829857, 48.894504076517258 ], [ 2.320610917313509, 48.894233394228984 ], [ 2.318573195569058, 48.89162996227445 ], [ 2.318443464337473, 48.891538392039024 ], [ 2.317885517532492, 48.891860771031226 ], [ 2.317528886078588, 48.892119543450256 ], [ 2.319297852728469, 48.894620740635808 ] ] ] ] } },
{ "type": "Feature", "properties": { "code_iris": "751176813", "nom_iris": "Épinettes 13", "type_iris": "H", "arr": "17e", "n": 30, "prix_med": 121.0, "pct_multi": 23.3, "pct_entire": 96.7, "ratio_lh": 1.07 }, "geometry": { "type": "MultiPolygon", "coordinates": [ [ [ [ 2.313697981093301, 48.894381034971822 ], [ 2.316354194963509, 48.895370195525942 ], [ 2.316424943784801, 48.895279767764229 ], [ 2.319297852728469, 48.894620740635808 ], [ 2.317528886078588, 48.892119543450256 ], [ 2.313800278836947, 48.894277299601569 ], [ 2.313777592478265, 48.894342820263518 ], [ 2.313697981093301, 48.894381034971822 ] ] ] ] } },
{ "type": "Feature", "properties": { "code_iris": "751176814", "nom_iris": "Épinettes 14", "type_iris": "H", "arr": "17e", "n": 30, "prix_med": 94.5, "pct_multi": 46.7, "pct_entire": 86.7, "ratio_lh": 1.25 }, "geometry": { "type": "MultiPolygon", "coordinates": [ [ [ [ 2.320610917313509, 48.894233394228984 ], [ 2.319816306829857, 48.894504076517258 ], [ 2.319297852728469, 48.894620740635808 ], [ 2.316424943784801, 48.895279767764229 ], [ 2.316354194963509, 48.895370195525942 ], [ 2.321590488403671, 48.89735240083197 ], [ 2.322306402460539, 48.897471567225658 ], [ 2.323296048261064, 48.897519431377383 ], [ 2.323199748668986, 48.89747751845163 ], [ 2.321860276779788, 48.895803498615514 ], [ 2.320610917313509, 48.894233394228984 ] ] ] ] } },
{ "type": "Feature", "properties": { "code_iris": "751176815", "nom_iris": "Épinettes 15", "type_iris": "H", "arr": "17e", "n": 23, "prix_med": 126.0, "pct_multi": 13.0, "pct_entire": 82.6, "ratio_lh": 1.0 }, "geometry": { "type": "MultiPolygon", "coordinates": [ [ [ [ 2.321860276779788, 48.895803498615514 ], [ 2.323199748668986, 48.89747751845163 ], [ 2.323296048261064, 48.897519431377383 ], [ 2.3278848991935, 48.897599231943879 ], [ 2.327467635470061, 48.897061793884838 ], [ 2.326625744099786, 48.895609155974874 ], [ 2.324500281294132, 48.895851693925948 ], [ 2.322983139721486, 48.895883596166669 ], [ 2.321860276779788, 48.895803498615514 ] ] ] ] } },
{ "type": "Feature", "properties": { "code_iris": "751176816", "nom_iris": "Épinettes 16", "type_iris": "H", "arr": "17e", "n": 22, "prix_med": 123.0, "pct_multi": 27.3, "pct_entire": 95.5, "ratio_lh": 1.05 }, "geometry": { "type": "MultiPolygon", "coordinates": [ [ [ [ 2.329466545990975, 48.899022727217805 ], [ 2.329014397884978, 48.897697296182933 ], [ 2.328992045900743, 48.897632419917812 ], [ 2.3278848991935, 48.897599231943879 ], [ 2.323296048261064, 48.897519431377383 ], [ 2.322306402460539, 48.897471567225658 ], [ 2.321590488403671, 48.89735240083197 ], [ 2.316354194963509, 48.895370195525942 ], [ 2.313697981093301, 48.894381034971822 ], [ 2.313332298581175, 48.894495850811879 ], [ 2.312970017680414, 48.894662845835768 ], [ 2.311979102604343, 48.895231824695287 ], [ 2.312556524858906, 48.895609259249873 ], [ 2.313664904744496, 48.896476268489891 ], [ 2.314552732589429, 48.896071262349949 ], [ 2.314667226411478, 48.896077313556077 ], [ 2.321654219424423, 48.89874221165973 ], [ 2.322093559252767, 48.898942549611363 ], [ 2.323038897602212, 48.898728462895519 ], [ 2.323333590059561, 48.898723833047242 ], [ 2.323809499329294, 48.898734614886735 ], [ 2.323889805695574, 48.898852879122273 ], [ 2.324053140068833, 48.898879881358376 ], [ 2.329466545990975, 48.899022727217805 ] ] ] ] } },
{ "type": "Feature", "properties": { "code_iris": "751176817", "nom_iris": "Épinettes 17", "type_iris": "H", "arr": "17e", "n": 13, "prix_med": 93.0, "pct_multi": 38.5, "pct_entire": 69.2, "ratio_lh": 1.08 }, "geometry": { "type": "MultiPolygon", "coordinates": [ [ [ [ 2.309534485272158, 48.896703436671956 ], [ 2.312451445254302, 48.897782317983889 ], [ 2.315106047800934, 48.898594326922037 ], [ 2.318520205834404, 48.899638128146897 ], [ 2.319887174744135, 48.900459782095623 ], [ 2.320434138736961, 48.900775849612181 ], [ 2.323269608756061, 48.900812588877976 ], [ 2.325836365736297, 48.900953868200794 ], [ 2.329737986512133, 48.901036020700808 ], [ 2.330147116964155, 48.901043705523968 ], [ 2.329466545990975, 48.899022727217805 ], [ 2.324053140068833, 48.898879881358376 ], [ 2.323889805695574, 48.898852879122273 ], [ 2.323809499329294, 48.898734614886735 ], [ 2.323333590059561, 48.898723833047242 ], [ 2.323038897602212, 48.898728462895519 ], [ 2.322093559252767, 48.898942549611363 ], [ 2.321654219424423, 48.89874221165973 ], [ 2.314667226411478, 48.896077313556077 ], [ 2.314552732589429, 48.896071262349949 ], [ 2.313664904744496, 48.896476268489891 ], [ 2.312556524858906, 48.895609259249873 ], [ 2.311979102604343, 48.895231824695287 ], [ 2.310652716999357, 48.89600031297396 ], [ 2.310584780172664, 48.896083558933597 ], [ 2.310449542959178, 48.896098968136265 ], [ 2.310189925225794, 48.896236868049833 ], [ 2.30999978701664, 48.896278040862157 ], [ 2.309534485272158, 48.896703436671956 ] ] ] ] } },
{ "type": "Feature", "properties": { "code_iris": "751186901", "nom_iris": "Grandes Carrières 1", "type_iris": "H", "arr": "18e", "n": 132, "prix_med": 144.0, "pct_multi": 30.3, "pct_entire": 90.9, "ratio_lh": 1.07 }, "geometry": { "type": "MultiPolygon", "coordinates": [ [ [ [ 2.337800457656781, 48.882325469084364 ], [ 2.337773141701889, 48.882328915321189 ], [ 2.336109461079046, 48.882763071918696 ], [ 2.33676637561633, 48.883861198494351 ], [ 2.336948202277596, 48.884360434533029 ], [ 2.334311325230097, 48.885392622515901 ], [ 2.33477071493555, 48.885833149101721 ], [ 2.336130103028415, 48.885422506113521 ], [ 2.337457050622776, 48.88488036604226 ], [ 2.337725798612813, 48.884764940055796 ], [ 2.338444416374844, 48.88423111368143 ], [ 2.339127258581009, 48.883936307193459 ], [ 2.337800457656781, 48.882325469084364 ] ] ] ] } },
{ "type": "Feature", "properties": { "code_iris": "751186902", "nom_iris": "Grandes Carrières 2", "type_iris": "H", "arr": "18e", "n": 119, "prix_med": 161.0, "pct_multi": 31.9, "pct_entire": 95.0, "ratio_lh": 1.19 }, "geometry": { "type": "MultiPolygon", "coordinates": [ [ [ [ 2.336109461079046, 48.882763071918696 ], [ 2.33274232791497, 48.883748906415946 ], [ 2.332843365292479, 48.883951818906709 ], [ 2.334311325230097, 48.885392622515901 ], [ 2.336948202277596, 48.884360434533029 ], [ 2.33676637561633, 48.883861198494351 ], [ 2.336109461079046, 48.882763071918696 ] ] ] ] } },
{ "type": "Feature", "properties": { "code_iris": "751186903", "nom_iris": "Grandes Carrières 3", "type_iris": "H", "arr": "18e", "n": 68, "prix_med": 198.0, "pct_multi": 36.8, "pct_entire": 98.5, "ratio_lh": 1.17 }, "geometry": { "type": "MultiPolygon", "coordinates": [ [ [ [ 2.33274232791497, 48.883748906415946 ], [ 2.332303072703811, 48.883867867243666 ], [ 2.329637790197905, 48.88455894849659 ], [ 2.330797897021441, 48.885436889164012 ], [ 2.332435890898639, 48.886484758204737 ], [ 2.332601737320709, 48.886632273319478 ], [ 2.33477071493555, 48.885833149101721 ], [ 2.334311325230097, 48.885392622515901 ], [ 2.332843365292479, 48.883951818906709 ], [ 2.33274232791497, 48.883748906415946 ] ] ] ] } },
{ "type": "Feature", "properties": { "code_iris": "751186904", "nom_iris": "Grandes Carrières 4", "type_iris": "H", "arr": "18e", "n": 112, "prix_med": 139.5, "pct_multi": 27.7, "pct_entire": 90.2, "ratio_lh": 1.11 }, "geometry": { "type": "MultiPolygon", "coordinates": [ [ [ [ 2.329637790197905, 48.88455894849659 ], [ 2.329540571639999, 48.884589880699714 ], [ 2.328121477639861, 48.883706876529409 ], [ 2.327423135703934, 48.883507800617409 ], [ 2.32638169139828, 48.885797937176868 ], [ 2.328600599230267, 48.887265514698413 ], [ 2.328559917332305, 48.88735342075767 ], [ 2.327613695365872, 48.888181788075478 ], [ 2.327504084541049, 48.888326863599602 ], [ 2.327883873308931, 48.888803840933107 ], [ 2.328719734798455, 48.889766312863472 ], [ 2.329279191498852, 48.890060829606909 ], [ 2.331779280305525, 48.888768086227245 ], [ 2.331854243881448, 48.888558961361703 ], [ 2.332733605551421, 48.887941530558045 ], [ 2.332503228962511, 48.886870046241057 ], [ 2.332601737320709, 48.886632273319478 ], [ 2.332435890898639, 48.886484758204737 ], [ 2.330797897021441, 48.885436889164012 ], [ 2.329637790197905, 48.88455894849659 ] ] ] ] } },
{ "type": "Feature", "properties": { "code_iris": "751186905", "nom_iris": "Grandes Carrières 5", "type_iris": "H", "arr": "18e", "n": 67, "prix_med": 134.0, "pct_multi": 28.4, "pct_entire": 92.5, "ratio_lh": 1.03 }, "geometry": { "type": "MultiPolygon", "coordinates": [ [ [ [ 2.32638169139828, 48.885797937176868 ], [ 2.325595877207139, 48.887507635087324 ], [ 2.326283724581081, 48.889575464249234 ], [ 2.327883873308931, 48.888803840933107 ], [ 2.327504084541049, 48.888326863599602 ], [ 2.327613695365872, 48.888181788075478 ], [ 2.328559917332305, 48.88735342075767 ], [ 2.328600599230267, 48.887265514698413 ], [ 2.32638169139828, 48.885797937176868 ] ] ] ] } },
{ "type": "Feature", "properties": { "code_iris": "751186906", "nom_iris": "Grandes Carrières 6", "type_iris": "H", "arr": "18e", "n": 75, "prix_med": 119.0, "pct_multi": 14.7, "pct_entire": 98.7, "ratio_lh": 1.03 }, "geometry": { "type": "MultiPolygon", "coordinates": [ [ [ [ 2.326283724581081, 48.889575464249234 ], [ 2.326633338808739, 48.890592770243764 ], [ 2.326876013741736, 48.891337876911777 ], [ 2.329430326284705, 48.891139068178582 ], [ 2.328885047596284, 48.890272660807213 ], [ 2.329279191498852, 48.890060829606909 ], [ 2.328719734798455, 48.889766312863472 ], [ 2.327883873308931, 48.888803840933107 ], [ 2.326283724581081, 48.889575464249234 ] ] ] ] } },
{ "type": "Feature", "properties": { "code_iris": "751186907", "nom_iris": "Grandes Carrières 7", "type_iris": "H", "arr": "18e", "n": 66, "prix_med": 124.5, "pct_multi": 30.3, "pct_entire": 89.4, "ratio_lh": 1.05 }, "geometry": { "type": "MultiPolygon", "coordinates": [ [ [ [ 2.334305301397213, 48.890557425767383 ], [ 2.333049846733483, 48.888485586800499 ], [ 2.332733605551421, 48.887941530558045 ], [ 2.331854243881448, 48.888558961361703 ], [ 2.331779280305525, 48.888768086227245 ], [ 2.329279191498852, 48.890060829606909 ], [ 2.328885047596284, 48.890272660807213 ], [ 2.329430326284705, 48.891139068178582 ], [ 2.331007399190336, 48.890995903447674 ], [ 2.331076521346659, 48.890817323883297 ], [ 2.331417005202968, 48.890960419493858 ], [ 2.334305301397213, 48.890557425767383 ] ] ] ] } },
{ "type": "Feature", "properties": { "code_iris": "751186908", "nom_iris": "Grandes Carrières 8", "type_iris": "H", "arr": "18e", "n": 116, "prix_med": 143.0, "pct_multi": 33.6, "pct_entire": 88.8, "ratio_lh": 1.16 }, "geometry": { "type": "MultiPolygon", "coordinates": [ [ [ [ 2.33477071493555, 48.885833149101721 ], [ 2.332601737320709, 48.886632273319478 ], [ 2.332503228962511, 48.886870046241057 ], [ 2.332733605551421, 48.887941530558045 ], [ 2.333901945260167, 48.887119754916505 ], [ 2.335610693053987, 48.886586054479814 ], [ 2.336804408631417, 48.886014404132553 ], [ 2.337983896691744, 48.885701669796873 ], [ 2.337457050622776, 48.88488036604226 ], [ 2.336130103028415, 48.885422506113521 ], [ 2.33477071493555, 48.885833149101721 ] ] ] ] } },
{ "type": "Feature", "properties": { "code_iris": "751186909", "nom_iris": "Grandes Carrières 9", "type_iris": "H", "arr": "18e", "n": 83, "prix_med": 140.0, "pct_multi": 30.1, "pct_entire": 92.8, "ratio_lh": 1.05 }, "geometry": { "type": "MultiPolygon", "coordinates": [ [ [ [ 2.33881914493355, 48.886293546613473 ], [ 2.338187368489395, 48.886323331348542 ], [ 2.337918112866114, 48.886156366341069 ], [ 2.337866978851628, 48.885995103770504 ], [ 2.337983896691744, 48.885701669796873 ], [ 2.336804408631417, 48.886014404132553 ], [ 2.335610693053987, 48.886586054479814 ], [ 2.333901945260167, 48.887119754916505 ], [ 2.332733605551421, 48.887941530558045 ], [ 2.333049846733483, 48.888485586800499 ], [ 2.333732504457795, 48.887892234046035 ], [ 2.333920521647332, 48.887799750051038 ], [ 2.334301767188754, 48.887633696015342 ], [ 2.334558405126486, 48.887720558685636 ], [ 2.334762060232705, 48.887684817908237 ], [ 2.335673659041966, 48.88742277887004 ], [ 2.337209841817573, 48.887267614551682 ], [ 2.337550234774854, 48.887202948054124 ], [ 2.338571925360965, 48.886753536492868 ], [ 2.33881914493355, 48.886293546613473 ] ] ] ] } },
{ "type": "Feature", "properties": { "code_iris": "751186910", "nom_iris": "Grandes Carrières 10", "type_iris": "H", "arr": "18e", "n": 76, "prix_med": 156.0, "pct_multi": 22.4, "pct_entire": 98.7, "ratio_lh": 1.01 }, "geometry": { "type": "MultiPolygon", "coordinates": [ [ [ [ 2.335776810386216, 48.890347960666261 ], [ 2.335715985268521, 48.890091315528181 ], [ 2.335743829098689, 48.889512304256286 ], [ 2.335800022885392, 48.888955933097009 ], [ 2.335573161595067, 48.888779305814168 ], [ 2.335474349545335, 48.888614180700685 ], [ 2.335567725733217, 48.888350296811652 ], [ 2.334762060232705, 48.887684817908237 ], [ 2.334558405126486, 48.887720558685636 ], [ 2.334301767188754, 48.887633696015342 ], [ 2.333920521647332, 48.887799750051038 ], [ 2.333732504457795, 48.887892234046035 ], [ 2.333049846733483, 48.888485586800499 ], [ 2.334305301397213, 48.890557425767383 ], [ 2.335776810386216, 48.890347960666261 ] ] ] ] } },
{ "type": "Feature", "properties": { "code_iris": "751186911", "nom_iris": "Grandes Carrières 11", "type_iris": "H", "arr": "18e", "n": 84, "prix_med": 151.5, "pct_multi": 25.0, "pct_entire": 91.7, "ratio_lh": 1.06 }, "geometry": { "type": "MultiPolygon", "coordinates": [ [ [ [ 2.335743829098689, 48.889512304256286 ], [ 2.340179357627927, 48.889690612596432 ], [ 2.339803989954437, 48.888532909865376 ], [ 2.339696303631185, 48.887023245439536 ], [ 2.339375712761318, 48.887032268975013 ], [ 2.339251867372738, 48.886904780407441 ], [ 2.339048658254792, 48.886798437488203 ], [ 2.33881914493355, 48.886293546613473 ], [ 2.338571925360965, 48.886753536492868 ], [ 2.337550234774854, 48.887202948054124 ], [ 2.337209841817573, 48.887267614551682 ], [ 2.335673659041966, 48.88742277887004 ], [ 2.334762060232705, 48.887684817908237 ], [ 2.335567725733217, 48.888350296811652 ], [ 2.335474349545335, 48.888614180700685 ], [ 2.335573161595067, 48.888779305814168 ], [ 2.335800022885392, 48.888955933097009 ], [ 2.335743829098689, 48.889512304256286 ] ] ] ] } },
{ "type": "Feature", "properties": { "code_iris": "751186912", "nom_iris": "Grandes Carrières 12", "type_iris": "H", "arr": "18e", "n": 63, "prix_med": 142.0, "pct_multi": 27.0, "pct_entire": 96.8, "ratio_lh": 1.05 }, "geometry": { "type": "MultiPolygon", "coordinates": [ [ [ [ 2.339639410853863, 48.891186810479667 ], [ 2.340647601406855, 48.891269707996599 ], [ 2.340179357627927, 48.889690612596432 ], [ 2.335743829098689, 48.889512304256286 ], [ 2.335715985268521, 48.890091315528181 ], [ 2.335776810386216, 48.890347960666261 ], [ 2.336641500515461, 48.890238539748708 ], [ 2.339639410853863, 48.891186810479667 ] ] ] ] } },
{ "type": "Feature", "properties": { "code_iris": "751186913", "nom_iris": "Grandes Carrières 13", "type_iris": "H", "arr": "18e", "n": 72, "prix_med": 144.0, "pct_multi": 38.9, "pct_entire": 98.6, "ratio_lh": 1.22 }, "geometry": { "type": "MultiPolygon", "coordinates": [ [ [ [ 2.334305301397213, 48.890557425767383 ], [ 2.334953772079551, 48.891680688298138 ], [ 2.339639410853863, 48.891186810479667 ], [ 2.336641500515461, 48.890238539748708 ], [ 2.335776810386216, 48.890347960666261 ], [ 2.334305301397213, 48.890557425767383 ] ] ] ] } },
{ "type": "Feature", "properties": { "code_iris": "751186914", "nom_iris": "Grandes Carrières 14", "type_iris": "H", "arr": "18e", "n": 45, "prix_med": 119.0, "pct_multi": 22.2, "pct_entire": 93.3, "ratio_lh": 1.0 }, "geometry": { "type": "MultiPolygon", "coordinates": [ [ [ [ 2.331899329854386, 48.892166407859435 ], [ 2.333503323157145, 48.891839898323362 ], [ 2.334953772079551, 48.891680688298138 ], [ 2.334305301397213, 48.890557425767383 ], [ 2.331417005202968, 48.890960419493858 ], [ 2.331076521346659, 48.890817323883297 ], [ 2.331007399190336, 48.890995903447674 ], [ 2.329430326284705, 48.891139068178582 ], [ 2.33026386861958, 48.892499015201594 ], [ 2.331899329854386, 48.892166407859435 ] ] ] ] } },
{ "type": "Feature", "properties": { "code_iris": "751186915", "nom_iris": "Grandes Carrières 15", "type_iris": "H", "arr": "18e", "n": 39, "prix_med": 135.0, "pct_multi": 17.9, "pct_entire": 87.2, "ratio_lh": 1.03 }, "geometry": { "type": "MultiPolygon", "coordinates": [ [ [ [ 2.326876013741736, 48.891337876911777 ], [ 2.327445936834116, 48.89303990328002 ], [ 2.327474495108444, 48.893046358936594 ], [ 2.33026386861958, 48.892499015201594 ], [ 2.329430326284705, 48.891139068178582 ], [ 2.326876013741736, 48.891337876911777 ] ] ] ] } },
{ "type": "Feature", "properties": { "code_iris": "751186916", "nom_iris": "Grandes Carrières 16", "type_iris": "H", "arr": "18e", "n": 32, "prix_med": 159.5, "pct_multi": 25.0, "pct_entire": 96.9, "ratio_lh": 1.0 }, "geometry": { "type": "MultiPolygon", "coordinates": [ [ [ [ 2.332611780707779, 48.894147992456666 ], [ 2.333723148599297, 48.892993155340861 ], [ 2.333598215878961, 48.89241779244059 ], [ 2.332802259720443, 48.89248170887435 ], [ 2.332065419519686, 48.892615197706824 ], [ 2.331899329854386, 48.892166407859435 ], [ 2.33026386861958, 48.892499015201594 ], [ 2.327474495108444, 48.893046358936594 ], [ 2.332611780707779, 48.894147992456666 ] ] ] ] } },
{ "type": "Feature", "properties": { "code_iris": "751186917", "nom_iris": "Grandes Carrières 17", "type_iris": "H", "arr": "18e", "n": 41, "prix_med": 140.0, "pct_multi": 17.1, "pct_entire": 95.1, "ratio_lh": 1.0 }, "geometry": { "type": "MultiPolygon", "coordinates": [ [ [ [ 2.334953772079551, 48.891680688298138 ], [ 2.333503323157145, 48.891839898323362 ], [ 2.331899329854386, 48.892166407859435 ], [ 2.332065419519686, 48.892615197706824 ], [ 2.332802259720443, 48.89248170887435 ], [ 2.333598215878961, 48.89241779244059 ], [ 2.333723148599297, 48.892993155340861 ], [ 2.332611780707779, 48.894147992456666 ], [ 2.336378560901363, 48.893641023632327 ], [ 2.334953772079551, 48.891680688298138 ] ] ] ] } },
{ "type": "Feature", "properties": { "code_iris": "751186918", "nom_iris": "Grandes Carrières 18", "type_iris": "H", "arr": "18e", "n": 114, "prix_med": 120.5, "pct_multi": 28.9, "pct_entire": 94.7, "ratio_lh": 1.11 }, "geometry": { "type": "MultiPolygon", "coordinates": [ [ [ [ 2.334953772079551, 48.891680688298138 ], [ 2.336378560901363, 48.893641023632327 ], [ 2.340207117089097, 48.893096505339152 ], [ 2.339639410853863, 48.891186810479667 ], [ 2.334953772079551, 48.891680688298138 ] ] ] ] } },
{ "type": "Feature", "properties": { "code_iris": "751186919", "nom_iris": "Grandes Carrières 19", "type_iris": "H", "arr": "18e", "n": 104, "prix_med": 120.5, "pct_multi": 17.3, "pct_entire": 95.2, "ratio_lh": 1.04 }, "geometry": { "type": "MultiPolygon", "coordinates": [ [ [ [ 2.341355864305613, 48.895763921017789 ], [ 2.340734897417728, 48.894823411995297 ], [ 2.340207117089097, 48.893096505339152 ], [ 2.336378560901363, 48.893641023632327 ], [ 2.337599491444616, 48.895337608804041 ], [ 2.339530947373315, 48.895759266201829 ], [ 2.341355864305613, 48.895763921017789 ] ] ] ] } },
{ "type": "Feature", "properties": { "code_iris": "751186920", "nom_iris": "Grandes Carrières 20", "type_iris": "H", "arr": "18e", "n": 40, "prix_med": 113.0, "pct_multi": 20.0, "pct_entire": 95.0, "ratio_lh": 1.03 }, "geometry": { "type": "MultiPolygon", "coordinates": [ [ [ [ 2.33847222722269, 48.896748070606677 ], [ 2.34229468805647, 48.897242166186118 ], [ 2.341355864305613, 48.895763921017789 ], [ 2.339530947373315, 48.895759266201829 ], [ 2.337599491444616, 48.895337608804041 ], [ 2.33847040214832, 48.896677014265258 ], [ 2.33847222722269, 48.896748070606677 ] ] ] ] } },
{ "type": "Feature", "properties": { "code_iris": "751186921", "nom_iris": "Grandes Carrières 21", "type_iris": "H", "arr": "18e", "n": 20, "prix_med": 115.0, "pct_multi": 25.0, "pct_entire": 100.0, "ratio_lh": 1.0 }, "geometry": { "type": "MultiPolygon", "coordinates": [ [ [ [ 2.337599491444616, 48.895337608804041 ], [ 2.336378560901363, 48.893641023632327 ], [ 2.332611780707779, 48.894147992456666 ], [ 2.332680401893353, 48.894221219981191 ], [ 2.337599491444616, 48.895337608804041 ] ] ] ] } },
{ "type": "Feature", "properties": { "code_iris": "751186922", "nom_iris": "Grandes Carrières 22", "type_iris": "H", "arr": "18e", "n": 34, "prix_med": 103.5, "pct_multi": 20.6, "pct_entire": 97.1, "ratio_lh": 1.03 }, "geometry": { "type": "MultiPolygon", "coordinates": [ [ [ [ 2.331033073476502, 48.895791238100017 ], [ 2.332974623410611, 48.896061072443644 ], [ 2.33847222722269, 48.896748070606677 ], [ 2.33847040214832, 48.896677014265258 ], [ 2.337599491444616, 48.895337608804041 ], [ 2.332680401893353, 48.894221219981191 ], [ 2.332611780707779, 48.894147992456666 ], [ 2.331033073476502, 48.895791238100017 ] ] ] ] } },
{ "type": "Feature", "properties": { "code_iris": "751186923", "nom_iris": "Grandes Carrières 23", "type_iris": "H", "arr": "18e", "n": 47, "prix_med": 116.0, "pct_multi": 14.9, "pct_entire": 93.6, "ratio_lh": 1.02 }, "geometry": { "type": "MultiPolygon", "coordinates": [ [ [ [ 2.327445936834116, 48.89303990328002 ], [ 2.327449877193466, 48.893051616620006 ], [ 2.328293236097557, 48.895551970717825 ], [ 2.32979097922808, 48.895648495683915 ], [ 2.331033073476502, 48.895791238100017 ], [ 2.332611780707779, 48.894147992456666 ], [ 2.327474495108444, 48.893046358936594 ], [ 2.327445936834116, 48.89303990328002 ] ] ] ] } },
{ "type": "Feature", "properties": { "code_iris": "751186924", "nom_iris": "Grandes Carrières 24", "type_iris": "H", "arr": "18e", "n": 38, "prix_med": 127.0, "pct_multi": 36.8, "pct_entire": 97.4, "ratio_lh": 1.06 }, "geometry": { "type": "MultiPolygon", "coordinates": [ [ [ [ 2.328293236097557, 48.895551970717825 ], [ 2.328992045900743, 48.897632419917812 ], [ 2.329014397884978, 48.897697296182933 ], [ 2.329125763549517, 48.897734792195109 ], [ 2.331444046614778, 48.897776534520283 ], [ 2.331897016239863, 48.897767371180784 ], [ 2.332211766200478, 48.89768728857068 ], [ 2.333385864430148, 48.897711816008112 ], [ 2.334037745859674, 48.897720838666181 ], [ 2.333994496854079, 48.897583002291633 ], [ 2.332974623410611, 48.896061072443644 ], [ 2.331033073476502, 48.895791238100017 ], [ 2.32979097922808, 48.895648495683915 ], [ 2.328293236097557, 48.895551970717825 ] ] ] ] } },
{ "type": "Feature", "properties": { "code_iris": "751186925", "nom_iris": "Grandes Carrières 25", "type_iris": "H", "arr": "18e", "n": 44, "prix_med": 96.0, "pct_multi": 18.2, "pct_entire": 90.9, "ratio_lh": 1.02 }, "geometry": { "type": "MultiPolygon", "coordinates": [ [ [ [ 2.34229468805647, 48.897242166186118 ], [ 2.33847222722269, 48.896748070606677 ], [ 2.332974623410611, 48.896061072443644 ], [ 2.333994496854079, 48.897583002291633 ], [ 2.334037745859674, 48.897720838666181 ], [ 2.337428941130424, 48.89780709725062 ], [ 2.340847642339006, 48.897876324082304 ], [ 2.341530829004644, 48.897890874142675 ], [ 2.341689236272465, 48.897984374789438 ], [ 2.342752709025277, 48.898020792643983 ], [ 2.34229468805647, 48.897242166186118 ] ] ] ] } },
{ "type": "Feature", "properties": { "code_iris": "751186926", "nom_iris": "Grandes Carrières 26", "type_iris": "H", "arr": "18e", "n": 11, "prix_med": 158.0, "pct_multi": 36.4, "pct_entire": 54.5, "ratio_lh": 1.38 }, "geometry": { "type": "MultiPolygon", "coordinates": [ [ [ [ 2.335171130235882, 48.901147241479613 ], [ 2.343755951427352, 48.901320491683101 ], [ 2.344128257927195, 48.901327926949577 ], [ 2.344299105447523, 48.901193065775715 ], [ 2.344124071433594, 48.900685792628828 ], [ 2.344176089120841, 48.898614051593945 ], [ 2.34410782937208, 48.89818560249838 ], [ 2.344147548723893, 48.898064412084004 ], [ 2.342752709025277, 48.898020792643983 ], [ 2.341689236272465, 48.897984374789438 ], [ 2.341530829004644, 48.897890874142675 ], [ 2.340847642339006, 48.897876324082304 ], [ 2.340799123939089, 48.899230429958308 ], [ 2.336296290611516, 48.899131816961237 ], [ 2.335461468688544, 48.900522928391375 ], [ 2.335171130235882, 48.901147241479613 ] ] ] ] } },
{ "type": "Feature", "properties": { "code_iris": "751186927", "nom_iris": "Grandes Carrières 27", "type_iris": "H", "arr": "18e", "n": 4, "prix_med": 60.5, "pct_multi": 50.0, "pct_entire": 50.0, "ratio_lh": 1.33 }, "geometry": { "type": "MultiPolygon", "coordinates": [ [ [ [ 2.337428941130424, 48.89780709725062 ], [ 2.336296290611516, 48.899131816961237 ], [ 2.340799123939089, 48.899230429958308 ], [ 2.340847642339006, 48.897876324082304 ], [ 2.337428941130424, 48.89780709725062 ] ] ] ] } },
{ "type": "Feature", "properties": { "code_iris": "751186928", "nom_iris": "Grandes Carrières 28", "type_iris": "H", "arr": "18e", "n": 2, "prix_med": 154.5, "pct_multi": 0.0, "pct_entire": 0.0, "ratio_lh": 1.0 }, "geometry": { "type": "MultiPolygon", "coordinates": [ [ [ [ 2.334037745859674, 48.897720838666181 ], [ 2.333385864430148, 48.897711816008112 ], [ 2.334202134818736, 48.898838706716155 ], [ 2.334429502481016, 48.899085484392131 ], [ 2.334770191006433, 48.899110759505518 ], [ 2.334714590017648, 48.900472916782839 ], [ 2.335461468688544, 48.900522928391375 ], [ 2.336296290611516, 48.899131816961237 ], [ 2.337428941130424, 48.89780709725062 ], [ 2.334037745859674, 48.897720838666181 ] ] ] ] } },
{ "type": "Feature", "properties": { "code_iris": "751187001", "nom_iris": "Clignancourt 1", "type_iris": "H", "arr": "18e", "n": 128, "prix_med": 120.5, "pct_multi": 29.7, "pct_entire": 89.1, "ratio_lh": 1.05 }, "geometry": { "type": "MultiPolygon", "coordinates": [ [ [ [ 2.349464985893749, 48.883724922998049 ], [ 2.346909326916857, 48.883414230779763 ], [ 2.347201265819183, 48.884601138968087 ], [ 2.347668519384837, 48.886925750168444 ], [ 2.348012971212918, 48.888387232827021 ], [ 2.349238382988341, 48.887454103444981 ], [ 2.349339686127109, 48.887423177560201 ], [ 2.349571472218448, 48.887427134869533 ], [ 2.349517533212377, 48.885413248384886 ], [ 2.349515408276586, 48.885255854435478 ], [ 2.349464985893749, 48.883724922998049 ] ] ] ] } },
{ "type": "Feature", "properties": { "code_iris": "751187002", "nom_iris": "Clignancourt 2", "type_iris": "H", "arr": "18e", "n": 162, "prix_med": 151.5, "pct_multi": 35.2, "pct_entire": 91.4, "ratio_lh": 1.13 }, "geometry": { "type": "MultiPolygon", "coordinates": [ [ [ [ 2.346909326916857, 48.883414230779763 ], [ 2.34195931462228, 48.882444628201839 ], [ 2.341729818687769, 48.883447919009697 ], [ 2.341443412595287, 48.883990438688741 ], [ 2.341588198700319, 48.884079369315018 ], [ 2.34264339038566, 48.884317194451157 ], [ 2.344841268818521, 48.88445244960598 ], [ 2.3448938663817, 48.884824160300042 ], [ 2.347201265819183, 48.884601138968087 ], [ 2.346909326916857, 48.883414230779763 ] ] ] ] } },
{ "type": "Feature", "properties": { "code_iris": "751187003", "nom_iris": "Clignancourt 3", "type_iris": "H", "arr": "18e", "n": 89, "prix_med": 168.0, "pct_multi": 32.6, "pct_entire": 91.0, "ratio_lh": 1.03 }, "geometry": { "type": "MultiPolygon", "coordinates": [ [ [ [ 2.34195931462228, 48.882444628201839 ], [ 2.33980196854301, 48.882023555476984 ], [ 2.339550582183016, 48.88206173956511 ], [ 2.337800457656781, 48.882325469084364 ], [ 2.339127258581009, 48.883936307193459 ], [ 2.339742606627416, 48.883694185072315 ], [ 2.339741304759405, 48.883581761600439 ], [ 2.341729818687769, 48.883447919009697 ], [ 2.34195931462228, 48.882444628201839 ] ] ] ] } },
{ "type": "Feature", "properties": { "code_iris": "751187004", "nom_iris": "Clignancourt 4", "type_iris": "H", "arr": "18e", "n": 114, "prix_med": 135.0, "pct_multi": 23.7, "pct_entire": 95.6, "ratio_lh": 1.03 }, "geometry": { "type": "MultiPolygon", "coordinates": [ [ [ [ 2.341443412595287, 48.883990438688741 ], [ 2.341729818687769, 48.883447919009697 ], [ 2.339741304759405, 48.883581761600439 ], [ 2.339742606627416, 48.883694185072315 ], [ 2.339127258581009, 48.883936307193459 ], [ 2.338444416374844, 48.88423111368143 ], [ 2.337725798612813, 48.884764940055796 ], [ 2.337457050622776, 48.88488036604226 ], [ 2.337983896691744, 48.885701669796873 ], [ 2.337866978851628, 48.885995103770504 ], [ 2.337918112866114, 48.886156366341069 ], [ 2.338494740645505, 48.885959003257796 ], [ 2.338565482395115, 48.885543004876766 ], [ 2.340829418028183, 48.884880094142545 ], [ 2.340973595226965, 48.884801746848282 ], [ 2.341072956117444, 48.884708763471153 ], [ 2.341443412595287, 48.883990438688741 ] ] ] ] } },
{ "type": "Feature", "properties": { "code_iris": "751187005", "nom_iris": "Clignancourt 5", "type_iris": "H", "arr": "18e", "n": 194, "prix_med": 134.0, "pct_multi": 33.0, "pct_entire": 94.8, "ratio_lh": 1.09 }, "geometry": { "type": "MultiPolygon", "coordinates": [ [ [ [ 2.345065268542444, 48.886375539879566 ], [ 2.3448938663817, 48.884824160300042 ], [ 2.344841268818521, 48.88445244960598 ], [ 2.34264339038566, 48.884317194451157 ], [ 2.341588198700319, 48.884079369315018 ], [ 2.341443412595287, 48.883990438688741 ], [ 2.341072956117444, 48.884708763471153 ], [ 2.340973595226965, 48.884801746848282 ], [ 2.340829418028183, 48.884880094142545 ], [ 2.338565482395115, 48.885543004876766 ], [ 2.338494740645505, 48.885959003257796 ], [ 2.337918112866114, 48.886156366341069 ], [ 2.338187368489395, 48.886323331348542 ], [ 2.33881914493355, 48.886293546613473 ], [ 2.339048658254792, 48.886798437488203 ], [ 2.339251867372738, 48.886904780407441 ], [ 2.339375712761318, 48.887032268975013 ], [ 2.339696303631185, 48.887023245439536 ], [ 2.340216930649176, 48.886940679297915 ], [ 2.340470387099836, 48.886848545598319 ], [ 2.340653400900846, 48.886719151033837 ], [ 2.341185057505752, 48.886626748816475 ], [ 2.341310624647357, 48.886618446384006 ], [ 2.34139042000076, 48.886563127011975 ], [ 2.341370313367621, 48.885996439756532 ], [ 2.341408393225165, 48.885896823781373 ], [ 2.342225873585223, 48.88573943847441 ], [ 2.342539251965594, 48.885760944903133 ], [ 2.343077672546192, 48.885888007513664 ], [ 2.34368003449672, 48.88591919008644 ], [ 2.343814272211695, 48.885980180823609 ], [ 2.343955117086726, 48.886166214188876 ], [ 2.345065268542444, 48.886375539879566 ] ] ] ] } },
{ "type": "Feature", "properties": { "code_iris": "751187006", "nom_iris": "Clignancourt 6", "type_iris": "H", "arr": "18e", "n": 108, "prix_med": 132.0, "pct_multi": 27.8, "pct_entire": 98.1, "ratio_lh": 1.02 }, "geometry": { "type": "MultiPolygon", "coordinates": [ [ [ [ 2.347201265819183, 48.884601138968087 ], [ 2.3448938663817, 48.884824160300042 ], [ 2.345065268542444, 48.886375539879566 ], [ 2.347668519384837, 48.886925750168444 ], [ 2.347201265819183, 48.884601138968087 ] ] ] ] } },
{ "type": "Feature", "properties": { "code_iris": "751187007", "nom_iris": "Clignancourt 7", "type_iris": "H", "arr": "18e", "n": 99, "prix_med": 120.0, "pct_multi": 29.3, "pct_entire": 96.0, "ratio_lh": 1.04 }, "geometry": { "type": "MultiPolygon", "coordinates": [ [ [ [ 2.341185057505752, 48.886626748816475 ], [ 2.341393947321576, 48.887146809994711 ], [ 2.342194777023466, 48.887013615220845 ], [ 2.342412844911312, 48.887023806326816 ], [ 2.342526867893602, 48.887065801544651 ], [ 2.342703563054758, 48.887220556608625 ], [ 2.342976576672163, 48.887307491096877 ], [ 2.343229213376785, 48.887280098655054 ], [ 2.343507325023255, 48.887179100540699 ], [ 2.344539139920955, 48.887546282783745 ], [ 2.345173537053745, 48.887634290623424 ], [ 2.345183801664949, 48.887685608371463 ], [ 2.347082387640792, 48.887883036177477 ], [ 2.347668519384837, 48.886925750168444 ], [ 2.345065268542444, 48.886375539879566 ], [ 2.343955117086726, 48.886166214188876 ], [ 2.343814272211695, 48.885980180823609 ], [ 2.34368003449672, 48.88591919008644 ], [ 2.343077672546192, 48.885888007513664 ], [ 2.342539251965594, 48.885760944903133 ], [ 2.342225873585223, 48.88573943847441 ], [ 2.341408393225165, 48.885896823781373 ], [ 2.341370313367621, 48.885996439756532 ], [ 2.34139042000076, 48.886563127011975 ], [ 2.341310624647357, 48.886618446384006 ], [ 2.341185057505752, 48.886626748816475 ] ] ] ] } },
{ "type": "Feature", "properties": { "code_iris": "751187008", "nom_iris": "Clignancourt 8", "type_iris": "H", "arr": "18e", "n": 68, "prix_med": 172.0, "pct_multi": 51.5, "pct_entire": 97.1, "ratio_lh": 1.28 }, "geometry": { "type": "MultiPolygon", "coordinates": [ [ [ [ 2.340179357627927, 48.889690612596432 ], [ 2.342936951153016, 48.889799306037474 ], [ 2.34185891051005, 48.888339175958919 ], [ 2.341393947321576, 48.887146809994711 ], [ 2.341185057505752, 48.886626748816475 ], [ 2.340653400900846, 48.886719151033837 ], [ 2.340470387099836, 48.886848545598319 ], [ 2.340216930649176, 48.886940679297915 ], [ 2.339696303631185, 48.887023245439536 ], [ 2.339803989954437, 48.888532909865376 ], [ 2.340179357627927, 48.889690612596432 ] ] ] ] } },
{ "type": "Feature", "properties": { "code_iris": "751187009", "nom_iris": "Clignancourt 9", "type_iris": "H", "arr": "18e", "n": 147, "prix_med": 118.0, "pct_multi": 27.2, "pct_entire": 93.9, "ratio_lh": 1.03 }, "geometry": { "type": "MultiPolygon", "coordinates": [ [ [ [ 2.341393947321576, 48.887146809994711 ], [ 2.34185891051005, 48.888339175958919 ], [ 2.342936951153016, 48.889799306037474 ], [ 2.344680380683292, 48.889326821924527 ], [ 2.348012971212918, 48.888387232827021 ], [ 2.347668519384837, 48.886925750168444 ], [ 2.347082387640792, 48.887883036177477 ], [ 2.345183801664949, 48.887685608371463 ], [ 2.345173537053745, 48.887634290623424 ], [ 2.344539139920955, 48.887546282783745 ], [ 2.343507325023255, 48.887179100540699 ], [ 2.343229213376785, 48.887280098655054 ], [ 2.342976576672163, 48.887307491096877 ], [ 2.342703563054758, 48.887220556608625 ], [ 2.342526867893602, 48.887065801544651 ], [ 2.342412844911312, 48.887023806326816 ], [ 2.342194777023466, 48.887013615220845 ], [ 2.341393947321576, 48.887146809994711 ] ] ] ] } },
{ "type": "Feature", "properties": { "code_iris": "751187010", "nom_iris": "Clignancourt 10", "type_iris": "H", "arr": "18e", "n": 96, "prix_med": 110.0, "pct_multi": 29.2, "pct_entire": 93.8, "ratio_lh": 1.13 }, "geometry": { "type": "MultiPolygon", "coordinates": [ [ [ [ 2.344680380683292, 48.889326821924527 ], [ 2.346155105749847, 48.889506654838108 ], [ 2.345312320037714, 48.890805171013177 ], [ 2.345552295907666, 48.890701261910834 ], [ 2.346834883910514, 48.890327850827887 ], [ 2.3474117606829, 48.890329197495362 ], [ 2.348463372364844, 48.890429353084777 ], [ 2.348012971212918, 48.888387232827021 ], [ 2.344680380683292, 48.889326821924527 ] ] ] ] } },
{ "type": "Feature", "properties": { "code_iris": "751187011", "nom_iris": "Clignancourt 11", "type_iris": "H", "arr": "18e", "n": 66, "prix_med": 148.5, "pct_multi": 42.4, "pct_entire": 98.5, "ratio_lh": 1.18 }, "geometry": { "type": "MultiPolygon", "coordinates": [ [ [ [ 2.345312320037714, 48.890805171013177 ], [ 2.346155105749847, 48.889506654838108 ], [ 2.344680380683292, 48.889326821924527 ], [ 2.342936951153016, 48.889799306037474 ], [ 2.343372864089697, 48.890379963036537 ], [ 2.3435230644636, 48.890690154157269 ], [ 2.343639293338842, 48.891207003274737 ], [ 2.344415802251318, 48.891060170658314 ], [ 2.345312320037714, 48.890805171013177 ] ] ] ] } },
{ "type": "Feature", "properties": { "code_iris": "751187012", "nom_iris": "Clignancourt 12", "type_iris": "H", "arr": "18e", "n": 68, "prix_med": 144.5, "pct_multi": 19.1, "pct_entire": 91.2, "ratio_lh": 1.01 }, "geometry": { "type": "MultiPolygon", "coordinates": [ [ [ [ 2.342936951153016, 48.889799306037474 ], [ 2.340179357627927, 48.889690612596432 ], [ 2.340647601406855, 48.891269707996599 ], [ 2.341947284936658, 48.891274159414159 ], [ 2.343639293338842, 48.891207003274737 ], [ 2.3435230644636, 48.890690154157269 ], [ 2.343372864089697, 48.890379963036537 ], [ 2.342936951153016, 48.889799306037474 ] ] ] ] } },
{ "type": "Feature", "properties": { "code_iris": "751187013", "nom_iris": "Clignancourt 13", "type_iris": "H", "arr": "18e", "n": 65, "prix_med": 140.0, "pct_multi": 10.8, "pct_entire": 95.4, "ratio_lh": 1.0 }, "geometry": { "type": "MultiPolygon", "coordinates": [ [ [ [ 2.340647601406855, 48.891269707996599 ], [ 2.339639410853863, 48.891186810479667 ], [ 2.340207117089097, 48.893096505339152 ], [ 2.344312723525916, 48.892530899072071 ], [ 2.343639293338842, 48.891207003274737 ], [ 2.341947284936658, 48.891274159414159 ], [ 2.340647601406855, 48.891269707996599 ] ] ] ] } },
{ "type": "Feature", "properties": { "code_iris": "751187014", "nom_iris": "Clignancourt 14", "type_iris": "H", "arr": "18e", "n": 52, "prix_med": 108.0, "pct_multi": 19.2, "pct_entire": 98.1, "ratio_lh": 1.04 }, "geometry": { "type": "MultiPolygon", "coordinates": [ [ [ [ 2.345312320037714, 48.890805171013177 ], [ 2.345493425338403, 48.890827744823653 ], [ 2.345567666042087, 48.890780486423317 ], [ 2.348541591455928, 48.891589905937025 ], [ 2.348729533622137, 48.891720430759122 ], [ 2.348463372364844, 48.890429353084777 ], [ 2.3474117606829, 48.890329197495362 ], [ 2.346834883910514, 48.890327850827887 ], [ 2.345552295907666, 48.890701261910834 ], [ 2.345312320037714, 48.890805171013177 ] ] ] ] } },
{ "type": "Feature", "properties": { "code_iris": "751187015", "nom_iris": "Clignancourt 15", "type_iris": "H", "arr": "18e", "n": 71, "prix_med": 122.0, "pct_multi": 14.1, "pct_entire": 100.0, "ratio_lh": 1.01 }, "geometry": { "type": "MultiPolygon", "coordinates": [ [ [ [ 2.348729533622137, 48.891720430759122 ], [ 2.348541591455928, 48.891589905937025 ], [ 2.345567666042087, 48.890780486423317 ], [ 2.345493425338403, 48.890827744823653 ], [ 2.345312320037714, 48.890805171013177 ], [ 2.344415802251318, 48.891060170658314 ], [ 2.343639293338842, 48.891207003274737 ], [ 2.344312723525916, 48.892530899072071 ], [ 2.348729533622137, 48.891720430759122 ] ] ] ] } },
{ "type": "Feature", "properties": { "code_iris": "751187016", "nom_iris": "Clignancourt 16", "type_iris": "H", "arr": "18e", "n": 79, "prix_med": 108.0, "pct_multi": 16.5, "pct_entire": 89.9, "ratio_lh": 1.04 }, "geometry": { "type": "MultiPolygon", "coordinates": [ [ [ [ 2.348463372364844, 48.890429353084777 ], [ 2.348729533622137, 48.891720430759122 ], [ 2.349597519721272, 48.891565068906111 ], [ 2.349571472218448, 48.887427134869533 ], [ 2.349339686127109, 48.887423177560201 ], [ 2.349238382988341, 48.887454103444981 ], [ 2.348012971212918, 48.888387232827021 ], [ 2.348463372364844, 48.890429353084777 ] ] ] ] } },
{ "type": "Feature", "properties": { "code_iris": "751187017", "nom_iris": "Clignancourt 17", "type_iris": "H", "arr": "18e", "n": 116, "prix_med": 103.0, "pct_multi": 20.7, "pct_entire": 94.0, "ratio_lh": 1.03 }, "geometry": { "type": "MultiPolygon", "coordinates": [ [ [ [ 2.349597519721272, 48.891565068906111 ], [ 2.35163297670859, 48.89118849906955 ], [ 2.351459240576514, 48.890464502265885 ], [ 2.351636332329081, 48.889057119575071 ], [ 2.351531212328244, 48.888299318592537 ], [ 2.350742358501664, 48.88670683381384 ], [ 2.350105123933056, 48.885972223746286 ], [ 2.349517533212377, 48.885413248384886 ], [ 2.349571472218448, 48.887427134869533 ], [ 2.349597519721272, 48.891565068906111 ] ] ] ] } },
{ "type": "Feature", "properties": { "code_iris": "751187018", "nom_iris": "Clignancourt 18", "type_iris": "H", "arr": "18e", "n": 30, "prix_med": 117.0, "pct_multi": 23.3, "pct_entire": 90.0, "ratio_lh": 1.03 }, "geometry": { "type": "MultiPolygon", "coordinates": [ [ [ [ 2.35163297670859, 48.89118849906955 ], [ 2.349597519721272, 48.891565068906111 ], [ 2.349552127066426, 48.891705116713254 ], [ 2.349782393706239, 48.891832272455986 ], [ 2.351028509996089, 48.893618790215939 ], [ 2.352771445892003, 48.894945727469633 ], [ 2.352909865219315, 48.89511195033387 ], [ 2.35287447067146, 48.894228626772751 ], [ 2.35261089831294, 48.89315880895623 ], [ 2.351680703136595, 48.891408192275328 ], [ 2.35163297670859, 48.89118849906955 ] ] ] ] } },
{ "type": "Feature", "properties": { "code_iris": "751187019", "nom_iris": "Clignancourt 19", "type_iris": "H", "arr": "18e", "n": 81, "prix_med": 108.0, "pct_multi": 22.2, "pct_entire": 86.4, "ratio_lh": 1.05 }, "geometry": { "type": "MultiPolygon", "coordinates": [ [ [ [ 2.349576074370293, 48.895465308988044 ], [ 2.352909865219315, 48.89511195033387 ], [ 2.352771445892003, 48.894945727469633 ], [ 2.351028509996089, 48.893618790215939 ], [ 2.349782393706239, 48.891832272455986 ], [ 2.349552127066426, 48.891705116713254 ], [ 2.349597519721272, 48.891565068906111 ], [ 2.348729533622137, 48.891720430759122 ], [ 2.348832459927789, 48.892214718645327 ], [ 2.349098837243547, 48.892289911302512 ], [ 2.348747197224184, 48.892707083570286 ], [ 2.348958778110976, 48.892801763553358 ], [ 2.349576074370293, 48.895465308988044 ] ] ] ] } },
{ "type": "Feature", "properties": { "code_iris": "751187020", "nom_iris": "Clignancourt 20", "type_iris": "H", "arr": "18e", "n": 56, "prix_med": 128.0, "pct_multi": 25.0, "pct_entire": 85.7, "ratio_lh": 1.06 }, "geometry": { "type": "MultiPolygon", "coordinates": [ [ [ [ 2.349576074370293, 48.895465308988044 ], [ 2.348958778110976, 48.892801763553358 ], [ 2.348747197224184, 48.892707083570286 ], [ 2.346125982198739, 48.895844020287498 ], [ 2.349576074370293, 48.895465308988044 ] ] ] ] } },
{ "type": "Feature", "properties": { "code_iris": "751187021", "nom_iris": "Clignancourt 21", "type_iris": "H", "arr": "18e", "n": 114, "prix_med": 113.5, "pct_multi": 22.8, "pct_entire": 95.6, "ratio_lh": 1.01 }, "geometry": { "type": "MultiPolygon", "coordinates": [ [ [ [ 2.344312723525916, 48.892530899072071 ], [ 2.345371587274689, 48.894335335811633 ], [ 2.346125982198739, 48.895844020287498 ], [ 2.348747197224184, 48.892707083570286 ], [ 2.349098837243547, 48.892289911302512 ], [ 2.348832459927789, 48.892214718645327 ], [ 2.348729533622137, 48.891720430759122 ], [ 2.344312723525916, 48.892530899072071 ] ] ] ] } },
{ "type": "Feature", "properties": { "code_iris": "751187022", "nom_iris": "Clignancourt 22", "type_iris": "H", "arr": "18e", "n": 82, "prix_med": 117.0, "pct_multi": 17.1, "pct_entire": 93.9, "ratio_lh": 1.0 }, "geometry": { "type": "MultiPolygon", "coordinates": [ [ [ [ 2.344312723525916, 48.892530899072071 ], [ 2.340207117089097, 48.893096505339152 ], [ 2.340734897417728, 48.894823411995297 ], [ 2.341962977832428, 48.893809436729725 ], [ 2.342706283586776, 48.893379146432132 ], [ 2.34299149231826, 48.893583059009224 ], [ 2.344419171110646, 48.894583734165039 ], [ 2.345371587274689, 48.894335335811633 ], [ 2.344312723525916, 48.892530899072071 ] ] ] ] } },
{ "type": "Feature", "properties": { "code_iris": "751187023", "nom_iris": "Clignancourt 23", "type_iris": "H", "arr": "18e", "n": 30, "prix_med": 104.0, "pct_multi": 30.0, "pct_entire": 86.7, "ratio_lh": 1.03 }, "geometry": { "type": "MultiPolygon", "coordinates": [ [ [ [ 2.340734897417728, 48.894823411995297 ], [ 2.341355864305613, 48.895763921017789 ], [ 2.343406649874401, 48.895812054661128 ], [ 2.34299149231826, 48.893583059009224 ], [ 2.342706283586776, 48.893379146432132 ], [ 2.341962977832428, 48.893809436729725 ], [ 2.340734897417728, 48.894823411995297 ] ] ] ] } },
{ "type": "Feature", "properties": { "code_iris": "751187024", "nom_iris": "Clignancourt 24", "type_iris": "H", "arr": "18e", "n": 46, "prix_med": 117.5, "pct_multi": 23.9, "pct_entire": 91.3, "ratio_lh": 1.0 }, "geometry": { "type": "MultiPolygon", "coordinates": [ [ [ [ 2.343406649874401, 48.895812054661128 ], [ 2.346125982198739, 48.895844020287498 ], [ 2.345371587274689, 48.894335335811633 ], [ 2.344419171110646, 48.894583734165039 ], [ 2.34299149231826, 48.893583059009224 ], [ 2.343406649874401, 48.895812054661128 ] ] ] ] } },
{ "type": "Feature", "properties": { "code_iris": "751187025", "nom_iris": "Clignancourt 25", "type_iris": "H", "arr": "18e", "n": 48, "prix_med": 115.5, "pct_multi": 27.1, "pct_entire": 95.8, "ratio_lh": 1.04 }, "geometry": { "type": "MultiPolygon", "coordinates": [ [ [ [ 2.34434112397427, 48.898073565869915 ], [ 2.344721432446994, 48.897660162331249 ], [ 2.344672461855145, 48.897541184342721 ], [ 2.346125982198739, 48.895844020287498 ], [ 2.343406649874401, 48.895812054661128 ], [ 2.341355864305613, 48.895763921017789 ], [ 2.34229468805647, 48.897242166186118 ], [ 2.342752709025277, 48.898020792643983 ], [ 2.344147548723893, 48.898064412084004 ], [ 2.34434112397427, 48.898073565869915 ] ] ] ] } },
{ "type": "Feature", "properties": { "code_iris": "751187026", "nom_iris": "Clignancourt 26", "type_iris": "H", "arr": "18e", "n": 79, "prix_med": 99.0, "pct_multi": 36.7, "pct_entire": 91.1, "ratio_lh": 1.27 }, "geometry": { "type": "MultiPolygon", "coordinates": [ [ [ [ 2.346125982198739, 48.895844020287498 ], [ 2.344672461855145, 48.897541184342721 ], [ 2.344721432446994, 48.897660162331249 ], [ 2.34434112397427, 48.898073565869915 ], [ 2.346175678593629, 48.898186117689633 ], [ 2.346622405137974, 48.898130999363474 ], [ 2.347285926781518, 48.89819127448024 ], [ 2.352480838184435, 48.898352573509491 ], [ 2.352872350056534, 48.896154957972712 ], [ 2.352909865219315, 48.89511195033387 ], [ 2.349576074370293, 48.895465308988044 ], [ 2.346125982198739, 48.895844020287498 ] ] ] ] } },
{ "type": "Feature", "properties": { "code_iris": "751187027", "nom_iris": "Clignancourt 27", "type_iris": "H", "arr": "18e", "n": 4, "prix_med": 110.5, "pct_multi": 25.0, "pct_entire": 100.0, "ratio_lh": 1.0 }, "geometry": { "type": "MultiPolygon", "coordinates": [ [ [ [ 2.344128257927195, 48.901327926949577 ], [ 2.347714950134087, 48.901399674667331 ], [ 2.351983536160429, 48.901484898717463 ], [ 2.352480838184435, 48.898352573509491 ], [ 2.347285926781518, 48.89819127448024 ], [ 2.346622405137974, 48.898130999363474 ], [ 2.346175678593629, 48.898186117689633 ], [ 2.34434112397427, 48.898073565869915 ], [ 2.344147548723893, 48.898064412084004 ], [ 2.34410782937208, 48.89818560249838 ], [ 2.344176089120841, 48.898614051593945 ], [ 2.344124071433594, 48.900685792628828 ], [ 2.344299105447523, 48.901193065775715 ], [ 2.344128257927195, 48.901327926949577 ] ] ] ] } },
{ "type": "Feature", "properties": { "code_iris": "751187101", "nom_iris": "Goutte d'Or 1", "type_iris": "H", "arr": "18e", "n": 83, "prix_med": 94.0, "pct_multi": 20.5, "pct_entire": 86.7, "ratio_lh": 1.05 }, "geometry": { "type": "MultiPolygon", "coordinates": [ [ [ [ 2.359340232450158, 48.884409501023576 ], [ 2.355830240363881, 48.884183822356611 ], [ 2.356777000106079, 48.884925462053658 ], [ 2.356731124296173, 48.885437832250844 ], [ 2.356320375513379, 48.887335901718352 ], [ 2.356051141857808, 48.88870592502083 ], [ 2.359880513172223, 48.889046617279682 ], [ 2.359793122349779, 48.887613525945014 ], [ 2.359508729452945, 48.88645367350437 ], [ 2.359367841725875, 48.88549064032059 ], [ 2.359340232450158, 48.884409501023576 ] ] ] ] } },
{ "type": "Feature", "properties": { "code_iris": "751187102", "nom_iris": "Goutte d'Or 2", "type_iris": "H", "arr": "18e", "n": 49, "prix_med": 115.0, "pct_multi": 26.5, "pct_entire": 95.9, "ratio_lh": 1.09 }, "geometry": { "type": "MultiPolygon", "coordinates": [ [ [ [ 2.355830240363881, 48.884183822356611 ], [ 2.351242871583771, 48.88385867732763 ], [ 2.349464985893749, 48.883724922998049 ], [ 2.349515408276586, 48.885255854435478 ], [ 2.351743618444982, 48.885040409355462 ], [ 2.352526606287038, 48.885021263603981 ], [ 2.355368849162839, 48.884993432327363 ], [ 2.356777000106079, 48.884925462053658 ], [ 2.355830240363881, 48.884183822356611 ] ] ] ] } },
{ "type": "Feature", "properties": { "code_iris": "751187103", "nom_iris": "Goutte d'Or 3", "type_iris": "H", "arr": "18e", "n": 48, "prix_med": 120.0, "pct_multi": 16.7, "pct_entire": 87.5, "ratio_lh": 1.0 }, "geometry": { "type": "MultiPolygon", "coordinates": [ [ [ [ 2.353448493588996, 48.887104590249102 ], [ 2.353435422542187, 48.886729500571988 ], [ 2.352755106303246, 48.886605315166818 ], [ 2.352991972563258, 48.886090381732636 ], [ 2.352951666550124, 48.88571244647958 ], [ 2.352526606287038, 48.885021263603981 ], [ 2.351743618444982, 48.885040409355462 ], [ 2.349515408276586, 48.885255854435478 ], [ 2.349517533212377, 48.885413248384886 ], [ 2.350105123933056, 48.885972223746286 ], [ 2.350742358501664, 48.88670683381384 ], [ 2.353448493588996, 48.887104590249102 ] ] ] ] } },
{ "type": "Feature", "properties": { "code_iris": "751187104", "nom_iris": "Goutte d'Or 4", "type_iris": "H", "arr": "18e", "n": 56, "prix_med": 100.5, "pct_multi": 21.4, "pct_entire": 89.3, "ratio_lh": 1.0 }, "geometry": { "type": "MultiPolygon", "coordinates": [ [ [ [ 2.356320375513379, 48.887335901718352 ], [ 2.356731124296173, 48.885437832250844 ], [ 2.356777000106079, 48.884925462053658 ], [ 2.355368849162839, 48.884993432327363 ], [ 2.352526606287038, 48.885021263603981 ], [ 2.352951666550124, 48.88571244647958 ], [ 2.352991972563258, 48.886090381732636 ], [ 2.352755106303246, 48.886605315166818 ], [ 2.353435422542187, 48.886729500571988 ], [ 2.353448493588996, 48.887104590249102 ], [ 2.356320375513379, 48.887335901718352 ] ] ] ] } },
{ "type": "Feature", "properties": { "code_iris": "751187105", "nom_iris": "Goutte d'Or 5", "type_iris": "H", "arr": "18e", "n": 47, "prix_med": 101.0, "pct_multi": 19.1, "pct_entire": 95.7, "ratio_lh": 1.0 }, "geometry": { "type": "MultiPolygon", "coordinates": [ [ [ [ 2.353566491291557, 48.88847490030885 ], [ 2.356051141857808, 48.88870592502083 ], [ 2.356320375513379, 48.887335901718352 ], [ 2.353448493588996, 48.887104590249102 ], [ 2.353566491291557, 48.88847490030885 ] ] ] ] } },
{ "type": "Feature", "properties": { "code_iris": "751187106", "nom_iris": "Goutte d'Or 6", "type_iris": "H", "arr": "18e", "n": 56, "prix_med": 95.5, "pct_multi": 17.9, "pct_entire": 85.7, "ratio_lh": 1.04 }, "geometry": { "type": "MultiPolygon", "coordinates": [ [ [ [ 2.353566491291557, 48.88847490030885 ], [ 2.353448493588996, 48.887104590249102 ], [ 2.350742358501664, 48.88670683381384 ], [ 2.351531212328244, 48.888299318592537 ], [ 2.353566491291557, 48.88847490030885 ] ] ] ] } },
{ "type": "Feature", "properties": { "code_iris": "751187107", "nom_iris": "Goutte d'Or 7", "type_iris": "H", "arr": "18e", "n": 71, "prix_med": 100.0, "pct_multi": 23.9, "pct_entire": 90.1, "ratio_lh": 1.04 }, "geometry": { "type": "MultiPolygon", "coordinates": [ [ [ [ 2.353199548367456, 48.890897496559454 ], [ 2.353317908638677, 48.890372031676002 ], [ 2.353366459226208, 48.889757156391845 ], [ 2.353593179941822, 48.888961579148429 ], [ 2.353566491291557, 48.88847490030885 ], [ 2.351531212328244, 48.888299318592537 ], [ 2.351636332329081, 48.889057119575071 ], [ 2.351459240576514, 48.890464502265885 ], [ 2.35163297670859, 48.89118849906955 ], [ 2.353199548367456, 48.890897496559454 ] ] ] ] } },
{ "type": "Feature", "properties": { "code_iris": "751187108", "nom_iris": "Goutte d'Or 8", "type_iris": "H", "arr": "18e", "n": 48, "prix_med": 90.0, "pct_multi": 25.0, "pct_entire": 89.6, "ratio_lh": 1.02 }, "geometry": { "type": "MultiPolygon", "coordinates": [ [ [ [ 2.355803643593266, 48.890412409979163 ], [ 2.355942792620035, 48.889196373436235 ], [ 2.356051141857808, 48.88870592502083 ], [ 2.353566491291557, 48.88847490030885 ], [ 2.353593179941822, 48.888961579148429 ], [ 2.353366459226208, 48.889757156391845 ], [ 2.353317908638677, 48.890372031676002 ], [ 2.353199548367456, 48.890897496559454 ], [ 2.355803643593266, 48.890412409979163 ] ] ] ] } },
{ "type": "Feature", "properties": { "code_iris": "751187109", "nom_iris": "Goutte d'Or 9", "type_iris": "H", "arr": "18e", "n": 43, "prix_med": 100.0, "pct_multi": 7.0, "pct_entire": 88.4, "ratio_lh": 1.0 }, "geometry": { "type": "MultiPolygon", "coordinates": [ [ [ [ 2.359897064492201, 48.890251799289558 ], [ 2.359880513172223, 48.889046617279682 ], [ 2.356051141857808, 48.88870592502083 ], [ 2.355942792620035, 48.889196373436235 ], [ 2.355803643593266, 48.890412409979163 ], [ 2.356343015337533, 48.890358653119343 ], [ 2.359897064492201, 48.890251799289558 ] ] ] ] } },
{ "type": "Feature", "properties": { "code_iris": "751187110", "nom_iris": "Goutte d'Or 10", "type_iris": "H", "arr": "18e", "n": 95, "prix_med": 118.0, "pct_multi": 24.2, "pct_entire": 87.4, "ratio_lh": 1.04 }, "geometry": { "type": "MultiPolygon", "coordinates": [ [ [ [ 2.351983536160429, 48.901484898717463 ], [ 2.358702843883925, 48.901618191012155 ], [ 2.358771575217329, 48.900689567451074 ], [ 2.359108968513678, 48.899543847401127 ], [ 2.359105002698788, 48.899201186927044 ], [ 2.359014373400118, 48.898696185644191 ], [ 2.359096014913042, 48.897826084163441 ], [ 2.359167957114923, 48.897743731985237 ], [ 2.359317834262918, 48.895540305833208 ], [ 2.359338723783384, 48.89506197990962 ], [ 2.359777399771881, 48.892219775928332 ], [ 2.359865298142864, 48.890838887260713 ], [ 2.359897064492201, 48.890251799289558 ], [ 2.356343015337533, 48.890358653119343 ], [ 2.355803643593266, 48.890412409979163 ], [ 2.353199548367456, 48.890897496559454 ], [ 2.35163297670859, 48.89118849906955 ], [ 2.351680703136595, 48.891408192275328 ], [ 2.35261089831294, 48.89315880895623 ], [ 2.35287447067146, 48.894228626772751 ], [ 2.352909865219315, 48.89511195033387 ], [ 2.352872350056534, 48.896154957972712 ], [ 2.352480838184435, 48.898352573509491 ], [ 2.351983536160429, 48.901484898717463 ] ] ] ] } },
{ "type": "Feature", "properties": { "code_iris": "751187201", "nom_iris": "Chapelle 1", "type_iris": "H", "arr": "18e", "n": 56, "prix_med": 97.5, "pct_multi": 7.1, "pct_entire": 91.1, "ratio_lh": 1.0 }, "geometry": { "type": "MultiPolygon", "coordinates": [ [ [ [ 2.368127524696543, 48.889701061358096 ], [ 2.367560990457849, 48.888624278503997 ], [ 2.36705983102841, 48.887331999462702 ], [ 2.366703703181201, 48.886562992067745 ], [ 2.364713572113417, 48.884366186579925 ], [ 2.361500301513613, 48.884406650660416 ], [ 2.361051654450446, 48.886518574665253 ], [ 2.363095091927302, 48.889926210087786 ], [ 2.364715644387823, 48.88989704723285 ], [ 2.368127524696543, 48.889701061358096 ] ] ] ] } },
{ "type": "Feature", "properties": { "code_iris": "751187202", "nom_iris": "Chapelle 2", "type_iris": "H", "arr": "18e", "n": 51, "prix_med": 92.0, "pct_multi": 19.6, "pct_entire": 90.2, "ratio_lh": 1.04 }, "geometry": { "type": "MultiPolygon", "coordinates": [ [ [ [ 2.361500301513613, 48.884406650660416 ], [ 2.359340232450158, 48.884409501023576 ], [ 2.359367841725875, 48.88549064032059 ], [ 2.359508729452945, 48.88645367350437 ], [ 2.359793122349779, 48.887613525945014 ], [ 2.359880513172223, 48.889046617279682 ], [ 2.359897064492201, 48.890251799289558 ], [ 2.360228167915682, 48.890165435135401 ], [ 2.360413172707562, 48.889537796455201 ], [ 2.361051654450446, 48.886518574665253 ], [ 2.361500301513613, 48.884406650660416 ] ] ] ] } },
{ "type": "Feature", "properties": { "code_iris": "751187203", "nom_iris": "Chapelle 3", "type_iris": "H", "arr": "18e", "n": 51, "prix_med": 135.0, "pct_multi": 17.6, "pct_entire": 88.2, "ratio_lh": 1.04 }, "geometry": { "type": "MultiPolygon", "coordinates": [ [ [ [ 2.360228167915682, 48.890165435135401 ], [ 2.362541259226524, 48.889936752832192 ], [ 2.363095091927302, 48.889926210087786 ], [ 2.361051654450446, 48.886518574665253 ], [ 2.360413172707562, 48.889537796455201 ], [ 2.360228167915682, 48.890165435135401 ] ] ] ] } },
{ "type": "Feature", "properties": { "code_iris": "751187204", "nom_iris": "Chapelle 4", "type_iris": "H", "arr": "18e", "n": 47, "prix_med": 94.0, "pct_multi": 12.8, "pct_entire": 93.6, "ratio_lh": 1.0 }, "geometry": { "type": "MultiPolygon", "coordinates": [ [ [ [ 2.360228167915682, 48.890165435135401 ], [ 2.359897064492201, 48.890251799289558 ], [ 2.359865298142864, 48.890838887260713 ], [ 2.360891497675062, 48.891123158695947 ], [ 2.361255138844055, 48.891275285782626 ], [ 2.361273461804951, 48.891560468578419 ], [ 2.361609439143673, 48.891966954950369 ], [ 2.363418722126686, 48.893127717514716 ], [ 2.363528881894562, 48.893153484034599 ], [ 2.363095091927302, 48.889926210087786 ], [ 2.362541259226524, 48.889936752832192 ], [ 2.360228167915682, 48.890165435135401 ] ] ] ] } },
{ "type": "Feature", "properties": { "code_iris": "751187205", "nom_iris": "Chapelle 5", "type_iris": "H", "arr": "18e", "n": 59, "prix_med": 100.0, "pct_multi": 18.6, "pct_entire": 93.2, "ratio_lh": 1.0 }, "geometry": { "type": "MultiPolygon", "coordinates": [ [ [ [ 2.363528881894562, 48.893153484034599 ], [ 2.363418722126686, 48.893127717514716 ], [ 2.361609439143673, 48.891966954950369 ], [ 2.361273461804951, 48.891560468578419 ], [ 2.361255138844055, 48.891275285782626 ], [ 2.360891497675062, 48.891123158695947 ], [ 2.359865298142864, 48.890838887260713 ], [ 2.359777399771881, 48.892219775928332 ], [ 2.359338723783384, 48.89506197990962 ], [ 2.359453143125942, 48.895074283123144 ], [ 2.359604754755904, 48.89516772383665 ], [ 2.363528881894562, 48.893153484034599 ] ] ] ] } },
{ "type": "Feature", "properties": { "code_iris": "751187206", "nom_iris": "Chapelle 6", "type_iris": "H", "arr": "18e", "n": 37, "prix_med": 104.0, "pct_multi": 13.5, "pct_entire": 83.8, "ratio_lh": 1.03 }, "geometry": { "type": "MultiPolygon", "coordinates": [ [ [ [ 2.359338723783384, 48.89506197990962 ], [ 2.359317834262918, 48.895540305833208 ], [ 2.359530029044068, 48.895476689918475 ], [ 2.359636694175164, 48.895343261826532 ], [ 2.361545561774513, 48.895396621142865 ], [ 2.362179272506427, 48.895328052493994 ], [ 2.362536105492517, 48.895481937307025 ], [ 2.363335062596777, 48.895396255680154 ], [ 2.363567840128788, 48.895098919213311 ], [ 2.365644594223898, 48.89480596834953 ], [ 2.365749407407679, 48.89471119572287 ], [ 2.365977709304824, 48.894331992733015 ], [ 2.36357119335832, 48.893262526665751 ], [ 2.363528881894562, 48.893153484034599 ], [ 2.359604754755904, 48.89516772383665 ], [ 2.359453143125942, 48.895074283123144 ], [ 2.359338723783384, 48.89506197990962 ] ] ] ] } },
{ "type": "Feature", "properties": { "code_iris": "751187207", "nom_iris": "Chapelle 7", "type_iris": "H", "arr": "18e", "n": 42, "prix_med": 84.0, "pct_multi": 19.0, "pct_entire": 95.2, "ratio_lh": 1.0 }, "geometry": { "type": "MultiPolygon", "coordinates": [ [ [ [ 2.371344110693875, 48.895738039761859 ], [ 2.371791555807094, 48.895393251184558 ], [ 2.370457176828816, 48.894527395020923 ], [ 2.370035221900147, 48.894005369785248 ], [ 2.369541154621306, 48.892906499184647 ], [ 2.368127524696543, 48.889701061358096 ], [ 2.364715644387823, 48.88989704723285 ], [ 2.363095091927302, 48.889926210087786 ], [ 2.363528881894562, 48.893153484034599 ], [ 2.36357119335832, 48.893262526665751 ], [ 2.365977709304824, 48.894331992733015 ], [ 2.36649673341854, 48.894495717647509 ], [ 2.371057747098439, 48.895619624880574 ], [ 2.371344110693875, 48.895738039761859 ] ] ] ] } },
{ "type": "Feature", "properties": { "code_iris": "751187208", "nom_iris": "Chapelle 8", "type_iris": "H", "arr": "18e", "n": 7, "prix_med": 135.0, "pct_multi": 28.6, "pct_entire": 85.7, "ratio_lh": 1.0 }, "geometry": { "type": "MultiPolygon", "coordinates": [ [ [ [ 2.370316492053774, 48.898716572586224 ], [ 2.370420494086907, 48.896658585100766 ], [ 2.371175976445192, 48.895994361804782 ], [ 2.371344110693875, 48.895738039761859 ], [ 2.371057747098439, 48.895619624880574 ], [ 2.36649673341854, 48.894495717647509 ], [ 2.365977709304824, 48.894331992733015 ], [ 2.365749407407679, 48.89471119572287 ], [ 2.365644594223898, 48.89480596834953 ], [ 2.363567840128788, 48.895098919213311 ], [ 2.363335062596777, 48.895396255680154 ], [ 2.362536105492517, 48.895481937307025 ], [ 2.362179272506427, 48.895328052493994 ], [ 2.361545561774513, 48.895396621142865 ], [ 2.359636694175164, 48.895343261826532 ], [ 2.359530029044068, 48.895476689918475 ], [ 2.359317834262918, 48.895540305833208 ], [ 2.359167957114923, 48.897743731985237 ], [ 2.359096014913042, 48.897826084163441 ], [ 2.359014373400118, 48.898696185644191 ], [ 2.360488585507616, 48.898721153716998 ], [ 2.361689167761141, 48.898590862534789 ], [ 2.362326282015107, 48.898581666097918 ], [ 2.369143390916581, 48.898719392142105 ], [ 2.370316492053774, 48.898716572586224 ] ] ] ] } },
{ "type": "Feature", "properties": { "code_iris": "751187209", "nom_iris": "Chapelle 9", "type_iris": "H", "arr": "18e", "n": 0, "prix_med": 0.0, "pct_multi": 0.0, "pct_entire": 0.0, "ratio_lh": 0.0 }, "geometry": { "type": "MultiPolygon", "coordinates": [ [ [ [ 2.358702843883925, 48.901618191012155 ], [ 2.365619903608481, 48.901757549610593 ], [ 2.370301804653316, 48.901847906181679 ], [ 2.370170291188827, 48.901555837362075 ], [ 2.370334571644305, 48.900943369643613 ], [ 2.370252815133699, 48.900259461464977 ], [ 2.370316492053774, 48.898716572586224 ], [ 2.369143390916581, 48.898719392142105 ], [ 2.362326282015107, 48.898581666097918 ], [ 2.361689167761141, 48.898590862534789 ], [ 2.360488585507616, 48.898721153716998 ], [ 2.359014373400118, 48.898696185644191 ], [ 2.359105002698788, 48.899201186927044 ], [ 2.359108968513678, 48.899543847401127 ], [ 2.358771575217329, 48.900689567451074 ], [ 2.358702843883925, 48.901618191012155 ] ] ] ] } },
{ "type": "Feature", "properties": { "code_iris": "751197301", "nom_iris": "Villette 1", "type_iris": "H", "arr": "19e", "n": 73, "prix_med": 100.0, "pct_multi": 24.7, "pct_entire": 86.3, "ratio_lh": 1.06 }, "geometry": { "type": "MultiPolygon", "coordinates": [ [ [ [ 2.370290292159464, 48.877990622369403 ], [ 2.370287299693743, 48.878463655217338 ], [ 2.370220435118679, 48.881963497019271 ], [ 2.370168080363927, 48.88268448312931 ], [ 2.370083654434945, 48.882787461712056 ], [ 2.37027577042271, 48.882800163615947 ], [ 2.370585676531636, 48.882882732775983 ], [ 2.371469387835915, 48.883101415368216 ], [ 2.371519386767873, 48.883026134299975 ], [ 2.37179122901043, 48.882986191902297 ], [ 2.37566620790366, 48.882794220183918 ], [ 2.374209503438867, 48.882030280027664 ], [ 2.373221124162104, 48.881218411705056 ], [ 2.37299918042346, 48.88096543733954 ], [ 2.372678238898649, 48.880441245530186 ], [ 2.370679007386802, 48.878319123930126 ], [ 2.370290292159464, 48.877990622369403 ] ] ] ] } },
{ "type": "Feature", "properties": { "code_iris": "751197302", "nom_iris": "Villette 2", "type_iris": "H", "arr": "19e", "n": 29, "prix_med": 114.0, "pct_multi": 31.0, "pct_entire": 89.7, "ratio_lh": 1.07 }, "geometry": { "type": "MultiPolygon", "coordinates": [ [ [ [ 2.381650410261317, 48.885723804167341 ], [ 2.381648313084604, 48.885670733173924 ], [ 2.381540015085914, 48.885603623784903 ], [ 2.37966810262834, 48.884880775021429 ], [ 2.37902310291788, 48.884650801386179 ], [ 2.378703133373125, 48.884495356695794 ], [ 2.37566620790366, 48.882794220183918 ], [ 2.37179122901043, 48.882986191902297 ], [ 2.371519386767873, 48.883026134299975 ], [ 2.371469387835915, 48.883101415368216 ], [ 2.37879493846329, 48.885030032585625 ], [ 2.379427066824247, 48.885196088537747 ], [ 2.379571800399088, 48.885180650756908 ], [ 2.381650410261317, 48.885723804167341 ] ] ] ] } },
{ "type": "Feature", "properties": { "code_iris": "751197303", "nom_iris": "Villette 3", "type_iris": "H", "arr": "19e", "n": 51, "prix_med": 131.0, "pct_multi": 33.3, "pct_entire": 94.1, "ratio_lh": 1.24 }, "geometry": { "type": "MultiPolygon", "coordinates": [ [ [ [ 2.371469387835915, 48.883101415368216 ], [ 2.370585676531636, 48.882882732775983 ], [ 2.371166674972592, 48.883552187637214 ], [ 2.37700383788031, 48.886447955361447 ], [ 2.378397255857409, 48.885672784890254 ], [ 2.37879493846329, 48.885030032585625 ], [ 2.371469387835915, 48.883101415368216 ] ] ] ] } },
{ "type": "Feature", "properties": { "code_iris": "751197304", "nom_iris": "Villette 4", "type_iris": "H", "arr": "19e", "n": 46, "prix_med": 121.0, "pct_multi": 8.7, "pct_entire": 93.5, "ratio_lh": 1.0 }, "geometry": { "type": "MultiPolygon", "coordinates": [ [ [ [ 2.382260962414133, 48.885870847715658 ], [ 2.381650410261317, 48.885723804167341 ], [ 2.379571800399088, 48.885180650756908 ], [ 2.379427066824247, 48.885196088537747 ], [ 2.37879493846329, 48.885030032585625 ], [ 2.378397255857409, 48.885672784890254 ], [ 2.37700383788031, 48.886447955361447 ], [ 2.379980946910398, 48.887925709124488 ], [ 2.380825822745767, 48.887177347402464 ], [ 2.382130851787533, 48.886032954103477 ], [ 2.382260962414133, 48.885870847715658 ] ] ] ] } },
{ "type": "Feature", "properties": { "code_iris": "751197305", "nom_iris": "Villette 5", "type_iris": "H", "arr": "19e", "n": 40, "prix_med": 139.0, "pct_multi": 32.5, "pct_entire": 67.5, "ratio_lh": 1.25 }, "geometry": { "type": "MultiPolygon", "coordinates": [ [ [ [ 2.370847578422197, 48.885697203933539 ], [ 2.374100549488138, 48.888372655864622 ], [ 2.375965974838252, 48.888275372869401 ], [ 2.377256109748699, 48.888045567660001 ], [ 2.369962132727194, 48.884378632084193 ], [ 2.369458657562748, 48.884289646242038 ], [ 2.369193003643534, 48.88438087758535 ], [ 2.370847578422197, 48.885697203933539 ] ] ] ] } },
{ "type": "Feature", "properties": { "code_iris": "751197306", "nom_iris": "Villette 6", "type_iris": "H", "arr": "19e", "n": 12, "prix_med": 85.5, "pct_multi": 33.3, "pct_entire": 83.3, "ratio_lh": 1.0 }, "geometry": { "type": "MultiPolygon", "coordinates": [ [ [ [ 2.374100549488138, 48.888372655864622 ], [ 2.370847578422197, 48.885697203933539 ], [ 2.369242206453674, 48.886510741044894 ], [ 2.37013446186973, 48.887380588578459 ], [ 2.371265566232747, 48.889253529101481 ], [ 2.371447220151226, 48.889231100400224 ], [ 2.372577534299786, 48.888913272190322 ], [ 2.374100549488138, 48.888372655864622 ] ] ] ] } },
{ "type": "Feature", "properties": { "code_iris": "751197307", "nom_iris": "Villette 7", "type_iris": "H", "arr": "19e", "n": 48, "prix_med": 95.0, "pct_multi": 25.0, "pct_entire": 93.8, "ratio_lh": 1.09 }, "geometry": { "type": "MultiPolygon", "coordinates": [ [ [ [ 2.368718249261116, 48.883947597603751 ], [ 2.36827567111368, 48.884122430718357 ], [ 2.367546742687418, 48.884183334006181 ], [ 2.364713572113417, 48.884366186579925 ], [ 2.366703703181201, 48.886562992067745 ], [ 2.36705983102841, 48.887331999462702 ], [ 2.369089471270378, 48.886623251315839 ], [ 2.369242206453674, 48.886510741044894 ], [ 2.36778045849548, 48.885150445432707 ], [ 2.367828851094818, 48.884983426213878 ], [ 2.368023320451274, 48.884915204696156 ], [ 2.36811591356031, 48.884814069482516 ], [ 2.368245595499213, 48.884803062571947 ], [ 2.36897369931936, 48.884473251955868 ], [ 2.368829257748348, 48.884351980778469 ], [ 2.369031107867245, 48.884237031503496 ], [ 2.368718249261116, 48.883947597603751 ] ] ] ] } },
{ "type": "Feature", "properties": { "code_iris": "751197308", "nom_iris": "Villette 8", "type_iris": "H", "arr": "19e", "n": 6, "prix_med": 105.5, "pct_multi": 16.7, "pct_entire": 83.3, "ratio_lh": 1.0 }, "geometry": { "type": "MultiPolygon", "coordinates": [ [ [ [ 2.36705983102841, 48.887331999462702 ], [ 2.367560990457849, 48.888624278503997 ], [ 2.368127524696543, 48.889701061358096 ], [ 2.371265566232747, 48.889253529101481 ], [ 2.37013446186973, 48.887380588578459 ], [ 2.369242206453674, 48.886510741044894 ], [ 2.369089471270378, 48.886623251315839 ], [ 2.36705983102841, 48.887331999462702 ] ] ] ] } },
{ "type": "Feature", "properties": { "code_iris": "751197309", "nom_iris": "Villette 9", "type_iris": "H", "arr": "19e", "n": 37, "prix_med": 130.0, "pct_multi": 35.1, "pct_entire": 70.3, "ratio_lh": 1.09 }, "geometry": { "type": "MultiPolygon", "coordinates": [ [ [ [ 2.368127524696543, 48.889701061358096 ], [ 2.369541154621306, 48.892906499184647 ], [ 2.372554532101347, 48.892067072801289 ], [ 2.37224700626142, 48.891329816699837 ], [ 2.371265566232747, 48.889253529101481 ], [ 2.368127524696543, 48.889701061358096 ] ] ] ] } },
{ "type": "Feature", "properties": { "code_iris": "751197310", "nom_iris": "Villette 10", "type_iris": "H", "arr": "19e", "n": 49, "prix_med": 98.0, "pct_multi": 36.7, "pct_entire": 67.3, "ratio_lh": 1.11 }, "geometry": { "type": "MultiPolygon", "coordinates": [ [ [ [ 2.374100549488138, 48.888372655864622 ], [ 2.372577534299786, 48.888913272190322 ], [ 2.371447220151226, 48.889231100400224 ], [ 2.371265566232747, 48.889253529101481 ], [ 2.37224700626142, 48.891329816699837 ], [ 2.376404608033659, 48.890594312055114 ], [ 2.37690005193531, 48.890562716969583 ], [ 2.374100549488138, 48.888372655864622 ] ] ] ] } },
{ "type": "Feature", "properties": { "code_iris": "751197311", "nom_iris": "Villette 11", "type_iris": "H", "arr": "19e", "n": 34, "prix_med": 116.0, "pct_multi": 26.5, "pct_entire": 94.1, "ratio_lh": 1.06 }, "geometry": { "type": "MultiPolygon", "coordinates": [ [ [ [ 2.37690005193531, 48.890562716969583 ], [ 2.378552618574477, 48.889109007834946 ], [ 2.378654874163868, 48.889111337138388 ], [ 2.378967746922651, 48.888835069654391 ], [ 2.37891906179551, 48.888800642883702 ], [ 2.378879096548861, 48.888835509156834 ], [ 2.377256109748699, 48.888045567660001 ], [ 2.375965974838252, 48.888275372869401 ], [ 2.374100549488138, 48.888372655864622 ], [ 2.37690005193531, 48.890562716969583 ] ] ] ] } },
{ "type": "Feature", "properties": { "code_iris": "751197312", "nom_iris": "Villette 12", "type_iris": "H", "arr": "19e", "n": 22, "prix_med": 88.5, "pct_multi": 27.3, "pct_entire": 81.8, "ratio_lh": 1.05 }, "geometry": { "type": "MultiPolygon", "coordinates": [ [ [ [ 2.380825822745767, 48.887177347402464 ], [ 2.381428036803986, 48.887338740985086 ], [ 2.384301179881741, 48.888281650692122 ], [ 2.384506168096813, 48.887899593155694 ], [ 2.38481594396273, 48.886612454923231 ], [ 2.384632417229442, 48.886563847677536 ], [ 2.384531197382888, 48.886474294358294 ], [ 2.382260962414133, 48.885870847715658 ], [ 2.382130851787533, 48.886032954103477 ], [ 2.380825822745767, 48.887177347402464 ] ] ] ] } },
{ "type": "Feature", "properties": { "code_iris": "751197313", "nom_iris": "Villette 13", "type_iris": "H", "arr": "19e", "n": 42, "prix_med": 114.0, "pct_multi": 31.0, "pct_entire": 90.5, "ratio_lh": 1.08 }, "geometry": { "type": "MultiPolygon", "coordinates": [ [ [ [ 2.384301179881741, 48.888281650692122 ], [ 2.381428036803986, 48.887338740985086 ], [ 2.380825822745767, 48.887177347402464 ], [ 2.379980946910398, 48.887925709124488 ], [ 2.379706739116685, 48.888162609526447 ], [ 2.379646759091794, 48.888160500143726 ], [ 2.379681635990917, 48.88820924427138 ], [ 2.38307523656935, 48.889886925403125 ], [ 2.383689712254298, 48.889361288693237 ], [ 2.384301179881741, 48.888281650692122 ] ] ] ] } },
{ "type": "Feature", "properties": { "code_iris": "751197314", "nom_iris": "Villette 14", "type_iris": "H", "arr": "19e", "n": 57, "prix_med": 113.0, "pct_multi": 17.5, "pct_entire": 91.2, "ratio_lh": 1.0 }, "geometry": { "type": "MultiPolygon", "coordinates": [ [ [ [ 2.379132113379149, 48.892320790978346 ], [ 2.380344591949739, 48.891632796426642 ], [ 2.382107760165522, 48.890737191195612 ], [ 2.382635743979179, 48.890261475831906 ], [ 2.379325028232195, 48.888608494248537 ], [ 2.379191022962058, 48.888638376517733 ], [ 2.378967746922651, 48.888835069654391 ], [ 2.378654874163868, 48.889111337138388 ], [ 2.378552618574477, 48.889109007834946 ], [ 2.37690005193531, 48.890562716969583 ], [ 2.379132113379149, 48.892320790978346 ] ] ] ] } },
{ "type": "Feature", "properties": { "code_iris": "751197315", "nom_iris": "Villette 15", "type_iris": "H", "arr": "19e", "n": 44, "prix_med": 114.5, "pct_multi": 50.0, "pct_entire": 70.5, "ratio_lh": 1.22 }, "geometry": { "type": "MultiPolygon", "coordinates": [ [ [ [ 2.37690005193531, 48.890562716969583 ], [ 2.375069750569467, 48.892158466335196 ], [ 2.376795542220676, 48.893483164599033 ], [ 2.378890650931359, 48.892440047625072 ], [ 2.378993020335705, 48.892433383993939 ], [ 2.379132113379149, 48.892320790978346 ], [ 2.37690005193531, 48.890562716969583 ] ] ] ] } },
{ "type": "Feature", "properties": { "code_iris": "751197316", "nom_iris": "Villette 16", "type_iris": "H", "arr": "19e", "n": 50, "prix_med": 108.5, "pct_multi": 18.0, "pct_entire": 78.0, "ratio_lh": 1.04 }, "geometry": { "type": "MultiPolygon", "coordinates": [ [ [ [ 2.376795542220676, 48.893483164599033 ], [ 2.375069750569467, 48.892158466335196 ], [ 2.37690005193531, 48.890562716969583 ], [ 2.376404608033659, 48.890594312055114 ], [ 2.37224700626142, 48.891329816699837 ], [ 2.372554532101347, 48.892067072801289 ], [ 2.373320668003488, 48.893795979718902 ], [ 2.37353286020371, 48.893730540368132 ], [ 2.376795542220676, 48.893483164599033 ] ] ] ] } },
{ "type": "Feature", "properties": { "code_iris": "751197317", "nom_iris": "Villette 17", "type_iris": "H", "arr": "19e", "n": 7, "prix_med": 84.0, "pct_multi": 42.9, "pct_entire": 100.0, "ratio_lh": 1.0 }, "geometry": { "type": "MultiPolygon", "coordinates": [ [ [ [ 2.369541154621306, 48.892906499184647 ], [ 2.370035221900147, 48.894005369785248 ], [ 2.370457176828816, 48.894527395020923 ], [ 2.372867047041114, 48.893862852543364 ], [ 2.373320668003488, 48.893795979718902 ], [ 2.372554532101347, 48.892067072801289 ], [ 2.369541154621306, 48.892906499184647 ] ] ] ] } },
{ "type": "Feature", "properties": { "code_iris": "751197401", "nom_iris": "Pont de Flandre 1", "type_iris": "H", "arr": "19e", "n": 26, "prix_med": 99.0, "pct_multi": 38.5, "pct_entire": 96.2, "ratio_lh": 1.3 }, "geometry": { "type": "MultiPolygon", "coordinates": [ [ [ [ 2.380350078692644, 48.902058592492843 ], [ 2.384530045616337, 48.902147593358407 ], [ 2.384871915446142, 48.902076505440199 ], [ 2.38933240090448, 48.90116134932066 ], [ 2.390837239618765, 48.900907312964584 ], [ 2.395518094601829, 48.898264568471163 ], [ 2.39598519344668, 48.897507005232598 ], [ 2.397667826349162, 48.894606196143954 ], [ 2.398236114786815, 48.892640448596268 ], [ 2.398772315958186, 48.890260847025388 ], [ 2.395790439826638, 48.889489509738105 ], [ 2.395642936300904, 48.889977995567939 ], [ 2.395411089476537, 48.890095535423399 ], [ 2.394796701839087, 48.892852441470176 ], [ 2.394311444429797, 48.894821290911374 ], [ 2.394148079315813, 48.895263827339434 ], [ 2.393601366232128, 48.896064149024369 ], [ 2.393184402024995, 48.896497305477993 ], [ 2.392752301779153, 48.896824264468293 ], [ 2.392295520527572, 48.897044977480299 ], [ 2.391438931251159, 48.897278946111783 ], [ 2.390601212550663, 48.897414979365429 ], [ 2.389371092850935, 48.897513933394272 ], [ 2.389345656336302, 48.897589346105917 ], [ 2.387761513737168, 48.897635217031464 ], [ 2.385685683139599, 48.897620090458467 ], [ 2.385479381251079, 48.897648709437114 ], [ 2.38415184859026, 48.896410727585739 ], [ 2.383977634860831, 48.896494367256999 ], [ 2.383005925213963, 48.898037985699958 ], [ 2.382906081291781, 48.898060853456428 ], [ 2.382459119845706, 48.898714149709797 ], [ 2.380350078692644, 48.902058592492843 ] ] ] ] } },
{ "type": "Feature", "properties": { "code_iris": "751197402", "nom_iris": "Pont de Flandre 2", "type_iris": "H", "arr": "19e", "n": 40, "prix_med": 129.0, "pct_multi": 17.5, "pct_entire": 87.5, "ratio_lh": 1.05 }, "geometry": { "type": "MultiPolygon", "coordinates": [ [ [ [ 2.38307523656935, 48.889886925403125 ], [ 2.386203211347945, 48.891439938625062 ], [ 2.386723278982787, 48.890938984160556 ], [ 2.386902802055459, 48.890634134606401 ], [ 2.385089395267139, 48.890016895319441 ], [ 2.386258008779296, 48.888295294075412 ], [ 2.388581336804461, 48.888919618334761 ], [ 2.389294262737713, 48.887784714997466 ], [ 2.386337299128583, 48.887006071607395 ], [ 2.38481594396273, 48.886612454923231 ], [ 2.384506168096813, 48.887899593155694 ], [ 2.384301179881741, 48.888281650692122 ], [ 2.383689712254298, 48.889361288693237 ], [ 2.38307523656935, 48.889886925403125 ] ] ] ] } },
{ "type": "Feature", "properties": { "code_iris": "751197403", "nom_iris": "Pont de Flandre 3", "type_iris": "H", "arr": "19e", "n": 38, "prix_med": 105.5, "pct_multi": 21.1, "pct_entire": 92.1, "ratio_lh": 1.03 }, "geometry": { "type": "MultiPolygon", "coordinates": [ [ [ [ 2.383861411003948, 48.890871232905035 ], [ 2.382398276781146, 48.891655097242172 ], [ 2.384114053373634, 48.893033597226498 ], [ 2.383078941362511, 48.893602933531156 ], [ 2.383234448184528, 48.893716149319268 ], [ 2.383565568832528, 48.893857248548102 ], [ 2.384367989570092, 48.894511583022123 ], [ 2.385572271051431, 48.892551858785076 ], [ 2.38528470558269, 48.892071945212749 ], [ 2.385286262523423, 48.891593515262144 ], [ 2.383861411003948, 48.890871232905035 ] ] ] ] } },
{ "type": "Feature", "properties": { "code_iris": "751197404", "nom_iris": "Pont de Flandre 4", "type_iris": "H", "arr": "19e", "n": 27, "prix_med": 110.0, "pct_multi": 3.7, "pct_entire": 85.2, "ratio_lh": 1.0 }, "geometry": { "type": "MultiPolygon", "coordinates": [ [ [ [ 2.379132113379149, 48.892320790978346 ], [ 2.380067325039471, 48.893041494289228 ], [ 2.382398276781146, 48.891655097242172 ], [ 2.383861411003948, 48.890871232905035 ], [ 2.382635743979179, 48.890261475831906 ], [ 2.382107760165522, 48.890737191195612 ], [ 2.380344591949739, 48.891632796426642 ], [ 2.379132113379149, 48.892320790978346 ] ] ] ] } },
{ "type": "Feature", "properties": { "code_iris": "751197405", "nom_iris": "Pont de Flandre 5", "type_iris": "H", "arr": "19e", "n": 37, "prix_med": 106.0, "pct_multi": 13.5, "pct_entire": 94.6, "ratio_lh": 1.0 }, "geometry": { "type": "MultiPolygon", "coordinates": [ [ [ [ 2.380067325039471, 48.893041494289228 ], [ 2.38172298390204, 48.894312696837581 ], [ 2.382755312962015, 48.89513100507758 ], [ 2.383548825232754, 48.895847351141526 ], [ 2.383620204337066, 48.895809047945413 ], [ 2.383706104269717, 48.895581063667933 ], [ 2.384367989570092, 48.894511583022123 ], [ 2.383565568832528, 48.893857248548102 ], [ 2.383234448184528, 48.893716149319268 ], [ 2.383078941362511, 48.893602933531156 ], [ 2.384114053373634, 48.893033597226498 ], [ 2.382398276781146, 48.891655097242172 ], [ 2.380067325039471, 48.893041494289228 ] ] ] ] } },
{ "type": "Feature", "properties": { "code_iris": "751197406", "nom_iris": "Pont de Flandre 6", "type_iris": "H", "arr": "19e", "n": 34, "prix_med": 99.0, "pct_multi": 32.4, "pct_entire": 76.5, "ratio_lh": 1.1 }, "geometry": { "type": "MultiPolygon", "coordinates": [ [ [ [ 2.380067325039471, 48.893041494289228 ], [ 2.379132113379149, 48.892320790978346 ], [ 2.378993020335705, 48.892433383993939 ], [ 2.378890650931359, 48.892440047625072 ], [ 2.376795542220676, 48.893483164599033 ], [ 2.377681096442605, 48.894249492633797 ], [ 2.379278887245152, 48.895682303984032 ], [ 2.38172298390204, 48.894312696837581 ], [ 2.380067325039471, 48.893041494289228 ] ] ] ] } },
{ "type": "Feature", "properties": { "code_iris": "751197407", "nom_iris": "Pont de Flandre 7", "type_iris": "H", "arr": "19e", "n": 10, "prix_med": 90.0, "pct_multi": 10.0, "pct_entire": 90.0, "ratio_lh": 1.0 }, "geometry": { "type": "MultiPolygon", "coordinates": [ [ [ [ 2.377576857922787, 48.896465767882887 ], [ 2.37893821626942, 48.896113109049679 ], [ 2.379518815342009, 48.895921866266463 ], [ 2.379697364795716, 48.895932683712921 ], [ 2.380284962993162, 48.896069724000924 ], [ 2.381439404727288, 48.895910218192832 ], [ 2.383334325137472, 48.89599283535297 ], [ 2.383450808285767, 48.895946670661559 ], [ 2.383548825232754, 48.895847351141526 ], [ 2.382755312962015, 48.89513100507758 ], [ 2.38172298390204, 48.894312696837581 ], [ 2.379278887245152, 48.895682303984032 ], [ 2.377681096442605, 48.894249492633797 ], [ 2.376255352311974, 48.894970522535289 ], [ 2.376873687304559, 48.895500741553462 ], [ 2.377576857922787, 48.896465767882887 ] ] ] ] } },
{ "type": "Feature", "properties": { "code_iris": "751197408", "nom_iris": "Pont de Flandre 8", "type_iris": "H", "arr": "19e", "n": 23, "prix_med": 100.0, "pct_multi": 13.0, "pct_entire": 73.9, "ratio_lh": 1.05 }, "geometry": { "type": "MultiPolygon", "coordinates": [ [ [ [ 2.376162680160673, 48.896444020503957 ], [ 2.376608074982524, 48.896610015383516 ], [ 2.376756599069387, 48.896622479532716 ], [ 2.377576857922787, 48.896465767882887 ], [ 2.376873687304559, 48.895500741553462 ], [ 2.376255352311974, 48.894970522535289 ], [ 2.377681096442605, 48.894249492633797 ], [ 2.376795542220676, 48.893483164599033 ], [ 2.37353286020371, 48.893730540368132 ], [ 2.373320668003488, 48.893795979718902 ], [ 2.374130668136945, 48.894603307260205 ], [ 2.375375460331769, 48.895665605347219 ], [ 2.376162680160673, 48.896444020503957 ] ] ] ] } },
{ "type": "Feature", "properties": { "code_iris": "751197409", "nom_iris": "Pont de Flandre 9", "type_iris": "H", "arr": "19e", "n": 14, "prix_med": 104.5, "pct_multi": 7.1, "pct_entire": 92.9, "ratio_lh": 1.0 }, "geometry": { "type": "MultiPolygon", "coordinates": [ [ [ [ 2.370457176828816, 48.894527395020923 ], [ 2.371791555807094, 48.895393251184558 ], [ 2.37194269751642, 48.89530141421443 ], [ 2.372104898690937, 48.895310358630624 ], [ 2.373955875499976, 48.895981946836272 ], [ 2.376162680160673, 48.896444020503957 ], [ 2.375375460331769, 48.895665605347219 ], [ 2.374130668136945, 48.894603307260205 ], [ 2.373320668003488, 48.893795979718902 ], [ 2.372867047041114, 48.893862852543364 ], [ 2.370457176828816, 48.894527395020923 ] ] ] ] } },
{ "type": "Feature", "properties": { "code_iris": "751197410", "nom_iris": "Pont de Flandre 10", "type_iris": "H", "arr": "19e", "n": 5, "prix_med": 143.0, "pct_multi": 40.0, "pct_entire": 80.0, "ratio_lh": 1.0 }, "geometry": { "type": "MultiPolygon", "coordinates": [ [ [ [ 2.370316492053774, 48.898716572586224 ], [ 2.370252815133699, 48.900259461464977 ], [ 2.370334571644305, 48.900943369643613 ], [ 2.370170291188827, 48.901555837362075 ], [ 2.370301804653316, 48.901847906181679 ], [ 2.379775917060788, 48.902047526829193 ], [ 2.380126206833207, 48.90149896147414 ], [ 2.380100157939259, 48.901395405773712 ], [ 2.380345116629615, 48.900985687696526 ], [ 2.380649509491296, 48.900624839232123 ], [ 2.381758619246172, 48.899007309258259 ], [ 2.374098659325397, 48.898854208707121 ], [ 2.37133188153986, 48.898783959662275 ], [ 2.371107362683898, 48.898738714460919 ], [ 2.370974386331278, 48.898793773643739 ], [ 2.370477942397113, 48.898788467231981 ], [ 2.370316492053774, 48.898716572586224 ] ] ] ] } },
{ "type": "Feature", "properties": { "code_iris": "751197411", "nom_iris": "Pont de Flandre 11", "type_iris": "H", "arr": "19e", "n": 27, "prix_med": 92.0, "pct_multi": 18.5, "pct_entire": 74.1, "ratio_lh": 1.04 }, "geometry": { "type": "MultiPolygon", "coordinates": [ [ [ [ 2.386203211347945, 48.891439938625062 ], [ 2.386487862366032, 48.891588885771817 ], [ 2.386373889819639, 48.891885976516186 ], [ 2.387938565734403, 48.892669197085233 ], [ 2.392276479538899, 48.888627264360125 ], [ 2.392311211815018, 48.888572582025255 ], [ 2.389294262737713, 48.887784714997466 ], [ 2.388581336804461, 48.888919618334761 ], [ 2.386258008779296, 48.888295294075412 ], [ 2.385089395267139, 48.890016895319441 ], [ 2.386902802055459, 48.890634134606401 ], [ 2.386723278982787, 48.890938984160556 ], [ 2.386203211347945, 48.891439938625062 ] ] ] ] } },
{ "type": "Feature", "properties": { "code_iris": "751197501", "nom_iris": "Amérique 1", "type_iris": "H", "arr": "19e", "n": 29, "prix_med": 120.0, "pct_multi": 34.5, "pct_entire": 89.7, "ratio_lh": 1.21 }, "geometry": { "type": "MultiPolygon", "coordinates": [ [ [ [ 2.406582644292136, 48.877113915776803 ], [ 2.406011141106451, 48.877013054499066 ], [ 2.402562321487233, 48.87599853482191 ], [ 2.401839610537372, 48.877549867874137 ], [ 2.401615730880795, 48.878641434059261 ], [ 2.402409911105074, 48.87834952185959 ], [ 2.405946350295659, 48.877672840847026 ], [ 2.406265713642774, 48.877526035876329 ], [ 2.406582644292136, 48.877113915776803 ] ] ] ] } },
{ "type": "Feature", "properties": { "code_iris": "751197502", "nom_iris": "Amérique 2", "type_iris": "H", "arr": "19e", "n": 23, "prix_med": 90.0, "pct_multi": 13.0, "pct_entire": 87.0, "ratio_lh": 1.05 }, "geometry": { "type": "MultiPolygon", "coordinates": [ [ [ [ 2.402562321487233, 48.87599853482191 ], [ 2.399208122171167, 48.875539276809235 ], [ 2.400049285137642, 48.877320573048408 ], [ 2.400134484633523, 48.877381255114216 ], [ 2.400328921311166, 48.877428095084667 ], [ 2.4002982571138, 48.878078156807959 ], [ 2.400118354683499, 48.878544906644983 ], [ 2.40135154622277, 48.878730945475979 ], [ 2.401615730880795, 48.878641434059261 ], [ 2.401839610537372, 48.877549867874137 ], [ 2.402562321487233, 48.87599853482191 ] ] ] ] } },
{ "type": "Feature", "properties": { "code_iris": "751197503", "nom_iris": "Amérique 3", "type_iris": "H", "arr": "19e", "n": 22, "prix_med": 105.5, "pct_multi": 18.2, "pct_entire": 86.4, "ratio_lh": 1.05 }, "geometry": { "type": "MultiPolygon", "coordinates": [ [ [ [ 2.399208122171167, 48.875539276809235 ], [ 2.398965987022432, 48.875491296088789 ], [ 2.397921938826138, 48.875462666902379 ], [ 2.397933277937321, 48.878256044707072 ], [ 2.399530611724959, 48.878433141249843 ], [ 2.400118354683499, 48.878544906644983 ], [ 2.4002982571138, 48.878078156807959 ], [ 2.400328921311166, 48.877428095084667 ], [ 2.400134484633523, 48.877381255114216 ], [ 2.400049285137642, 48.877320573048408 ], [ 2.399208122171167, 48.875539276809235 ] ] ] ] } },
{ "type": "Feature", "properties": { "code_iris": "751197504", "nom_iris": "Amérique 4", "type_iris": "H", "arr": "19e", "n": 22, "prix_med": 106.0, "pct_multi": 9.1, "pct_entire": 90.9, "ratio_lh": 1.0 }, "geometry": { "type": "MultiPolygon", "coordinates": [ [ [ [ 2.397921938826138, 48.875462666902379 ], [ 2.395367943655133, 48.875254639095935 ], [ 2.395223492956283, 48.87524851340546 ], [ 2.394777267713919, 48.876103321405019 ], [ 2.395124678412513, 48.876243574365475 ], [ 2.395362959297001, 48.876388671128055 ], [ 2.39546328048712, 48.876555554049155 ], [ 2.39553498194586, 48.87672139301808 ], [ 2.395657103644794, 48.877712172458416 ], [ 2.397933277937321, 48.878256044707072 ], [ 2.397921938826138, 48.875462666902379 ] ] ] ] } },
{ "type": "Feature", "properties": { "code_iris": "751197505", "nom_iris": "Amérique 5", "type_iris": "H", "arr": "19e", "n": 38, "prix_med": 175.5, "pct_multi": 26.3, "pct_entire": 92.1, "ratio_lh": 1.15 }, "geometry": { "type": "MultiPolygon", "coordinates": [ [ [ [ 2.395223492956283, 48.87524851340546 ], [ 2.392192854440722, 48.875462493571113 ], [ 2.392068801131714, 48.875460964301979 ], [ 2.392019349571381, 48.875842929286868 ], [ 2.392122089639206, 48.876268834956747 ], [ 2.392513687902539, 48.876594582133677 ], [ 2.392600471492212, 48.876869318497377 ], [ 2.392768262469615, 48.87732972778727 ], [ 2.393788960961444, 48.877493183030509 ], [ 2.395197862509798, 48.877573155018887 ], [ 2.395431739981518, 48.877628296178116 ], [ 2.395657103644794, 48.877712172458416 ], [ 2.39553498194586, 48.87672139301808 ], [ 2.39546328048712, 48.876555554049155 ], [ 2.395362959297001, 48.876388671128055 ], [ 2.395124678412513, 48.876243574365475 ], [ 2.394777267713919, 48.876103321405019 ], [ 2.395223492956283, 48.87524851340546 ] ] ] ] } },
{ "type": "Feature", "properties": { "code_iris": "751197506", "nom_iris": "Amérique 6", "type_iris": "H", "arr": "19e", "n": 48, "prix_med": 118.5, "pct_multi": 25.0, "pct_entire": 93.8, "ratio_lh": 1.07 }, "geometry": { "type": "MultiPolygon", "coordinates": [ [ [ [ 2.392068801131714, 48.875460964301979 ], [ 2.39045749316421, 48.875439280489061 ], [ 2.389645129763283, 48.875302939350824 ], [ 2.388496636417807, 48.87476467290373 ], [ 2.387452080744171, 48.874664902362376 ], [ 2.387392432532162, 48.875795058487711 ], [ 2.387531458878229, 48.876262523268991 ], [ 2.387602881567588, 48.87633393589045 ], [ 2.388828749934016, 48.876090186507732 ], [ 2.38952809814851, 48.876098251628811 ], [ 2.389563961293636, 48.876877255688846 ], [ 2.392513687902539, 48.876594582133677 ], [ 2.392122089639206, 48.876268834956747 ], [ 2.392019349571381, 48.875842929286868 ], [ 2.392068801131714, 48.875460964301979 ] ] ] ] } },
{ "type": "Feature", "properties": { "code_iris": "751197507", "nom_iris": "Amérique 7", "type_iris": "H", "arr": "19e", "n": 50, "prix_med": 107.0, "pct_multi": 18.0, "pct_entire": 94.0, "ratio_lh": 1.04 }, "geometry": { "type": "MultiPolygon", "coordinates": [ [ [ [ 2.388367174253939, 48.879519674794501 ], [ 2.38931611044032, 48.879526317785739 ], [ 2.389496647392421, 48.879595587590117 ], [ 2.38996814969251, 48.87915372246929 ], [ 2.389793604741267, 48.879038618081438 ], [ 2.389814536618627, 48.878881342096392 ], [ 2.389490005499373, 48.878068491877748 ], [ 2.389223911393891, 48.876924085096313 ], [ 2.389563961293636, 48.876877255688846 ], [ 2.38952809814851, 48.876098251628811 ], [ 2.388828749934016, 48.876090186507732 ], [ 2.387602881567588, 48.87633393589045 ], [ 2.387778352602073, 48.876717049406381 ], [ 2.387931040115699, 48.877646839300624 ], [ 2.388195522918005, 48.878578098900952 ], [ 2.388367174253939, 48.879519674794501 ] ] ] ] } },
{ "type": "Feature", "properties": { "code_iris": "751197508", "nom_iris": "Amérique 8", "type_iris": "H", "arr": "19e", "n": 42, "prix_med": 132.0, "pct_multi": 16.7, "pct_entire": 97.6, "ratio_lh": 1.05 }, "geometry": { "type": "MultiPolygon", "coordinates": [ [ [ [ 2.390172173853585, 48.880011822498133 ], [ 2.390736047654476, 48.87971611631248 ], [ 2.391310181451981, 48.879475318662301 ], [ 2.390869270814431, 48.878351612173873 ], [ 2.392600471492212, 48.876869318497377 ], [ 2.392513687902539, 48.876594582133677 ], [ 2.389563961293636, 48.876877255688846 ], [ 2.389223911393891, 48.876924085096313 ], [ 2.389490005499373, 48.878068491877748 ], [ 2.389814536618627, 48.878881342096392 ], [ 2.389793604741267, 48.879038618081438 ], [ 2.38996814969251, 48.87915372246929 ], [ 2.389496647392421, 48.879595587590117 ], [ 2.390172173853585, 48.880011822498133 ] ] ] ] } },
{ "type": "Feature", "properties": { "code_iris": "751197509", "nom_iris": "Amérique 9", "type_iris": "H", "arr": "19e", "n": 17, "prix_med": 114.0, "pct_multi": 47.1, "pct_entire": 100.0, "ratio_lh": 1.42 }, "geometry": { "type": "MultiPolygon", "coordinates": [ [ [ [ 2.391310181451981, 48.879475318662301 ], [ 2.392425028442681, 48.879168914618333 ], [ 2.392623146016629, 48.878783208319561 ], [ 2.393742723331602, 48.877599969194605 ], [ 2.393788960961444, 48.877493183030509 ], [ 2.392768262469615, 48.87732972778727 ], [ 2.392600471492212, 48.876869318497377 ], [ 2.390869270814431, 48.878351612173873 ], [ 2.391310181451981, 48.879475318662301 ] ] ] ] } },
{ "type": "Feature", "properties": { "code_iris": "751197510", "nom_iris": "Amérique 10", "type_iris": "H", "arr": "19e", "n": 29, "prix_med": 177.0, "pct_multi": 3.4, "pct_entire": 100.0, "ratio_lh": 1.0 }, "geometry": { "type": "MultiPolygon", "coordinates": [ [ [ [ 2.392425028442681, 48.879168914618333 ], [ 2.392925556796823, 48.879275775985846 ], [ 2.39468822060873, 48.879541909374467 ], [ 2.39556892308408, 48.879553553748295 ], [ 2.39546845924848, 48.880338160065449 ], [ 2.396753520922193, 48.880403997819371 ], [ 2.396399672117661, 48.879287047250109 ], [ 2.395678121235474, 48.878250977144148 ], [ 2.395431739981518, 48.877628296178116 ], [ 2.395197862509798, 48.877573155018887 ], [ 2.393788960961444, 48.877493183030509 ], [ 2.393742723331602, 48.877599969194605 ], [ 2.392623146016629, 48.878783208319561 ], [ 2.392425028442681, 48.879168914618333 ] ] ] ] } },
{ "type": "Feature", "properties": { "code_iris": "751197511", "nom_iris": "Amérique 11", "type_iris": "H", "arr": "19e", "n": 19, "prix_med": 114.0, "pct_multi": 21.1, "pct_entire": 84.2, "ratio_lh": 1.0 }, "geometry": { "type": "MultiPolygon", "coordinates": [ [ [ [ 2.397933277937321, 48.878256044707072 ], [ 2.395657103644794, 48.877712172458416 ], [ 2.395431739981518, 48.877628296178116 ], [ 2.395678121235474, 48.878250977144148 ], [ 2.396399672117661, 48.879287047250109 ], [ 2.396753520922193, 48.880403997819371 ], [ 2.397110864196962, 48.880395905274263 ], [ 2.39741687420879, 48.880346184221679 ], [ 2.398222169718561, 48.880158677988703 ], [ 2.398873970014467, 48.879920033342962 ], [ 2.398970827290457, 48.879916023000767 ], [ 2.399632517738496, 48.879646846700204 ], [ 2.398872193712821, 48.879365138909044 ], [ 2.398060159116477, 48.878957260150962 ], [ 2.397933277937321, 48.878256044707072 ] ] ] ] } },
{ "type": "Feature", "properties": { "code_iris": "751197512", "nom_iris": "Amérique 12", "type_iris": "H", "arr": "19e", "n": 6, "prix_med": 99.5, "pct_multi": 0.0, "pct_entire": 66.7, "ratio_lh": 1.0 }, "geometry": { "type": "MultiPolygon", "coordinates": [ [ [ [ 2.400118354683499, 48.878544906644983 ], [ 2.399530611724959, 48.878433141249843 ], [ 2.397933277937321, 48.878256044707072 ], [ 2.398060159116477, 48.878957260150962 ], [ 2.398872193712821, 48.879365138909044 ], [ 2.399632517738496, 48.879646846700204 ], [ 2.398970827290457, 48.879916023000767 ], [ 2.398584892235462, 48.880156903385718 ], [ 2.400031219602414, 48.880664186449863 ], [ 2.401245462701772, 48.879181877895455 ], [ 2.40122007436059, 48.879136784493802 ], [ 2.401603790242937, 48.878731307251563 ], [ 2.401615730880795, 48.878641434059261 ], [ 2.40135154622277, 48.878730945475979 ], [ 2.400118354683499, 48.878544906644983 ] ] ] ] } },
{ "type": "Feature", "properties": { "code_iris": "751197513", "nom_iris": "Amérique 13", "type_iris": "H", "arr": "19e", "n": 9, "prix_med": 104.0, "pct_multi": 0.0, "pct_entire": 77.8, "ratio_lh": 1.0 }, "geometry": { "type": "MultiPolygon", "coordinates": [ [ [ [ 2.398970827290457, 48.879916023000767 ], [ 2.398873970014467, 48.879920033342962 ], [ 2.398222169718561, 48.880158677988703 ], [ 2.39741687420879, 48.880346184221679 ], [ 2.397110864196962, 48.880395905274263 ], [ 2.396753520922193, 48.880403997819371 ], [ 2.396866196749147, 48.880800269671937 ], [ 2.397114911491462, 48.880988582491668 ], [ 2.396655798938534, 48.881306430111636 ], [ 2.395854177247426, 48.881410306858129 ], [ 2.393263503359809, 48.881985365535236 ], [ 2.393282677820898, 48.882095180570438 ], [ 2.393224928319992, 48.882136256930025 ], [ 2.393377685449765, 48.882250346180072 ], [ 2.394674035407399, 48.883108569388703 ], [ 2.394974933596798, 48.883265673671147 ], [ 2.395163787200536, 48.883325084036656 ], [ 2.396969650013668, 48.883641762539554 ], [ 2.397215485366279, 48.883255391299869 ], [ 2.397770277524385, 48.882919137503677 ], [ 2.398317301819056, 48.882782492357713 ], [ 2.399635276158721, 48.882601149560188 ], [ 2.400065070690988, 48.882460311214913 ], [ 2.400398798533832, 48.882254238771374 ], [ 2.400512408229371, 48.882098324971082 ], [ 2.400552152531873, 48.881844014666569 ], [ 2.400481843308716, 48.881673689929038 ], [ 2.399967782553681, 48.881081156309065 ], [ 2.39995701781123, 48.880831988761557 ], [ 2.400031219602414, 48.880664186449863 ], [ 2.398584892235462, 48.880156903385718 ], [ 2.398970827290457, 48.879916023000767 ] ] ] ] } },
{ "type": "Feature", "properties": { "code_iris": "751197514", "nom_iris": "Amérique 14", "type_iris": "H", "arr": "19e", "n": 80, "prix_med": 103.0, "pct_multi": 37.5, "pct_entire": 93.8, "ratio_lh": 1.25 }, "geometry": { "type": "MultiPolygon", "coordinates": [ [ [ [ 2.391310181451981, 48.879475318662301 ], [ 2.390736047654476, 48.87971611631248 ], [ 2.390172173853585, 48.880011822498133 ], [ 2.389793162228743, 48.880240119397598 ], [ 2.389199798881476, 48.88095655619135 ], [ 2.388617093353922, 48.881576816045062 ], [ 2.388421691857729, 48.88172780437997 ], [ 2.387906393986489, 48.883224348870549 ], [ 2.388350167059152, 48.883057543472205 ], [ 2.392835707915432, 48.882070431477892 ], [ 2.392812129329454, 48.881987573833399 ], [ 2.392886408831161, 48.881932192261083 ], [ 2.393263503359809, 48.881985365535236 ], [ 2.395854177247426, 48.881410306858129 ], [ 2.396655798938534, 48.881306430111636 ], [ 2.397114911491462, 48.880988582491668 ], [ 2.396866196749147, 48.880800269671937 ], [ 2.396753520922193, 48.880403997819371 ], [ 2.39546845924848, 48.880338160065449 ], [ 2.39556892308408, 48.879553553748295 ], [ 2.39468822060873, 48.879541909374467 ], [ 2.392925556796823, 48.879275775985846 ], [ 2.392425028442681, 48.879168914618333 ], [ 2.391310181451981, 48.879475318662301 ] ] ] ] } },
{ "type": "Feature", "properties": { "code_iris": "751197515", "nom_iris": "Amérique 15", "type_iris": "H", "arr": "19e", "n": 44, "prix_med": 112.5, "pct_multi": 15.9, "pct_entire": 97.7, "ratio_lh": 1.02 }, "geometry": { "type": "MultiPolygon", "coordinates": [ [ [ [ 2.390172173853585, 48.880011822498133 ], [ 2.389496647392421, 48.879595587590117 ], [ 2.388404757730405, 48.88049923590939 ], [ 2.385563724495346, 48.882990215515193 ], [ 2.387906393986489, 48.883224348870549 ], [ 2.388421691857729, 48.88172780437997 ], [ 2.388617093353922, 48.881576816045062 ], [ 2.389199798881476, 48.88095655619135 ], [ 2.389793162228743, 48.880240119397598 ], [ 2.390172173853585, 48.880011822498133 ] ] ] ] } },
{ "type": "Feature", "properties": { "code_iris": "751197516", "nom_iris": "Amérique 16", "type_iris": "H", "arr": "19e", "n": 23, "prix_med": 95.0, "pct_multi": 47.8, "pct_entire": 95.7, "ratio_lh": 1.53 }, "geometry": { "type": "MultiPolygon", "coordinates": [ [ [ [ 2.393377685449765, 48.882250346180072 ], [ 2.393224928319992, 48.882136256930025 ], [ 2.393282677820898, 48.882095180570438 ], [ 2.393263503359809, 48.881985365535236 ], [ 2.392886408831161, 48.881932192261083 ], [ 2.392812129329454, 48.881987573833399 ], [ 2.392835707915432, 48.882070431477892 ], [ 2.388350167059152, 48.883057543472205 ], [ 2.387906393986489, 48.883224348870549 ], [ 2.388410207199004, 48.883286279056733 ], [ 2.388838467303235, 48.883395485746014 ], [ 2.39044302083763, 48.884015207100262 ], [ 2.391280565030459, 48.884342325995867 ], [ 2.393377685449765, 48.882250346180072 ] ] ] ] } },
{ "type": "Feature", "properties": { "code_iris": "751197517", "nom_iris": "Amérique 17", "type_iris": "H", "arr": "19e", "n": 18, "prix_med": 91.0, "pct_multi": 27.8, "pct_entire": 83.3, "ratio_lh": 1.12 }, "geometry": { "type": "MultiPolygon", "coordinates": [ [ [ [ 2.394335991389593, 48.886848948027357 ], [ 2.394311078812686, 48.886528663068908 ], [ 2.39436675353567, 48.886431817805907 ], [ 2.39430092958036, 48.886346049144557 ], [ 2.394359358815732, 48.8861296078097 ], [ 2.394451443250671, 48.884895301966843 ], [ 2.394974933596798, 48.883265673671147 ], [ 2.394674035407399, 48.883108569388703 ], [ 2.393377685449765, 48.882250346180072 ], [ 2.391280565030459, 48.884342325995867 ], [ 2.392097403604606, 48.884691816872667 ], [ 2.392750140027894, 48.885081838747979 ], [ 2.393469517994006, 48.885722206509186 ], [ 2.393991114892208, 48.886367863881119 ], [ 2.393970485665803, 48.886499959964297 ], [ 2.394335991389593, 48.886848948027357 ] ] ] ] } },
{ "type": "Feature", "properties": { "code_iris": "751197518", "nom_iris": "Amérique 18", "type_iris": "H", "arr": "19e", "n": 3, "prix_med": 90.0, "pct_multi": 0.0, "pct_entire": 66.7, "ratio_lh": 1.0 }, "geometry": { "type": "MultiPolygon", "coordinates": [ [ [ [ 2.395844689030623, 48.888222640242063 ], [ 2.396158421004613, 48.887040715150114 ], [ 2.396276801602114, 48.886828172670739 ], [ 2.396601736585706, 48.884795541122671 ], [ 2.396969650013668, 48.883641762539554 ], [ 2.395163787200536, 48.883325084036656 ], [ 2.394974933596798, 48.883265673671147 ], [ 2.394451443250671, 48.884895301966843 ], [ 2.394359358815732, 48.8861296078097 ], [ 2.39430092958036, 48.886346049144557 ], [ 2.39436675353567, 48.886431817805907 ], [ 2.394311078812686, 48.886528663068908 ], [ 2.394335991389593, 48.886848948027357 ], [ 2.395382857080945, 48.888063827162377 ], [ 2.395528922361719, 48.888168885934782 ], [ 2.395844689030623, 48.888222640242063 ] ] ] ] } },
{ "type": "Feature", "properties": { "code_iris": "751197519", "nom_iris": "Amérique 19", "type_iris": "H", "arr": "19e", "n": 11, "prix_med": 90.0, "pct_multi": 0.0, "pct_entire": 72.7, "ratio_lh": 1.0 }, "geometry": { "type": "MultiPolygon", "coordinates": [ [ [ [ 2.403654858139889, 48.881676946383926 ], [ 2.40457585141299, 48.881268739620438 ], [ 2.408440118802962, 48.880436233717219 ], [ 2.409359835767223, 48.88025551338977 ], [ 2.410820319151064, 48.878436175815359 ], [ 2.40793407929123, 48.877572070607719 ], [ 2.408206593470386, 48.877827928186079 ], [ 2.408574564198052, 48.877962847319459 ], [ 2.408190687759291, 48.878507741998469 ], [ 2.40797320239622, 48.87868833098058 ], [ 2.407707695095333, 48.879134883051591 ], [ 2.406994574426885, 48.879733902349422 ], [ 2.40648788385428, 48.880045256709835 ], [ 2.405883499666547, 48.880313855724189 ], [ 2.405270232449559, 48.880523951274817 ], [ 2.40325926098218, 48.881095809021467 ], [ 2.4026566859311, 48.881323031631432 ], [ 2.402113645317621, 48.881590118874747 ], [ 2.401714367924265, 48.881093494615406 ], [ 2.401489675246744, 48.880474533847035 ], [ 2.401444652202698, 48.880120873061692 ], [ 2.401499730199983, 48.87971824957966 ], [ 2.401707399295686, 48.879207569887129 ], [ 2.401788647826085, 48.87913782829331 ], [ 2.401926880752494, 48.878736519094176 ], [ 2.40184850439915, 48.878674973163072 ], [ 2.401615730880795, 48.878641434059261 ], [ 2.401603790242937, 48.878731307251563 ], [ 2.40122007436059, 48.879136784493802 ], [ 2.401245462701772, 48.879181877895455 ], [ 2.400031219602414, 48.880664186449863 ], [ 2.39995701781123, 48.880831988761557 ], [ 2.399967782553681, 48.881081156309065 ], [ 2.400481843308716, 48.881673689929038 ], [ 2.400552152531873, 48.881844014666569 ], [ 2.400512408229371, 48.882098324971082 ], [ 2.400398798533832, 48.882254238771374 ], [ 2.400065070690988, 48.882460311214913 ], [ 2.399635276158721, 48.882601149560188 ], [ 2.398317301819056, 48.882782492357713 ], [ 2.397770277524385, 48.882919137503677 ], [ 2.397215485366279, 48.883255391299869 ], [ 2.396969650013668, 48.883641762539554 ], [ 2.396601736585706, 48.884795541122671 ], [ 2.396276801602114, 48.886828172670739 ], [ 2.396158421004613, 48.887040715150114 ], [ 2.395844689030623, 48.888222640242063 ], [ 2.396003226159205, 48.888781019219337 ], [ 2.395790439826638, 48.889489509738105 ], [ 2.398772315958186, 48.890260847025388 ], [ 2.398941654577955, 48.889532348767595 ], [ 2.399135941386648, 48.888532380117411 ], [ 2.399251617609397, 48.885361950390433 ], [ 2.399893615779398, 48.884204142674704 ], [ 2.400106665255306, 48.88382119875488 ], [ 2.401507160545184, 48.882631206054441 ], [ 2.403654858139889, 48.881676946383926 ] ] ] ] } },
{ "type": "Feature", "properties": { "code_iris": "751197520", "nom_iris": "Amérique 20", "type_iris": "H", "arr": "19e", "n": 18, "prix_med": 130.5, "pct_multi": 27.8, "pct_entire": 77.8, "ratio_lh": 1.0 }, "geometry": { "type": "MultiPolygon", "coordinates": [ [ [ [ 2.395790439826638, 48.889489509738105 ], [ 2.396003226159205, 48.888781019219337 ], [ 2.395844689030623, 48.888222640242063 ], [ 2.395528922361719, 48.888168885934782 ], [ 2.395382857080945, 48.888063827162377 ], [ 2.394335991389593, 48.886848948027357 ], [ 2.393970485665803, 48.886499959964297 ], [ 2.393991114892208, 48.886367863881119 ], [ 2.393469517994006, 48.885722206509186 ], [ 2.392750140027894, 48.885081838747979 ], [ 2.392097403604606, 48.884691816872667 ], [ 2.391280565030459, 48.884342325995867 ], [ 2.39044302083763, 48.884015207100262 ], [ 2.390225603536289, 48.884299186110155 ], [ 2.38999362212768, 48.885477019112436 ], [ 2.389806440214849, 48.886089404281933 ], [ 2.393457455983595, 48.886406530549159 ], [ 2.393712534083305, 48.887220810262065 ], [ 2.393112671240337, 48.88884374526539 ], [ 2.395358677524186, 48.889441464960207 ], [ 2.395477831440868, 48.889397999871072 ], [ 2.395790439826638, 48.889489509738105 ] ] ] ] } },
{ "type": "Feature", "properties": { "code_iris": "751197521", "nom_iris": "Amérique 21", "type_iris": "H", "arr": "19e", "n": 57, "prix_med": 120.0, "pct_multi": 36.8, "pct_entire": 84.2, "ratio_lh": 1.19 }, "geometry": { "type": "MultiPolygon", "coordinates": [ [ [ [ 2.392276479538899, 48.888627264360125 ], [ 2.393112671240337, 48.88884374526539 ], [ 2.393712534083305, 48.887220810262065 ], [ 2.393457455983595, 48.886406530549159 ], [ 2.389806440214849, 48.886089404281933 ], [ 2.389989505358162, 48.886410496294921 ], [ 2.389992884542921, 48.886587680219783 ], [ 2.389294262737713, 48.887784714997466 ], [ 2.392311211815018, 48.888572582025255 ], [ 2.392276479538899, 48.888627264360125 ] ] ] ] } },
{ "type": "Feature", "properties": { "code_iris": "751197522", "nom_iris": "Amérique 22", "type_iris": "H", "arr": "19e", "n": 49, "prix_med": 100.0, "pct_multi": 18.4, "pct_entire": 93.9, "ratio_lh": 1.02 }, "geometry": { "type": "MultiPolygon", "coordinates": [ [ [ [ 2.386337299128583, 48.887006071607395 ], [ 2.389294262737713, 48.887784714997466 ], [ 2.389992884542921, 48.886587680219783 ], [ 2.389989505358162, 48.886410496294921 ], [ 2.389806440214849, 48.886089404281933 ], [ 2.38999362212768, 48.885477019112436 ], [ 2.390225603536289, 48.884299186110155 ], [ 2.39044302083763, 48.884015207100262 ], [ 2.388838467303235, 48.883395485746014 ], [ 2.388410207199004, 48.883286279056733 ], [ 2.387906393986489, 48.883224348870549 ], [ 2.386895867814034, 48.885663544652012 ], [ 2.386337299128583, 48.887006071607395 ] ] ] ] } },
{ "type": "Feature", "properties": { "code_iris": "751197523", "nom_iris": "Amérique 23", "type_iris": "H", "arr": "19e", "n": 19, "prix_med": 119.0, "pct_multi": 31.6, "pct_entire": 89.5, "ratio_lh": 1.0 }, "geometry": { "type": "MultiPolygon", "coordinates": [ [ [ [ 2.387906393986489, 48.883224348870549 ], [ 2.385563724495346, 48.882990215515193 ], [ 2.384623974911253, 48.883816366593621 ], [ 2.384204832840808, 48.884435645714561 ], [ 2.384352579810897, 48.884511049542155 ], [ 2.384484488150389, 48.884657418464478 ], [ 2.384560107755298, 48.884835873603194 ], [ 2.384605682390683, 48.885248898062748 ], [ 2.386895867814034, 48.885663544652012 ], [ 2.387906393986489, 48.883224348870549 ] ] ] ] } },
{ "type": "Feature", "properties": { "code_iris": "751197524", "nom_iris": "Amérique 24", "type_iris": "H", "arr": "19e", "n": 46, "prix_med": 122.0, "pct_multi": 28.3, "pct_entire": 84.8, "ratio_lh": 1.1 }, "geometry": { "type": "MultiPolygon", "coordinates": [ [ [ [ 2.383277850419909, 48.88498575823909 ], [ 2.382260962414133, 48.885870847715658 ], [ 2.384531197382888, 48.886474294358294 ], [ 2.384632417229442, 48.886563847677536 ], [ 2.38481594396273, 48.886612454923231 ], [ 2.386337299128583, 48.887006071607395 ], [ 2.386895867814034, 48.885663544652012 ], [ 2.384605682390683, 48.885248898062748 ], [ 2.384560107755298, 48.884835873603194 ], [ 2.384484488150389, 48.884657418464478 ], [ 2.384352579810897, 48.884511049542155 ], [ 2.384204832840808, 48.884435645714561 ], [ 2.384623974911253, 48.883816366593621 ], [ 2.384233983976847, 48.884161501302295 ], [ 2.383277850419909, 48.88498575823909 ] ] ] ] } },
{ "type": "Feature", "properties": { "code_iris": "751197601", "nom_iris": "Combat 1", "type_iris": "H", "arr": "19e", "n": 58, "prix_med": 115.5, "pct_multi": 10.3, "pct_entire": 91.4, "ratio_lh": 1.07 }, "geometry": { "type": "MultiPolygon", "coordinates": [ [ [ [ 2.387452080744171, 48.874664902362376 ], [ 2.386813394433954, 48.874601377087075 ], [ 2.385691787589019, 48.874099194239101 ], [ 2.38392454264863, 48.875392346852799 ], [ 2.383561387447425, 48.875778989122111 ], [ 2.383582511227291, 48.876067783662656 ], [ 2.38387820939328, 48.876773483026 ], [ 2.385174500074866, 48.876803530329639 ], [ 2.3853036596205, 48.876834770892522 ], [ 2.385372316469916, 48.876793754156203 ], [ 2.385773190415271, 48.876792214355859 ], [ 2.387602881567588, 48.87633393589045 ], [ 2.387531458878229, 48.876262523268991 ], [ 2.387392432532162, 48.875795058487711 ], [ 2.387452080744171, 48.874664902362376 ] ] ] ] } },
{ "type": "Feature", "properties": { "code_iris": "751197602", "nom_iris": "Combat 2", "type_iris": "H", "arr": "19e", "n": 77, "prix_med": 115.0, "pct_multi": 29.9, "pct_entire": 90.9, "ratio_lh": 1.05 }, "geometry": { "type": "MultiPolygon", "coordinates": [ [ [ [ 2.38387820939328, 48.876773483026 ], [ 2.382989951048308, 48.876943378465 ], [ 2.382594229711585, 48.877085231286848 ], [ 2.381261727985528, 48.877692595047762 ], [ 2.381549871104849, 48.87811407163035 ], [ 2.382078628941012, 48.878597044684241 ], [ 2.382471749342143, 48.878790630554384 ], [ 2.383150766814982, 48.879021661746577 ], [ 2.384693178622004, 48.879344364691192 ], [ 2.385585064325801, 48.879447871636195 ], [ 2.386778846676934, 48.879504354891068 ], [ 2.388367174253939, 48.879519674794501 ], [ 2.388195522918005, 48.878578098900952 ], [ 2.387931040115699, 48.877646839300624 ], [ 2.387778352602073, 48.876717049406381 ], [ 2.387602881567588, 48.87633393589045 ], [ 2.385773190415271, 48.876792214355859 ], [ 2.385372316469916, 48.876793754156203 ], [ 2.3853036596205, 48.876834770892522 ], [ 2.385174500074866, 48.876803530329639 ], [ 2.38387820939328, 48.876773483026 ] ] ] ] } },
{ "type": "Feature", "properties": { "code_iris": "751197603", "nom_iris": "Combat 3", "type_iris": "H", "arr": "19e", "n": 65, "prix_med": 114.0, "pct_multi": 23.1, "pct_entire": 92.3, "ratio_lh": 1.03 }, "geometry": { "type": "MultiPolygon", "coordinates": [ [ [ [ 2.385691787589019, 48.874099194239101 ], [ 2.385385602057697, 48.873934843084854 ], [ 2.384756813831292, 48.873957693633983 ], [ 2.384281578163126, 48.874023599509172 ], [ 2.38366834046294, 48.87422998847893 ], [ 2.38317143735823, 48.874513417186115 ], [ 2.381878469681223, 48.875586847167106 ], [ 2.381388690955328, 48.876186870144188 ], [ 2.381241970243945, 48.876486488903971 ], [ 2.381151468634745, 48.876988747758531 ], [ 2.381170436147411, 48.877343182540542 ], [ 2.381261727985528, 48.877692595047762 ], [ 2.382594229711585, 48.877085231286848 ], [ 2.382989951048308, 48.876943378465 ], [ 2.38387820939328, 48.876773483026 ], [ 2.383582511227291, 48.876067783662656 ], [ 2.383561387447425, 48.875778989122111 ], [ 2.38392454264863, 48.875392346852799 ], [ 2.385691787589019, 48.874099194239101 ] ] ] ] } },
{ "type": "Feature", "properties": { "code_iris": "751197604", "nom_iris": "Combat 4", "type_iris": "H", "arr": "19e", "n": 73, "prix_med": 113.0, "pct_multi": 13.7, "pct_entire": 91.8, "ratio_lh": 1.0 }, "geometry": { "type": "MultiPolygon", "coordinates": [ [ [ [ 2.385385602057697, 48.873934843084854 ], [ 2.384835909396155, 48.873725172581572 ], [ 2.383085559974287, 48.873476042283549 ], [ 2.383028408513119, 48.87346675438058 ], [ 2.382874941706307, 48.873761844349481 ], [ 2.382177644302507, 48.874043336431228 ], [ 2.381133907250157, 48.87468006943719 ], [ 2.379564850809584, 48.874776270019765 ], [ 2.378922726206753, 48.874658724746332 ], [ 2.378148691831775, 48.876454272370594 ], [ 2.379392108354262, 48.87634381179835 ], [ 2.380166514056972, 48.876231810123635 ], [ 2.381317569390017, 48.875976058747938 ], [ 2.381878469681223, 48.875586847167106 ], [ 2.38317143735823, 48.874513417186115 ], [ 2.38366834046294, 48.87422998847893 ], [ 2.384281578163126, 48.874023599509172 ], [ 2.384756813831292, 48.873957693633983 ], [ 2.385385602057697, 48.873934843084854 ] ] ] ] } },
{ "type": "Feature", "properties": { "code_iris": "751197605", "nom_iris": "Combat 5", "type_iris": "H", "arr": "19e", "n": 66, "prix_med": 132.5, "pct_multi": 19.7, "pct_entire": 89.4, "ratio_lh": 1.02 }, "geometry": { "type": "MultiPolygon", "coordinates": [ [ [ [ 2.383028408513119, 48.87346675438058 ], [ 2.379834493735429, 48.872855789120713 ], [ 2.37884759199913, 48.872613247359396 ], [ 2.378738823773745, 48.872931047691324 ], [ 2.378606243985806, 48.873073353849243 ], [ 2.378363399629173, 48.873544243932216 ], [ 2.378387059007904, 48.873732327797093 ], [ 2.378270116572019, 48.874049185624798 ], [ 2.378326055077787, 48.874274309777263 ], [ 2.378210678455333, 48.874459872735024 ], [ 2.378922726206753, 48.874658724746332 ], [ 2.379564850809584, 48.874776270019765 ], [ 2.381133907250157, 48.87468006943719 ], [ 2.382177644302507, 48.874043336431228 ], [ 2.382874941706307, 48.873761844349481 ], [ 2.383028408513119, 48.87346675438058 ] ] ] ] } },
{ "type": "Feature", "properties": { "code_iris": "751197606", "nom_iris": "Combat 6", "type_iris": "H", "arr": "19e", "n": 40, "prix_med": 123.0, "pct_multi": 25.0, "pct_entire": 92.5, "ratio_lh": 1.0 }, "geometry": { "type": "MultiPolygon", "coordinates": [ [ [ [ 2.37884759199913, 48.872613247359396 ], [ 2.376904765014236, 48.872048259443247 ], [ 2.37509243793508, 48.873677401573666 ], [ 2.375147469739401, 48.873749635666123 ], [ 2.375136232899866, 48.873890772615596 ], [ 2.375547047223963, 48.874081776727905 ], [ 2.377018787756291, 48.874141606629863 ], [ 2.378210678455333, 48.874459872735024 ], [ 2.378326055077787, 48.874274309777263 ], [ 2.378270116572019, 48.874049185624798 ], [ 2.378387059007904, 48.873732327797093 ], [ 2.378363399629173, 48.873544243932216 ], [ 2.378606243985806, 48.873073353849243 ], [ 2.378738823773745, 48.872931047691324 ], [ 2.37884759199913, 48.872613247359396 ] ] ] ] } },
{ "type": "Feature", "properties": { "code_iris": "751197607", "nom_iris": "Combat 7", "type_iris": "H", "arr": "19e", "n": 44, "prix_med": 133.5, "pct_multi": 13.6, "pct_entire": 95.5, "ratio_lh": 1.0 }, "geometry": { "type": "MultiPolygon", "coordinates": [ [ [ [ 2.378148691831775, 48.876454272370594 ], [ 2.378922726206753, 48.874658724746332 ], [ 2.378210678455333, 48.874459872735024 ], [ 2.377018787756291, 48.874141606629863 ], [ 2.375547047223963, 48.874081776727905 ], [ 2.376005301009472, 48.874523941015006 ], [ 2.376155579207456, 48.87472617517431 ], [ 2.37663754796351, 48.875807886487266 ], [ 2.376852403142539, 48.876425048256735 ], [ 2.377352283864145, 48.876467219976732 ], [ 2.378148691831775, 48.876454272370594 ] ] ] ] } },
{ "type": "Feature", "properties": { "code_iris": "751197608", "nom_iris": "Combat 8", "type_iris": "H", "arr": "19e", "n": 43, "prix_med": 123.0, "pct_multi": 4.7, "pct_entire": 95.3, "ratio_lh": 1.0 }, "geometry": { "type": "MultiPolygon", "coordinates": [ [ [ [ 2.37509243793508, 48.873677401573666 ], [ 2.374534258323927, 48.874178113929403 ], [ 2.373300707155034, 48.875285038265226 ], [ 2.372341359986538, 48.876148768402814 ], [ 2.372450276597757, 48.876161930092906 ], [ 2.372141589686493, 48.876433708798636 ], [ 2.372822315208191, 48.876743050388576 ], [ 2.373111393772803, 48.876514335318362 ], [ 2.373211211512271, 48.876490576002837 ], [ 2.373806278807457, 48.876780577430566 ], [ 2.374144909731753, 48.877193343284489 ], [ 2.374263260537919, 48.876988914160655 ], [ 2.374599433815376, 48.876698387773125 ], [ 2.374949316028007, 48.876514952584529 ], [ 2.375327071311311, 48.876394615116119 ], [ 2.375706764682187, 48.876339937867506 ], [ 2.376074914794408, 48.876338259897651 ], [ 2.376852403142539, 48.876425048256735 ], [ 2.37663754796351, 48.875807886487266 ], [ 2.376155579207456, 48.87472617517431 ], [ 2.376005301009472, 48.874523941015006 ], [ 2.375547047223963, 48.874081776727905 ], [ 2.375136232899866, 48.873890772615596 ], [ 2.375147469739401, 48.873749635666123 ], [ 2.37509243793508, 48.873677401573666 ] ] ] ] } },
{ "type": "Feature", "properties": { "code_iris": "751197609", "nom_iris": "Combat 9", "type_iris": "H", "arr": "19e", "n": 58, "prix_med": 103.5, "pct_multi": 10.3, "pct_entire": 93.1, "ratio_lh": 1.0 }, "geometry": { "type": "MultiPolygon", "coordinates": [ [ [ [ 2.378148691831775, 48.876454272370594 ], [ 2.377352283864145, 48.876467219976732 ], [ 2.376852403142539, 48.876425048256735 ], [ 2.376074914794408, 48.876338259897651 ], [ 2.375706764682187, 48.876339937867506 ], [ 2.375327071311311, 48.876394615116119 ], [ 2.374949316028007, 48.876514952584529 ], [ 2.374599433815376, 48.876698387773125 ], [ 2.374263260537919, 48.876988914160655 ], [ 2.374144909731753, 48.877193343284489 ], [ 2.374079827347687, 48.87738995679635 ], [ 2.374073436785447, 48.877694796976151 ], [ 2.374250247140198, 48.878412488676048 ], [ 2.378470090168877, 48.878885036235417 ], [ 2.378339522931847, 48.878628948360372 ], [ 2.37826549028825, 48.878205878308101 ], [ 2.378276966453677, 48.877929843191708 ], [ 2.378433852677564, 48.877465703422139 ], [ 2.378806460724793, 48.876976602230961 ], [ 2.379113634779876, 48.876714691447276 ], [ 2.379563948123261, 48.876454421114495 ], [ 2.380166514056972, 48.876231810123635 ], [ 2.379392108354262, 48.87634381179835 ], [ 2.378148691831775, 48.876454272370594 ] ] ] ] } },
{ "type": "Feature", "properties": { "code_iris": "751197610", "nom_iris": "Combat 10", "type_iris": "H", "arr": "19e", "n": 15, "prix_med": 108.0, "pct_multi": 46.7, "pct_entire": 93.3, "ratio_lh": 1.15 }, "geometry": { "type": "MultiPolygon", "coordinates": [ [ [ [ 2.372341359986538, 48.876148768402814 ], [ 2.370575635491561, 48.877734014637767 ], [ 2.370290292159464, 48.877990622369403 ], [ 2.370679007386802, 48.878319123930126 ], [ 2.370723245461925, 48.878043261577254 ], [ 2.374250247140198, 48.878412488676048 ], [ 2.374073436785447, 48.877694796976151 ], [ 2.374079827347687, 48.87738995679635 ], [ 2.374144909731753, 48.877193343284489 ], [ 2.373806278807457, 48.876780577430566 ], [ 2.373211211512271, 48.876490576002837 ], [ 2.373111393772803, 48.876514335318362 ], [ 2.372822315208191, 48.876743050388576 ], [ 2.372141589686493, 48.876433708798636 ], [ 2.372450276597757, 48.876161930092906 ], [ 2.372341359986538, 48.876148768402814 ] ] ] ] } },
{ "type": "Feature", "properties": { "code_iris": "751197611", "nom_iris": "Combat 11", "type_iris": "H", "arr": "19e", "n": 31, "prix_med": 108.0, "pct_multi": 16.1, "pct_entire": 83.9, "ratio_lh": 1.0 }, "geometry": { "type": "MultiPolygon", "coordinates": [ [ [ [ 2.374250247140198, 48.878412488676048 ], [ 2.370723245461925, 48.878043261577254 ], [ 2.370679007386802, 48.878319123930126 ], [ 2.372678238898649, 48.880441245530186 ], [ 2.37299918042346, 48.88096543733954 ], [ 2.373221124162104, 48.881218411705056 ], [ 2.373632300938161, 48.881043395779891 ], [ 2.374050635069351, 48.880613006266117 ], [ 2.374289396178209, 48.880147502214847 ], [ 2.374394891737162, 48.879651623282243 ], [ 2.374250247140198, 48.878412488676048 ] ] ] ] } },
{ "type": "Feature", "properties": { "code_iris": "751197612", "nom_iris": "Combat 12", "type_iris": "H", "arr": "19e", "n": 41, "prix_med": 140.0, "pct_multi": 31.7, "pct_entire": 95.1, "ratio_lh": 1.08 }, "geometry": { "type": "MultiPolygon", "coordinates": [ [ [ [ 2.374250247140198, 48.878412488676048 ], [ 2.374394891737162, 48.879651623282243 ], [ 2.375697860063861, 48.880153955947932 ], [ 2.375762400662468, 48.88022983619792 ], [ 2.377910877477766, 48.881068402404146 ], [ 2.380884316497096, 48.881569453298148 ], [ 2.379619197435999, 48.880400971493749 ], [ 2.378955135925083, 48.879601621736093 ], [ 2.378470090168877, 48.878885036235417 ], [ 2.374250247140198, 48.878412488676048 ] ] ] ] } },
{ "type": "Feature", "properties": { "code_iris": "751197613", "nom_iris": "Combat 13", "type_iris": "H", "arr": "19e", "n": 44, "prix_med": 124.0, "pct_multi": 20.5, "pct_entire": 90.9, "ratio_lh": 1.02 }, "geometry": { "type": "MultiPolygon", "coordinates": [ [ [ [ 2.381945443159235, 48.88223684127793 ], [ 2.3815063665913, 48.88200704389542 ], [ 2.380884316497096, 48.881569453298148 ], [ 2.377910877477766, 48.881068402404146 ], [ 2.375762400662468, 48.88022983619792 ], [ 2.375697860063861, 48.880153955947932 ], [ 2.374394891737162, 48.879651623282243 ], [ 2.374289396178209, 48.880147502214847 ], [ 2.374050635069351, 48.880613006266117 ], [ 2.373632300938161, 48.881043395779891 ], [ 2.373221124162104, 48.881218411705056 ], [ 2.374209503438867, 48.882030280027664 ], [ 2.37566620790366, 48.882794220183918 ], [ 2.380341910539156, 48.882575693013735 ], [ 2.381701791751513, 48.882544951875524 ], [ 2.381945443159235, 48.88223684127793 ] ] ] ] } },
{ "type": "Feature", "properties": { "code_iris": "751197614", "nom_iris": "Combat 14", "type_iris": "H", "arr": "19e", "n": 44, "prix_med": 129.0, "pct_multi": 2.3, "pct_entire": 97.7, "ratio_lh": 1.0 }, "geometry": { "type": "MultiPolygon", "coordinates": [ [ [ [ 2.37566620790366, 48.882794220183918 ], [ 2.378703133373125, 48.884495356695794 ], [ 2.37902310291788, 48.884650801386179 ], [ 2.37966810262834, 48.884880775021429 ], [ 2.381701791751513, 48.882544951875524 ], [ 2.380341910539156, 48.882575693013735 ], [ 2.37566620790366, 48.882794220183918 ] ] ] ] } },
{ "type": "Feature", "properties": { "code_iris": "751197615", "nom_iris": "Combat 15", "type_iris": "H", "arr": "19e", "n": 38, "prix_med": 108.0, "pct_multi": 18.4, "pct_entire": 78.9, "ratio_lh": 1.03 }, "geometry": { "type": "MultiPolygon", "coordinates": [ [ [ [ 2.381650410261317, 48.885723804167341 ], [ 2.382260962414133, 48.885870847715658 ], [ 2.383277850419909, 48.88498575823909 ], [ 2.382691157338407, 48.884897298884425 ], [ 2.38126342479858, 48.884780211503944 ], [ 2.382452471272655, 48.882831215021852 ], [ 2.384233983976847, 48.884161501302295 ], [ 2.384623974911253, 48.883816366593621 ], [ 2.385563724495346, 48.882990215515193 ], [ 2.3845286285767, 48.882884174287618 ], [ 2.383646667206071, 48.882743838771511 ], [ 2.382448715710705, 48.882457974855797 ], [ 2.381945443159235, 48.88223684127793 ], [ 2.381701791751513, 48.882544951875524 ], [ 2.37966810262834, 48.884880775021429 ], [ 2.381540015085914, 48.885603623784903 ], [ 2.381648313084604, 48.885670733173924 ], [ 2.381650410261317, 48.885723804167341 ] ] ] ] } },
{ "type": "Feature", "properties": { "code_iris": "751197616", "nom_iris": "Combat 16", "type_iris": "H", "arr": "19e", "n": 17, "prix_med": 117.0, "pct_multi": 23.5, "pct_entire": 88.2, "ratio_lh": 1.0 }, "geometry": { "type": "MultiPolygon", "coordinates": [ [ [ [ 2.384233983976847, 48.884161501302295 ], [ 2.382452471272655, 48.882831215021852 ], [ 2.38126342479858, 48.884780211503944 ], [ 2.382691157338407, 48.884897298884425 ], [ 2.383277850419909, 48.88498575823909 ], [ 2.384233983976847, 48.884161501302295 ] ] ] ] } },
{ "type": "Feature", "properties": { "code_iris": "751207701", "nom_iris": "Belleville 1", "type_iris": "H", "arr": "20e", "n": 35, "prix_med": 98.0, "pct_multi": 20.0, "pct_entire": 85.7, "ratio_lh": 1.0 }, "geometry": { "type": "MultiPolygon", "coordinates": [ [ [ [ 2.394589572838516, 48.869964417850497 ], [ 2.394437745928335, 48.870007717305597 ], [ 2.392278202609563, 48.871653349073306 ], [ 2.394208089936547, 48.872757622085352 ], [ 2.394793882799594, 48.872678745861727 ], [ 2.396105086800405, 48.87259003868963 ], [ 2.395358096967792, 48.870700362156754 ], [ 2.395751001263629, 48.870088999083208 ], [ 2.394589572838516, 48.869964417850497 ] ] ] ] } },
{ "type": "Feature", "properties": { "code_iris": "751207702", "nom_iris": "Belleville 2", "type_iris": "H", "arr": "20e", "n": 72, "prix_med": 108.0, "pct_multi": 20.8, "pct_entire": 93.1, "ratio_lh": 1.03 }, "geometry": { "type": "MultiPolygon", "coordinates": [ [ [ [ 2.393175253810518, 48.869548057671956 ], [ 2.392580685583084, 48.869330100270041 ], [ 2.39143129021869, 48.869111118818509 ], [ 2.390773059602196, 48.869908180371176 ], [ 2.391094104719126, 48.870899983430618 ], [ 2.391383285286012, 48.871352920748173 ], [ 2.391425592667708, 48.871582466420215 ], [ 2.391325737222616, 48.871727651023591 ], [ 2.391123532766342, 48.871881308301155 ], [ 2.390517527248624, 48.872173206112059 ], [ 2.389805125952917, 48.872701982867383 ], [ 2.389478824041325, 48.872857702607277 ], [ 2.388088038626023, 48.873800298041907 ], [ 2.389524557612176, 48.873724894046624 ], [ 2.390075355481285, 48.873376062216927 ], [ 2.392278202609563, 48.871653349073306 ], [ 2.394437745928335, 48.870007717305597 ], [ 2.393175253810518, 48.869548057671956 ] ] ] ] } },
{ "type": "Feature", "properties": { "code_iris": "751207703", "nom_iris": "Belleville 3", "type_iris": "H", "arr": "20e", "n": 53, "prix_med": 102.0, "pct_multi": 22.6, "pct_entire": 94.3, "ratio_lh": 1.1 }, "geometry": { "type": "MultiPolygon", "coordinates": [ [ [ [ 2.39143129021869, 48.869111118818509 ], [ 2.389647950671858, 48.868663161391233 ], [ 2.389163190113552, 48.870243522212739 ], [ 2.389995174773563, 48.871258619113789 ], [ 2.390194484628659, 48.871585194193692 ], [ 2.389920392744331, 48.871939934342777 ], [ 2.389478824041325, 48.872857702607277 ], [ 2.389805125952917, 48.872701982867383 ], [ 2.390517527248624, 48.872173206112059 ], [ 2.391123532766342, 48.871881308301155 ], [ 2.391325737222616, 48.871727651023591 ], [ 2.391425592667708, 48.871582466420215 ], [ 2.391383285286012, 48.871352920748173 ], [ 2.391094104719126, 48.870899983430618 ], [ 2.390773059602196, 48.869908180371176 ], [ 2.39143129021869, 48.869111118818509 ] ] ] ] } },
{ "type": "Feature", "properties": { "code_iris": "751207704", "nom_iris": "Belleville 4", "type_iris": "H", "arr": "20e", "n": 51, "prix_med": 108.0, "pct_multi": 15.7, "pct_entire": 92.2, "ratio_lh": 1.0 }, "geometry": { "type": "MultiPolygon", "coordinates": [ [ [ [ 2.38603216816495, 48.871478479867996 ], [ 2.386045711571464, 48.871601758361457 ], [ 2.387312416497505, 48.872165836871837 ], [ 2.387840935260281, 48.87232052860498 ], [ 2.388343026225912, 48.872404035459695 ], [ 2.38931565338573, 48.872820896880121 ], [ 2.389478824041325, 48.872857702607277 ], [ 2.389920392744331, 48.871939934342777 ], [ 2.390194484628659, 48.871585194193692 ], [ 2.389995174773563, 48.871258619113789 ], [ 2.389163190113552, 48.870243522212739 ], [ 2.388262390986245, 48.870563582336061 ], [ 2.388157825229574, 48.870528873088517 ], [ 2.386784949520759, 48.87041662515216 ], [ 2.386724253848522, 48.870708598609397 ], [ 2.386045741031186, 48.871367931152498 ], [ 2.38603216816495, 48.871478479867996 ] ] ] ] } },
{ "type": "Feature", "properties": { "code_iris": "751207705", "nom_iris": "Belleville 5", "type_iris": "H", "arr": "20e", "n": 23, "prix_med": 90.0, "pct_multi": 8.7, "pct_entire": 82.6, "ratio_lh": 1.0 }, "geometry": { "type": "MultiPolygon", "coordinates": [ [ [ [ 2.385828681331946, 48.868964688235053 ], [ 2.38532350599028, 48.869607819556514 ], [ 2.384538805679048, 48.870138892994561 ], [ 2.38449291690774, 48.870215100691247 ], [ 2.386784949520759, 48.87041662515216 ], [ 2.388157825229574, 48.870528873088517 ], [ 2.388262390986245, 48.870563582336061 ], [ 2.389163190113552, 48.870243522212739 ], [ 2.388772437534571, 48.869619186233869 ], [ 2.388530645655272, 48.869545104929301 ], [ 2.38858191732084, 48.869474319193337 ], [ 2.388259137466535, 48.869215459390489 ], [ 2.388292719613256, 48.869141885332468 ], [ 2.388252817182714, 48.869057143649634 ], [ 2.386298342169244, 48.868557898392964 ], [ 2.386230968415873, 48.868491001881416 ], [ 2.385828681331946, 48.868964688235053 ] ] ] ] } },
{ "type": "Feature", "properties": { "code_iris": "751207706", "nom_iris": "Belleville 6", "type_iris": "H", "arr": "20e", "n": 49, "prix_med": 110.0, "pct_multi": 20.4, "pct_entire": 91.8, "ratio_lh": 1.0 }, "geometry": { "type": "MultiPolygon", "coordinates": [ [ [ [ 2.383069142721887, 48.867034904182425 ], [ 2.382366809467288, 48.867633839527606 ], [ 2.385828681331946, 48.868964688235053 ], [ 2.386230968415873, 48.868491001881416 ], [ 2.386298342169244, 48.868557898392964 ], [ 2.388252817182714, 48.869057143649634 ], [ 2.388292719613256, 48.869141885332468 ], [ 2.388259137466535, 48.869215459390489 ], [ 2.38858191732084, 48.869474319193337 ], [ 2.388530645655272, 48.869545104929301 ], [ 2.388772437534571, 48.869619186233869 ], [ 2.389163190113552, 48.870243522212739 ], [ 2.389647950671858, 48.868663161391233 ], [ 2.383347495835125, 48.867128071299426 ], [ 2.383069142721887, 48.867034904182425 ] ] ] ] } },
{ "type": "Feature", "properties": { "code_iris": "751207707", "nom_iris": "Belleville 7", "type_iris": "H", "arr": "20e", "n": 55, "prix_med": 135.0, "pct_multi": 16.4, "pct_entire": 94.5, "ratio_lh": 1.02 }, "geometry": { "type": "MultiPolygon", "coordinates": [ [ [ [ 2.382366809467288, 48.867633839527606 ], [ 2.380575885891117, 48.868980787689885 ], [ 2.381332389260354, 48.869333643588355 ], [ 2.38305784038469, 48.869946005302353 ], [ 2.384303719084927, 48.870189845524784 ], [ 2.38449291690774, 48.870215100691247 ], [ 2.384538805679048, 48.870138892994561 ], [ 2.38532350599028, 48.869607819556514 ], [ 2.385828681331946, 48.868964688235053 ], [ 2.382366809467288, 48.867633839527606 ] ] ] ] } },
{ "type": "Feature", "properties": { "code_iris": "751207708", "nom_iris": "Belleville 8", "type_iris": "H", "arr": "20e", "n": 26, "prix_med": 100.5, "pct_multi": 30.8, "pct_entire": 96.2, "ratio_lh": 1.0 }, "geometry": { "type": "MultiPolygon", "coordinates": [ [ [ [ 2.380575885891117, 48.868980787689885 ], [ 2.379195650384537, 48.870062735367597 ], [ 2.378290113390531, 48.870774807340588 ], [ 2.381067173701595, 48.87157611896636 ], [ 2.381482619112556, 48.870918153360243 ], [ 2.382126461291367, 48.871002418915843 ], [ 2.382921653937748, 48.871430108541894 ], [ 2.383379271691892, 48.871007980020572 ], [ 2.384015313629876, 48.870599358692687 ], [ 2.384303719084927, 48.870189845524784 ], [ 2.38305784038469, 48.869946005302353 ], [ 2.381332389260354, 48.869333643588355 ], [ 2.380575885891117, 48.868980787689885 ] ] ] ] } },
{ "type": "Feature", "properties": { "code_iris": "751207709", "nom_iris": "Belleville 9", "type_iris": "H", "arr": "20e", "n": 29, "prix_med": 140.0, "pct_multi": 27.6, "pct_entire": 96.6, "ratio_lh": 1.04 }, "geometry": { "type": "MultiPolygon", "coordinates": [ [ [ [ 2.378290113390531, 48.870774807340588 ], [ 2.376904765014236, 48.872048259443247 ], [ 2.37884759199913, 48.872613247359396 ], [ 2.379834493735429, 48.872855789120713 ], [ 2.381067173701595, 48.87157611896636 ], [ 2.378290113390531, 48.870774807340588 ] ] ] ] } },
{ "type": "Feature", "properties": { "code_iris": "751207710", "nom_iris": "Belleville 10", "type_iris": "H", "arr": "20e", "n": 62, "prix_med": 110.0, "pct_multi": 17.7, "pct_entire": 88.7, "ratio_lh": 1.03 }, "geometry": { "type": "MultiPolygon", "coordinates": [ [ [ [ 2.379834493735429, 48.872855789120713 ], [ 2.383028408513119, 48.87346675438058 ], [ 2.383085559974287, 48.873476042283549 ], [ 2.38493445223214, 48.871961183705054 ], [ 2.385707538321824, 48.871492103012372 ], [ 2.38603216816495, 48.871478479867996 ], [ 2.386045741031186, 48.871367931152498 ], [ 2.386724253848522, 48.870708598609397 ], [ 2.386784949520759, 48.87041662515216 ], [ 2.38449291690774, 48.870215100691247 ], [ 2.384303719084927, 48.870189845524784 ], [ 2.384015313629876, 48.870599358692687 ], [ 2.383379271691892, 48.871007980020572 ], [ 2.382921653937748, 48.871430108541894 ], [ 2.382126461291367, 48.871002418915843 ], [ 2.381482619112556, 48.870918153360243 ], [ 2.381067173701595, 48.87157611896636 ], [ 2.379834493735429, 48.872855789120713 ] ] ] ] } },
{ "type": "Feature", "properties": { "code_iris": "751207711", "nom_iris": "Belleville 11", "type_iris": "H", "arr": "20e", "n": 74, "prix_med": 108.5, "pct_multi": 24.3, "pct_entire": 91.9, "ratio_lh": 1.06 }, "geometry": { "type": "MultiPolygon", "coordinates": [ [ [ [ 2.383085559974287, 48.873476042283549 ], [ 2.384835909396155, 48.873725172581572 ], [ 2.385385602057697, 48.873934843084854 ], [ 2.388088038626023, 48.873800298041907 ], [ 2.389478824041325, 48.872857702607277 ], [ 2.38931565338573, 48.872820896880121 ], [ 2.388343026225912, 48.872404035459695 ], [ 2.387840935260281, 48.87232052860498 ], [ 2.387312416497505, 48.872165836871837 ], [ 2.386045711571464, 48.871601758361457 ], [ 2.38603216816495, 48.871478479867996 ], [ 2.385707538321824, 48.871492103012372 ], [ 2.38493445223214, 48.871961183705054 ], [ 2.383085559974287, 48.873476042283549 ] ] ] ] } },
{ "type": "Feature", "properties": { "code_iris": "751207712", "nom_iris": "Belleville 12", "type_iris": "H", "arr": "20e", "n": 57, "prix_med": 130.0, "pct_multi": 29.8, "pct_entire": 93.0, "ratio_lh": 1.14 }, "geometry": { "type": "MultiPolygon", "coordinates": [ [ [ [ 2.385385602057697, 48.873934843084854 ], [ 2.385691787589019, 48.874099194239101 ], [ 2.386813394433954, 48.874601377087075 ], [ 2.387452080744171, 48.874664902362376 ], [ 2.388496636417807, 48.87476467290373 ], [ 2.389645129763283, 48.875302939350824 ], [ 2.39045749316421, 48.875439280489061 ], [ 2.392068801131714, 48.875460964301979 ], [ 2.392192854440722, 48.875462493571113 ], [ 2.392917473509907, 48.874471508776175 ], [ 2.392039683760879, 48.873984111912392 ], [ 2.391464502483207, 48.873736570525814 ], [ 2.390933250048385, 48.873347155046098 ], [ 2.389660859192769, 48.87384430115663 ], [ 2.389570744656291, 48.873855532989829 ], [ 2.389524557612176, 48.873724894046624 ], [ 2.388088038626023, 48.873800298041907 ], [ 2.385385602057697, 48.873934843084854 ] ] ] ] } },
{ "type": "Feature", "properties": { "code_iris": "751207713", "nom_iris": "Belleville 13", "type_iris": "H", "arr": "20e", "n": 30, "prix_med": 115.0, "pct_multi": 16.7, "pct_entire": 83.3, "ratio_lh": 1.0 }, "geometry": { "type": "MultiPolygon", "coordinates": [ [ [ [ 2.394208089936547, 48.872757622085352 ], [ 2.392278202609563, 48.871653349073306 ], [ 2.390075355481285, 48.873376062216927 ], [ 2.389524557612176, 48.873724894046624 ], [ 2.389570744656291, 48.873855532989829 ], [ 2.389660859192769, 48.87384430115663 ], [ 2.390933250048385, 48.873347155046098 ], [ 2.391464502483207, 48.873736570525814 ], [ 2.392039683760879, 48.873984111912392 ], [ 2.392917473509907, 48.874471508776175 ], [ 2.393789472615968, 48.873232149851049 ], [ 2.393973564721435, 48.873111671931191 ], [ 2.394208089936547, 48.872757622085352 ] ] ] ] } },
{ "type": "Feature", "properties": { "code_iris": "751207714", "nom_iris": "Belleville 14", "type_iris": "H", "arr": "20e", "n": 47, "prix_med": 115.0, "pct_multi": 21.3, "pct_entire": 91.5, "ratio_lh": 1.04 }, "geometry": { "type": "MultiPolygon", "coordinates": [ [ [ [ 2.392192854440722, 48.875462493571113 ], [ 2.395223492956283, 48.87524851340546 ], [ 2.395367943655133, 48.875254639095935 ], [ 2.395851462024119, 48.874356848572539 ], [ 2.395968841613609, 48.873522859784394 ], [ 2.396204579509583, 48.87282796479861 ], [ 2.396105086800405, 48.87259003868963 ], [ 2.394793882799594, 48.872678745861727 ], [ 2.394208089936547, 48.872757622085352 ], [ 2.393973564721435, 48.873111671931191 ], [ 2.393789472615968, 48.873232149851049 ], [ 2.392917473509907, 48.874471508776175 ], [ 2.392192854440722, 48.875462493571113 ] ] ] ] } },
{ "type": "Feature", "properties": { "code_iris": "751207801", "nom_iris": "Saint-Fargeau 1", "type_iris": "H", "arr": "20e", "n": 16, "prix_med": 65.5, "pct_multi": 25.0, "pct_entire": 50.0, "ratio_lh": 1.07 }, "geometry": { "type": "MultiPolygon", "coordinates": [ [ [ [ 2.406582644292136, 48.877113915776803 ], [ 2.40793407929123, 48.877572070607719 ], [ 2.410820319151064, 48.878436175815359 ], [ 2.412208384325074, 48.876742368492501 ], [ 2.412453090020587, 48.876443193702137 ], [ 2.413431063629795, 48.873140250511526 ], [ 2.413649310091609, 48.872403867071675 ], [ 2.41393245838964, 48.869533680253653 ], [ 2.413977335687163, 48.865181109189805 ], [ 2.413883736160339, 48.86526159132859 ], [ 2.411846232183755, 48.865105003611539 ], [ 2.411378545279628, 48.864995683010839 ], [ 2.410957601593311, 48.864972027849447 ], [ 2.409007739196652, 48.864541524426585 ], [ 2.408742229271848, 48.864515031520327 ], [ 2.408887644498474, 48.866355797282822 ], [ 2.410156143131021, 48.866410619765659 ], [ 2.411143255092168, 48.866516206290676 ], [ 2.410874618083768, 48.869176021905005 ], [ 2.410742023834637, 48.870653876166415 ], [ 2.410593911649782, 48.870610878201234 ], [ 2.410319569693864, 48.870639205015742 ], [ 2.40912576101482, 48.870600941735653 ], [ 2.408707815938089, 48.870549414424367 ], [ 2.408697804628778, 48.870830856722797 ], [ 2.408329230150583, 48.873393934684103 ], [ 2.408121019737999, 48.874079995189206 ], [ 2.407320229809146, 48.875800051168319 ], [ 2.406582644292136, 48.877113915776803 ] ] ] ] } },
{ "type": "Feature", "properties": { "code_iris": "751207802", "nom_iris": "Saint-Fargeau 2", "type_iris": "H", "arr": "20e", "n": 51, "prix_med": 120.0, "pct_multi": 21.6, "pct_entire": 88.2, "ratio_lh": 1.02 }, "geometry": { "type": "MultiPolygon", "coordinates": [ [ [ [ 2.409011359408513, 48.867947336320654 ], [ 2.408887644498474, 48.866355797282822 ], [ 2.408742229271848, 48.864515031520327 ], [ 2.408506533214125, 48.8645039741495 ], [ 2.408540563596726, 48.864388127500831 ], [ 2.408203742670079, 48.864279441022411 ], [ 2.40633232848506, 48.862351878542533 ], [ 2.405007873604681, 48.862789575842825 ], [ 2.404611785313311, 48.862978266348371 ], [ 2.404060536342712, 48.863384722887531 ], [ 2.404003366346003, 48.86349685581748 ], [ 2.404070041519558, 48.863745405905689 ], [ 2.40434376249077, 48.864364615440415 ], [ 2.404139752967521, 48.864681966293055 ], [ 2.404637454149556, 48.864668255049125 ], [ 2.405913316696164, 48.866105443801295 ], [ 2.406320308386402, 48.866397050307334 ], [ 2.407746253345779, 48.867351117719693 ], [ 2.407823777869464, 48.867366790046724 ], [ 2.407830031257993, 48.867416284545143 ], [ 2.408553965860712, 48.8678902174304 ], [ 2.40866373726753, 48.867947418043087 ], [ 2.40880003125866, 48.867949890011111 ], [ 2.409011171766067, 48.868084034591895 ], [ 2.409011359408513, 48.867947336320654 ] ] ] ] } },
{ "type": "Feature", "properties": { "code_iris": "751207803", "nom_iris": "Saint-Fargeau 3", "type_iris": "H", "arr": "20e", "n": 2, "prix_med": 380.5, "pct_multi": 0.0, "pct_entire": 100.0, "ratio_lh": 1.0 }, "geometry": { "type": "MultiPolygon", "coordinates": [ [ [ [ 2.408887644498474, 48.866355797282822 ], [ 2.409011359408513, 48.867947336320654 ], [ 2.410080532927751, 48.867911241287445 ], [ 2.409993080982839, 48.869133008301922 ], [ 2.410874618083768, 48.869176021905005 ], [ 2.411143255092168, 48.866516206290676 ], [ 2.410156143131021, 48.866410619765659 ], [ 2.408887644498474, 48.866355797282822 ] ] ] ] } },
{ "type": "Feature", "properties": { "code_iris": "751207804", "nom_iris": "Saint-Fargeau 4", "type_iris": "H", "arr": "20e", "n": 4, "prix_med": 93.0, "pct_multi": 25.0, "pct_entire": 75.0, "ratio_lh": 1.0 }, "geometry": { "type": "MultiPolygon", "coordinates": [ [ [ [ 2.408707815938089, 48.870549414424367 ], [ 2.40912576101482, 48.870600941735653 ], [ 2.410319569693864, 48.870639205015742 ], [ 2.410593911649782, 48.870610878201234 ], [ 2.410742023834637, 48.870653876166415 ], [ 2.410874618083768, 48.869176021905005 ], [ 2.409993080982839, 48.869133008301922 ], [ 2.410080532927751, 48.867911241287445 ], [ 2.409011359408513, 48.867947336320654 ], [ 2.409011171766067, 48.868084034591895 ], [ 2.40882401769707, 48.869079575053689 ], [ 2.408707815938089, 48.870549414424367 ] ] ] ] } },
{ "type": "Feature", "properties": { "code_iris": "751207805", "nom_iris": "Saint-Fargeau 5", "type_iris": "H", "arr": "20e", "n": 43, "prix_med": 108.0, "pct_multi": 20.9, "pct_entire": 88.4, "ratio_lh": 1.08 }, "geometry": { "type": "MultiPolygon", "coordinates": [ [ [ [ 2.405419679407623, 48.869225492014635 ], [ 2.406831569565314, 48.869982543326074 ], [ 2.407004142761939, 48.870031962531158 ], [ 2.407995305756252, 48.870506321799652 ], [ 2.40815466860156, 48.870518801241758 ], [ 2.408323404977569, 48.870666227024195 ], [ 2.408697804628778, 48.870830856722797 ], [ 2.408707815938089, 48.870549414424367 ], [ 2.40882401769707, 48.869079575053689 ], [ 2.409011171766067, 48.868084034591895 ], [ 2.40880003125866, 48.867949890011111 ], [ 2.40866373726753, 48.867947418043087 ], [ 2.408553965860712, 48.8678902174304 ], [ 2.407830031257993, 48.867416284545143 ], [ 2.407823777869464, 48.867366790046724 ], [ 2.407746253345779, 48.867351117719693 ], [ 2.406320308386402, 48.866397050307334 ], [ 2.405709143644482, 48.867512793613983 ], [ 2.405500254252798, 48.868974078099193 ], [ 2.405419679407623, 48.869225492014635 ] ] ] ] } },
{ "type": "Feature", "properties": { "code_iris": "751207806", "nom_iris": "Saint-Fargeau 6", "type_iris": "H", "arr": "20e", "n": 48, "prix_med": 96.5, "pct_multi": 14.6, "pct_entire": 93.8, "ratio_lh": 1.04 }, "geometry": { "type": "MultiPolygon", "coordinates": [ [ [ [ 2.402261946337978, 48.867243812931875 ], [ 2.40357915703031, 48.867807973387798 ], [ 2.403449933991261, 48.868021371687114 ], [ 2.404247854336167, 48.868579337566011 ], [ 2.405419679407623, 48.869225492014635 ], [ 2.405500254252798, 48.868974078099193 ], [ 2.405709143644482, 48.867512793613983 ], [ 2.406320308386402, 48.866397050307334 ], [ 2.405913316696164, 48.866105443801295 ], [ 2.404637454149556, 48.864668255049125 ], [ 2.404139752967521, 48.864681966293055 ], [ 2.402261946337978, 48.867243812931875 ] ] ] ] } },
{ "type": "Feature", "properties": { "code_iris": "751207807", "nom_iris": "Saint-Fargeau 7", "type_iris": "H", "arr": "20e", "n": 39, "prix_med": 100.0, "pct_multi": 15.4, "pct_entire": 94.9, "ratio_lh": 1.0 }, "geometry": { "type": "MultiPolygon", "coordinates": [ [ [ [ 2.405419679407623, 48.869225492014635 ], [ 2.404247854336167, 48.868579337566011 ], [ 2.403449933991261, 48.868021371687114 ], [ 2.40357915703031, 48.867807973387798 ], [ 2.402261946337978, 48.867243812931875 ], [ 2.401427664849187, 48.868311654009368 ], [ 2.404344603720993, 48.871682526583335 ], [ 2.405419679407623, 48.869225492014635 ] ] ] ] } },
{ "type": "Feature", "properties": { "code_iris": "751207808", "nom_iris": "Saint-Fargeau 8", "type_iris": "H", "arr": "20e", "n": 37, "prix_med": 103.0, "pct_multi": 40.5, "pct_entire": 91.9, "ratio_lh": 1.16 }, "geometry": { "type": "MultiPolygon", "coordinates": [ [ [ [ 2.401427664849187, 48.868311654009368 ], [ 2.400697307722229, 48.869112006517156 ], [ 2.399253480440672, 48.870779332340689 ], [ 2.400340389186635, 48.871103147173635 ], [ 2.40081222847616, 48.871209832925544 ], [ 2.40185663737929, 48.871555904380806 ], [ 2.402368502791478, 48.871620515206637 ], [ 2.404344603720993, 48.871682526583335 ], [ 2.401427664849187, 48.868311654009368 ] ] ] ] } },
{ "type": "Feature", "properties": { "code_iris": "751207809", "nom_iris": "Saint-Fargeau 9", "type_iris": "H", "arr": "20e", "n": 32, "prix_med": 98.0, "pct_multi": 15.6, "pct_entire": 90.6, "ratio_lh": 1.03 }, "geometry": { "type": "MultiPolygon", "coordinates": [ [ [ [ 2.405419679407623, 48.869225492014635 ], [ 2.404344603720993, 48.871682526583335 ], [ 2.404398475263162, 48.871740352041769 ], [ 2.405689869137903, 48.874937603533994 ], [ 2.406458903984256, 48.876964912925111 ], [ 2.406582644292136, 48.877113915776803 ], [ 2.407320229809146, 48.875800051168319 ], [ 2.408121019737999, 48.874079995189206 ], [ 2.408329230150583, 48.873393934684103 ], [ 2.408697804628778, 48.870830856722797 ], [ 2.408323404977569, 48.870666227024195 ], [ 2.40815466860156, 48.870518801241758 ], [ 2.407995305756252, 48.870506321799652 ], [ 2.407004142761939, 48.870031962531158 ], [ 2.406831569565314, 48.869982543326074 ], [ 2.405419679407623, 48.869225492014635 ] ] ] ] } },
{ "type": "Feature", "properties": { "code_iris": "751207810", "nom_iris": "Saint-Fargeau 10", "type_iris": "H", "arr": "20e", "n": 20, "prix_med": 83.0, "pct_multi": 0.0, "pct_entire": 100.0, "ratio_lh": 1.0 }, "geometry": { "type": "MultiPolygon", "coordinates": [ [ [ [ 2.402562321487233, 48.87599853482191 ], [ 2.406011141106451, 48.877013054499066 ], [ 2.406582644292136, 48.877113915776803 ], [ 2.406458903984256, 48.876964912925111 ], [ 2.405689869137903, 48.874937603533994 ], [ 2.404749670785394, 48.874770152983018 ], [ 2.40442732501899, 48.87553657867403 ], [ 2.404095297183348, 48.875480067101726 ], [ 2.404372771031357, 48.874703526329995 ], [ 2.403179437201545, 48.874497031609842 ], [ 2.402562321487233, 48.87599853482191 ] ] ] ] } },
{ "type": "Feature", "properties": { "code_iris": "751207811", "nom_iris": "Saint-Fargeau 11", "type_iris": "H", "arr": "20e", "n": 16, "prix_med": 94.5, "pct_multi": 18.8, "pct_entire": 81.2, "ratio_lh": 1.0 }, "geometry": { "type": "MultiPolygon", "coordinates": [ [ [ [ 2.40341537537309, 48.873895655081988 ], [ 2.403179437201545, 48.874497031609842 ], [ 2.404372771031357, 48.874703526329995 ], [ 2.404095297183348, 48.875480067101726 ], [ 2.40442732501899, 48.87553657867403 ], [ 2.404749670785394, 48.874770152983018 ], [ 2.405689869137903, 48.874937603533994 ], [ 2.404398475263162, 48.871740352041769 ], [ 2.40341537537309, 48.873895655081988 ] ] ] ] } },
{ "type": "Feature", "properties": { "code_iris": "751207812", "nom_iris": "Saint-Fargeau 12", "type_iris": "H", "arr": "20e", "n": 25, "prix_med": 99.0, "pct_multi": 28.0, "pct_entire": 84.0, "ratio_lh": 1.0 }, "geometry": { "type": "MultiPolygon", "coordinates": [ [ [ [ 2.404344603720993, 48.871682526583335 ], [ 2.402368502791478, 48.871620515206637 ], [ 2.40129673231315, 48.87329871227179 ], [ 2.40341537537309, 48.873895655081988 ], [ 2.404398475263162, 48.871740352041769 ], [ 2.404344603720993, 48.871682526583335 ] ] ] ] } },
{ "type": "Feature", "properties": { "code_iris": "751207813", "nom_iris": "Saint-Fargeau 13", "type_iris": "H", "arr": "20e", "n": 9, "prix_med": 119.0, "pct_multi": 33.3, "pct_entire": 77.8, "ratio_lh": 1.0 }, "geometry": { "type": "MultiPolygon", "coordinates": [ [ [ [ 2.399270342146977, 48.872745362437023 ], [ 2.40129673231315, 48.87329871227179 ], [ 2.402368502791478, 48.871620515206637 ], [ 2.40185663737929, 48.871555904380806 ], [ 2.40081222847616, 48.871209832925544 ], [ 2.400340389186635, 48.871103147173635 ], [ 2.399270342146977, 48.872745362437023 ] ] ] ] } },
{ "type": "Feature", "properties": { "code_iris": "751207814", "nom_iris": "Saint-Fargeau 14", "type_iris": "H", "arr": "20e", "n": 35, "prix_med": 128.0, "pct_multi": 22.9, "pct_entire": 91.4, "ratio_lh": 1.09 }, "geometry": { "type": "MultiPolygon", "coordinates": [ [ [ [ 2.398965987022432, 48.875491296088789 ], [ 2.399208122171167, 48.875539276809235 ], [ 2.402562321487233, 48.87599853482191 ], [ 2.403179437201545, 48.874497031609842 ], [ 2.40341537537309, 48.873895655081988 ], [ 2.40129673231315, 48.87329871227179 ], [ 2.399270342146977, 48.872745362437023 ], [ 2.399202257032135, 48.874274786497047 ], [ 2.398965987022432, 48.875491296088789 ] ] ] ] } },
{ "type": "Feature", "properties": { "code_iris": "751207815", "nom_iris": "Saint-Fargeau 15", "type_iris": "H", "arr": "20e", "n": 47, "prix_med": 128.0, "pct_multi": 12.8, "pct_entire": 91.5, "ratio_lh": 1.02 }, "geometry": { "type": "MultiPolygon", "coordinates": [ [ [ [ 2.399253480440672, 48.870779332340689 ], [ 2.398117166803824, 48.870484937135984 ], [ 2.397595847380182, 48.870296152046897 ], [ 2.396793004598115, 48.870167101075175 ], [ 2.395751001263629, 48.870088999083208 ], [ 2.395358096967792, 48.870700362156754 ], [ 2.396105086800405, 48.87259003868963 ], [ 2.396219924120066, 48.872562738633064 ], [ 2.397106637946304, 48.872751571495002 ], [ 2.397805542455445, 48.872322509891454 ], [ 2.39785551514834, 48.872363231328805 ], [ 2.399270342146977, 48.872745362437023 ], [ 2.400340389186635, 48.871103147173635 ], [ 2.399253480440672, 48.870779332340689 ] ] ] ] } },
{ "type": "Feature", "properties": { "code_iris": "751207816", "nom_iris": "Saint-Fargeau 16", "type_iris": "H", "arr": "20e", "n": 38, "prix_med": 102.0, "pct_multi": 28.9, "pct_entire": 81.6, "ratio_lh": 1.12 }, "geometry": { "type": "MultiPolygon", "coordinates": [ [ [ [ 2.395367943655133, 48.875254639095935 ], [ 2.397921938826138, 48.875462666902379 ], [ 2.398965987022432, 48.875491296088789 ], [ 2.399202257032135, 48.874274786497047 ], [ 2.399270342146977, 48.872745362437023 ], [ 2.39785551514834, 48.872363231328805 ], [ 2.397805542455445, 48.872322509891454 ], [ 2.397106637946304, 48.872751571495002 ], [ 2.396219924120066, 48.872562738633064 ], [ 2.396105086800405, 48.87259003868963 ], [ 2.396204579509583, 48.87282796479861 ], [ 2.395968841613609, 48.873522859784394 ], [ 2.395851462024119, 48.874356848572539 ], [ 2.395367943655133, 48.875254639095935 ] ] ] ] } },
{ "type": "Feature", "properties": { "code_iris": "751207901", "nom_iris": "Père Lachaise 1", "type_iris": "H", "arr": "20e", "n": 51, "prix_med": 134.0, "pct_multi": 17.6, "pct_entire": 94.1, "ratio_lh": 1.06 }, "geometry": { "type": "MultiPolygon", "coordinates": [ [ [ [ 2.40633232848506, 48.862351878542533 ], [ 2.405873145987859, 48.861858559155067 ], [ 2.40581523510449, 48.861797116377431 ], [ 2.405627923231294, 48.861727836220993 ], [ 2.404972971325988, 48.861071658874906 ], [ 2.404875022851394, 48.861054983653538 ], [ 2.404590624485529, 48.861371037007153 ], [ 2.403914964507958, 48.861930661871092 ], [ 2.403451595142563, 48.862400507574399 ], [ 2.403244642273883, 48.862618015856185 ], [ 2.402712891373313, 48.862987690578159 ], [ 2.402223055500569, 48.863267638095699 ], [ 2.401726017301952, 48.863462110153662 ], [ 2.399846336824713, 48.864168574328311 ], [ 2.399135844391524, 48.864076873955753 ], [ 2.398598803677341, 48.864782856916364 ], [ 2.398680787744251, 48.864883994971876 ], [ 2.404139752967521, 48.864681966293055 ], [ 2.40434376249077, 48.864364615440415 ], [ 2.404070041519558, 48.863745405905689 ], [ 2.404003366346003, 48.86349685581748 ], [ 2.404060536342712, 48.863384722887531 ], [ 2.404611785313311, 48.862978266348371 ], [ 2.405007873604681, 48.862789575842825 ], [ 2.40633232848506, 48.862351878542533 ] ] ] ] } },
{ "type": "Feature", "properties": { "code_iris": "751207902", "nom_iris": "Père Lachaise 2", "type_iris": "H", "arr": "20e", "n": 33, "prix_med": 108.0, "pct_multi": 21.2, "pct_entire": 84.8, "ratio_lh": 1.06 }, "geometry": { "type": "MultiPolygon", "coordinates": [ [ [ [ 2.403451595142563, 48.862400507574399 ], [ 2.403914964507958, 48.861930661871092 ], [ 2.404590624485529, 48.861371037007153 ], [ 2.404875022851394, 48.861054983653538 ], [ 2.404805785747011, 48.860792031181759 ], [ 2.404316060619388, 48.860349815653564 ], [ 2.402143560963579, 48.85914825031454 ], [ 2.401281336271271, 48.859812152487322 ], [ 2.400745444340595, 48.860424621437822 ], [ 2.400525225158789, 48.860847109299549 ], [ 2.400203065380947, 48.861717857833312 ], [ 2.401242200075708, 48.862031535833545 ], [ 2.401740920193409, 48.861570868598008 ], [ 2.403451595142563, 48.862400507574399 ] ] ] ] } },
{ "type": "Feature", "properties": { "code_iris": "751207903", "nom_iris": "Père Lachaise 3", "type_iris": "H", "arr": "20e", "n": 42, "prix_med": 94.5, "pct_multi": 11.9, "pct_entire": 90.5, "ratio_lh": 1.0 }, "geometry": { "type": "MultiPolygon", "coordinates": [ [ [ [ 2.399135844391524, 48.864076873955753 ], [ 2.399846336824713, 48.864168574328311 ], [ 2.401726017301952, 48.863462110153662 ], [ 2.402223055500569, 48.863267638095699 ], [ 2.402712891373313, 48.862987690578159 ], [ 2.403244642273883, 48.862618015856185 ], [ 2.403451595142563, 48.862400507574399 ], [ 2.401740920193409, 48.861570868598008 ], [ 2.401242200075708, 48.862031535833545 ], [ 2.400203065380947, 48.861717857833312 ], [ 2.400020128241349, 48.862571316081294 ], [ 2.399772017890336, 48.863165436235256 ], [ 2.399135844391524, 48.864076873955753 ] ] ] ] } },
{ "type": "Feature", "properties": { "code_iris": "751207904", "nom_iris": "Père Lachaise 4", "type_iris": "H", "arr": "20e", "n": 34, "prix_med": 139.5, "pct_multi": 20.6, "pct_entire": 97.1, "ratio_lh": 1.06 }, "geometry": { "type": "MultiPolygon", "coordinates": [ [ [ [ 2.398598803677341, 48.864782856916364 ], [ 2.399135844391524, 48.864076873955753 ], [ 2.399772017890336, 48.863165436235256 ], [ 2.400020128241349, 48.862571316081294 ], [ 2.400203065380947, 48.861717857833312 ], [ 2.399230324373484, 48.861439578355736 ], [ 2.398455793762403, 48.862411474471919 ], [ 2.397258717929933, 48.86349725259489 ], [ 2.396283828688755, 48.864226201265801 ], [ 2.395554336726714, 48.864950085880984 ], [ 2.396067773967051, 48.864990450150934 ], [ 2.398191095092454, 48.864912111175634 ], [ 2.398222173243538, 48.864817836711545 ], [ 2.398319584134768, 48.864763466705242 ], [ 2.398469801031147, 48.864739939610942 ], [ 2.398598803677341, 48.864782856916364 ] ] ] ] } },
{ "type": "Feature", "properties": { "code_iris": "751207905", "nom_iris": "Père Lachaise 5", "type_iris": "H", "arr": "20e", "n": 114, "prix_med": 117.5, "pct_multi": 29.8, "pct_entire": 93.9, "ratio_lh": 1.06 }, "geometry": { "type": "MultiPolygon", "coordinates": [ [ [ [ 2.394345091773725, 48.85651981725605 ], [ 2.392167384833463, 48.857667134364611 ], [ 2.389819086218175, 48.858359371620729 ], [ 2.389546437996218, 48.858480292169283 ], [ 2.388879258024645, 48.859816912036926 ], [ 2.387377786989926, 48.862898482059187 ], [ 2.388035645371652, 48.863058333433472 ], [ 2.391092644162676, 48.863794299186502 ], [ 2.395554336726714, 48.864950085880984 ], [ 2.396283828688755, 48.864226201265801 ], [ 2.397258717929933, 48.86349725259489 ], [ 2.398455793762403, 48.862411474471919 ], [ 2.399230324373484, 48.861439578355736 ], [ 2.400203065380947, 48.861717857833312 ], [ 2.400525225158789, 48.860847109299549 ], [ 2.400745444340595, 48.860424621437822 ], [ 2.401281336271271, 48.859812152487322 ], [ 2.402143560963579, 48.85914825031454 ], [ 2.399482260556796, 48.857675287347398 ], [ 2.399341796847571, 48.857563962801322 ], [ 2.398851425764261, 48.857302488638013 ], [ 2.397817955136182, 48.856979823031381 ], [ 2.397128579397311, 48.856838751821201 ], [ 2.396250509121196, 48.856750685530166 ], [ 2.395390895547421, 48.856716666861992 ], [ 2.394345091773725, 48.85651981725605 ] ] ] ] } },
{ "type": "Feature", "properties": { "code_iris": "751207906", "nom_iris": "Père Lachaise 6", "type_iris": "H", "arr": "20e", "n": 34, "prix_med": 96.0, "pct_multi": 23.5, "pct_entire": 85.3, "ratio_lh": 1.0 }, "geometry": { "type": "MultiPolygon", "coordinates": [ [ [ [ 2.387377786989926, 48.862898482059187 ], [ 2.387201100440798, 48.863086439467125 ], [ 2.38391313024185, 48.865983426127585 ], [ 2.385147200602995, 48.866411562883997 ], [ 2.385378450272829, 48.866453220950739 ], [ 2.385465269865747, 48.866373625487533 ], [ 2.385608936261677, 48.866328496716314 ], [ 2.387015362605851, 48.866708034912541 ], [ 2.387497181612758, 48.865728422172573 ], [ 2.387999470843238, 48.864861329053745 ], [ 2.38727612218495, 48.864588724907868 ], [ 2.388261156658704, 48.863239354875439 ], [ 2.388105127823723, 48.863177401933442 ], [ 2.388035645371652, 48.863058333433472 ], [ 2.387377786989926, 48.862898482059187 ] ] ] ] } },
{ "type": "Feature", "properties": { "code_iris": "751207907", "nom_iris": "Père Lachaise 7", "type_iris": "H", "arr": "20e", "n": 60, "prix_med": 99.0, "pct_multi": 20.0, "pct_entire": 91.7, "ratio_lh": 1.03 }, "geometry": { "type": "MultiPolygon", "coordinates": [ [ [ [ 2.38391313024185, 48.865983426127585 ], [ 2.383583978668193, 48.866266822302812 ], [ 2.383069142721887, 48.867034904182425 ], [ 2.383347495835125, 48.867128071299426 ], [ 2.389647950671858, 48.868663161391233 ], [ 2.390665119756101, 48.867831060125177 ], [ 2.3903298718691, 48.867822158206955 ], [ 2.390714861884181, 48.867307898184592 ], [ 2.390470904617933, 48.867303058686971 ], [ 2.390339992360949, 48.867539817401202 ], [ 2.388987424258246, 48.867329669525127 ], [ 2.387015362605851, 48.866708034912541 ], [ 2.385608936261677, 48.866328496716314 ], [ 2.385465269865747, 48.866373625487533 ], [ 2.385378450272829, 48.866453220950739 ], [ 2.385147200602995, 48.866411562883997 ], [ 2.38391313024185, 48.865983426127585 ] ] ] ] } },
{ "type": "Feature", "properties": { "code_iris": "751207908", "nom_iris": "Père Lachaise 8", "type_iris": "H", "arr": "20e", "n": 6, "prix_med": 102.5, "pct_multi": 0.0, "pct_entire": 100.0, "ratio_lh": 1.0 }, "geometry": { "type": "MultiPolygon", "coordinates": [ [ [ [ 2.387015362605851, 48.866708034912541 ], [ 2.388987424258246, 48.867329669525127 ], [ 2.388999605553975, 48.867220911671765 ], [ 2.389648666952411, 48.866391434977473 ], [ 2.389680364598988, 48.866012974489209 ], [ 2.389847076201049, 48.865512891943794 ], [ 2.389751545326594, 48.864940424159137 ], [ 2.389631914714663, 48.864679904532515 ], [ 2.389044504136973, 48.863857607133852 ], [ 2.388261156658704, 48.863239354875439 ], [ 2.38727612218495, 48.864588724907868 ], [ 2.387999470843238, 48.864861329053745 ], [ 2.387497181612758, 48.865728422172573 ], [ 2.387015362605851, 48.866708034912541 ] ] ] ] } },
{ "type": "Feature", "properties": { "code_iris": "751207909", "nom_iris": "Père Lachaise 9", "type_iris": "H", "arr": "20e", "n": 19, "prix_med": 123.0, "pct_multi": 10.5, "pct_entire": 89.5, "ratio_lh": 1.0 }, "geometry": { "type": "MultiPolygon", "coordinates": [ [ [ [ 2.388261156658704, 48.863239354875439 ], [ 2.389044504136973, 48.863857607133852 ], [ 2.38922049373156, 48.863845015289606 ], [ 2.389736398949831, 48.863906104299033 ], [ 2.391451757591644, 48.864441852958251 ], [ 2.391186101333957, 48.865128497728826 ], [ 2.392353349184037, 48.865094858724305 ], [ 2.393029329579326, 48.865574939274929 ], [ 2.393557974289527, 48.865597404588144 ], [ 2.394140034071517, 48.865715468013775 ], [ 2.394320466841067, 48.865790127131909 ], [ 2.395554336726714, 48.864950085880984 ], [ 2.391092644162676, 48.863794299186502 ], [ 2.388035645371652, 48.863058333433472 ], [ 2.388105127823723, 48.863177401933442 ], [ 2.388261156658704, 48.863239354875439 ] ] ] ] } },
{ "type": "Feature", "properties": { "code_iris": "751207910", "nom_iris": "Père Lachaise 10", "type_iris": "H", "arr": "20e", "n": 26, "prix_med": 102.0, "pct_multi": 7.7, "pct_entire": 96.2, "ratio_lh": 1.0 }, "geometry": { "type": "MultiPolygon", "coordinates": [ [ [ [ 2.390665119756101, 48.867831060125177 ], [ 2.392959107005443, 48.866687965729369 ], [ 2.394320466841067, 48.865790127131909 ], [ 2.394140034071517, 48.865715468013775 ], [ 2.393557974289527, 48.865597404588144 ], [ 2.393029329579326, 48.865574939274929 ], [ 2.392353349184037, 48.865094858724305 ], [ 2.391186101333957, 48.865128497728826 ], [ 2.391451757591644, 48.864441852958251 ], [ 2.389736398949831, 48.863906104299033 ], [ 2.38922049373156, 48.863845015289606 ], [ 2.389044504136973, 48.863857607133852 ], [ 2.389631914714663, 48.864679904532515 ], [ 2.389751545326594, 48.864940424159137 ], [ 2.389847076201049, 48.865512891943794 ], [ 2.389680364598988, 48.866012974489209 ], [ 2.389648666952411, 48.866391434977473 ], [ 2.388999605553975, 48.867220911671765 ], [ 2.388987424258246, 48.867329669525127 ], [ 2.390339992360949, 48.867539817401202 ], [ 2.390470904617933, 48.867303058686971 ], [ 2.390714861884181, 48.867307898184592 ], [ 2.3903298718691, 48.867822158206955 ], [ 2.390665119756101, 48.867831060125177 ] ] ] ] } },
{ "type": "Feature", "properties": { "code_iris": "751207911", "nom_iris": "Père Lachaise 11", "type_iris": "H", "arr": "20e", "n": 37, "prix_med": 100.0, "pct_multi": 16.2, "pct_entire": 89.2, "ratio_lh": 1.0 }, "geometry": { "type": "MultiPolygon", "coordinates": [ [ [ [ 2.39143129021869, 48.869111118818509 ], [ 2.392580685583084, 48.869330100270041 ], [ 2.393175253810518, 48.869548057671956 ], [ 2.393995809112611, 48.868856127976173 ], [ 2.394526517220333, 48.868469400639718 ], [ 2.393210825672544, 48.868015766792517 ], [ 2.392477811254335, 48.867864556907598 ], [ 2.392959107005443, 48.866687965729369 ], [ 2.390665119756101, 48.867831060125177 ], [ 2.389647950671858, 48.868663161391233 ], [ 2.39143129021869, 48.869111118818509 ] ] ] ] } },
{ "type": "Feature", "properties": { "code_iris": "751207912", "nom_iris": "Père Lachaise 12", "type_iris": "H", "arr": "20e", "n": 51, "prix_med": 143.0, "pct_multi": 37.3, "pct_entire": 88.2, "ratio_lh": 1.11 }, "geometry": { "type": "MultiPolygon", "coordinates": [ [ [ [ 2.394589572838516, 48.869964417850497 ], [ 2.394800957780773, 48.869605752197515 ], [ 2.396395315363083, 48.867545326887985 ], [ 2.395136806099618, 48.866394115054447 ], [ 2.394320466841067, 48.865790127131909 ], [ 2.392959107005443, 48.866687965729369 ], [ 2.392477811254335, 48.867864556907598 ], [ 2.393210825672544, 48.868015766792517 ], [ 2.394526517220333, 48.868469400639718 ], [ 2.393995809112611, 48.868856127976173 ], [ 2.393175253810518, 48.869548057671956 ], [ 2.394437745928335, 48.870007717305597 ], [ 2.394589572838516, 48.869964417850497 ] ] ] ] } },
{ "type": "Feature", "properties": { "code_iris": "751207913", "nom_iris": "Père Lachaise 13", "type_iris": "H", "arr": "20e", "n": 39, "prix_med": 108.0, "pct_multi": 17.9, "pct_entire": 97.4, "ratio_lh": 1.0 }, "geometry": { "type": "MultiPolygon", "coordinates": [ [ [ [ 2.396395315363083, 48.867545326887985 ], [ 2.397107548950103, 48.866665766159201 ], [ 2.398031480111825, 48.865512966956395 ], [ 2.398309330854922, 48.865061096787556 ], [ 2.398220074825647, 48.86499949289712 ], [ 2.398191095092454, 48.864912111175634 ], [ 2.396067773967051, 48.864990450150934 ], [ 2.395554336726714, 48.864950085880984 ], [ 2.394320466841067, 48.865790127131909 ], [ 2.395136806099618, 48.866394115054447 ], [ 2.396395315363083, 48.867545326887985 ] ] ] ] } },
{ "type": "Feature", "properties": { "code_iris": "751207914", "nom_iris": "Père Lachaise 14", "type_iris": "H", "arr": "20e", "n": 51, "prix_med": 111.0, "pct_multi": 17.6, "pct_entire": 92.2, "ratio_lh": 1.02 }, "geometry": { "type": "MultiPolygon", "coordinates": [ [ [ [ 2.397107548950103, 48.866665766159201 ], [ 2.400007692924548, 48.868030246366551 ], [ 2.400496852037756, 48.868169396770277 ], [ 2.401427664849187, 48.868311654009368 ], [ 2.398605230631115, 48.865052691283609 ], [ 2.398491722266155, 48.86508449710422 ], [ 2.398309330854922, 48.865061096787556 ], [ 2.398031480111825, 48.865512966956395 ], [ 2.397107548950103, 48.866665766159201 ] ] ] ] } },
{ "type": "Feature", "properties": { "code_iris": "751207915", "nom_iris": "Père Lachaise 15", "type_iris": "H", "arr": "20e", "n": 41, "prix_med": 115.0, "pct_multi": 22.0, "pct_entire": 92.7, "ratio_lh": 1.0 }, "geometry": { "type": "MultiPolygon", "coordinates": [ [ [ [ 2.397107548950103, 48.866665766159201 ], [ 2.396395315363083, 48.867545326887985 ], [ 2.394800957780773, 48.869605752197515 ], [ 2.394589572838516, 48.869964417850497 ], [ 2.395751001263629, 48.870088999083208 ], [ 2.39664880643607, 48.869316501314138 ], [ 2.398076962198158, 48.86818333235837 ], [ 2.39942460256381, 48.868589407856412 ], [ 2.400697307722229, 48.869112006517156 ], [ 2.401427664849187, 48.868311654009368 ], [ 2.400496852037756, 48.868169396770277 ], [ 2.400007692924548, 48.868030246366551 ], [ 2.397107548950103, 48.866665766159201 ] ] ] ] } },
{ "type": "Feature", "properties": { "code_iris": "751207916", "nom_iris": "Père Lachaise 16", "type_iris": "H", "arr": "20e", "n": 28, "prix_med": 118.0, "pct_multi": 25.0, "pct_entire": 92.9, "ratio_lh": 1.04 }, "geometry": { "type": "MultiPolygon", "coordinates": [ [ [ [ 2.399253480440672, 48.870779332340689 ], [ 2.400697307722229, 48.869112006517156 ], [ 2.39942460256381, 48.868589407856412 ], [ 2.398076962198158, 48.86818333235837 ], [ 2.39664880643607, 48.869316501314138 ], [ 2.395751001263629, 48.870088999083208 ], [ 2.396793004598115, 48.870167101075175 ], [ 2.397595847380182, 48.870296152046897 ], [ 2.398117166803824, 48.870484937135984 ], [ 2.399253480440672, 48.870779332340689 ] ] ] ] } },
{ "type": "Feature", "properties": { "code_iris": "751208001", "nom_iris": "Charonne 1", "type_iris": "H", "arr": "20e", "n": 6, "prix_med": 97.0, "pct_multi": 0.0, "pct_entire": 83.3, "ratio_lh": 1.0 }, "geometry": { "type": "MultiPolygon", "coordinates": [ [ [ [ 2.416341130298895, 48.849233783557054 ], [ 2.416349838517878, 48.848699611161123 ], [ 2.41598393039775, 48.846694967145218 ], [ 2.415971110769568, 48.846622956282296 ], [ 2.411068913600706, 48.847046803379627 ], [ 2.411360533943849, 48.849096964192555 ], [ 2.411497826578455, 48.849127318195656 ], [ 2.413053651359118, 48.849163740070217 ], [ 2.413070580540313, 48.84911256006783 ], [ 2.414338843982989, 48.849272564091564 ], [ 2.416341130298895, 48.849233783557054 ] ] ] ] } },
{ "type": "Feature", "properties": { "code_iris": "751208002", "nom_iris": "Charonne 2", "type_iris": "H", "arr": "20e", "n": 21, "prix_med": 142.0, "pct_multi": 0.0, "pct_entire": 90.5, "ratio_lh": 1.0 }, "geometry": { "type": "MultiPolygon", "coordinates": [ [ [ [ 2.411068913600706, 48.847046803379627 ], [ 2.406296268896808, 48.847454904440625 ], [ 2.406577751785357, 48.848823317717446 ], [ 2.406402014759188, 48.850493441833805 ], [ 2.406284300667074, 48.851495633979866 ], [ 2.40701698160548, 48.851659351733545 ], [ 2.407506034121397, 48.850357715882744 ], [ 2.408934985572615, 48.850529364772605 ], [ 2.409264351938471, 48.849003892391714 ], [ 2.411242379537773, 48.849061308097227 ], [ 2.411360533943849, 48.849096964192555 ], [ 2.411068913600706, 48.847046803379627 ] ] ] ] } },
{ "type": "Feature", "properties": { "code_iris": "751208003", "nom_iris": "Charonne 3", "type_iris": "H", "arr": "20e", "n": 22, "prix_med": 102.0, "pct_multi": 31.8, "pct_entire": 86.4, "ratio_lh": 1.29 }, "geometry": { "type": "MultiPolygon", "coordinates": [ [ [ [ 2.406296268896808, 48.847454904440625 ], [ 2.403457625643953, 48.847707892356269 ], [ 2.39912112864224, 48.848098095635009 ], [ 2.399247185197987, 48.848865877197035 ], [ 2.400791474319113, 48.848837647270365 ], [ 2.400994042976583, 48.848879132506504 ], [ 2.402743647546542, 48.848890577313007 ], [ 2.40243376853026, 48.84965078164781 ], [ 2.402265605828735, 48.849935935637852 ], [ 2.403886984782305, 48.850080726298501 ], [ 2.406402014759188, 48.850493441833805 ], [ 2.406577751785357, 48.848823317717446 ], [ 2.406296268896808, 48.847454904440625 ] ] ] ] } },
{ "type": "Feature", "properties": { "code_iris": "751208004", "nom_iris": "Charonne 4", "type_iris": "H", "arr": "20e", "n": 21, "prix_med": 99.0, "pct_multi": 33.3, "pct_entire": 95.2, "ratio_lh": 1.05 }, "geometry": { "type": "MultiPolygon", "coordinates": [ [ [ [ 2.399247185197987, 48.848865877197035 ], [ 2.398755968948561, 48.850338348022383 ], [ 2.39890254732522, 48.850390347574255 ], [ 2.399101405785528, 48.850399440624258 ], [ 2.39923201019382, 48.850536797968708 ], [ 2.400429842224438, 48.851369310392094 ], [ 2.400718068937876, 48.850717825319947 ], [ 2.4018112992578, 48.850930146811216 ], [ 2.402265605828735, 48.849935935637852 ], [ 2.40243376853026, 48.84965078164781 ], [ 2.402743647546542, 48.848890577313007 ], [ 2.400994042976583, 48.848879132506504 ], [ 2.400791474319113, 48.848837647270365 ], [ 2.399247185197987, 48.848865877197035 ] ] ] ] } },
{ "type": "Feature", "properties": { "code_iris": "751208005", "nom_iris": "Charonne 5", "type_iris": "H", "arr": "20e", "n": 25, "prix_med": 120.0, "pct_multi": 36.0, "pct_entire": 96.0, "ratio_lh": 1.19 }, "geometry": { "type": "MultiPolygon", "coordinates": [ [ [ [ 2.398755968948561, 48.850338348022383 ], [ 2.398394619444394, 48.851301535998793 ], [ 2.399538003488761, 48.851537513426315 ], [ 2.404009957371654, 48.852316225882014 ], [ 2.404292249569254, 48.851226719617003 ], [ 2.4018112992578, 48.850930146811216 ], [ 2.400718068937876, 48.850717825319947 ], [ 2.400429842224438, 48.851369310392094 ], [ 2.39923201019382, 48.850536797968708 ], [ 2.399101405785528, 48.850399440624258 ], [ 2.39890254732522, 48.850390347574255 ], [ 2.398755968948561, 48.850338348022383 ] ] ] ] } },
{ "type": "Feature", "properties": { "code_iris": "751208006", "nom_iris": "Charonne 6", "type_iris": "H", "arr": "20e", "n": 31, "prix_med": 115.0, "pct_multi": 12.9, "pct_entire": 83.9, "ratio_lh": 1.0 }, "geometry": { "type": "MultiPolygon", "coordinates": [ [ [ [ 2.406126037250999, 48.85270717232769 ], [ 2.406284300667074, 48.851495633979866 ], [ 2.406402014759188, 48.850493441833805 ], [ 2.403886984782305, 48.850080726298501 ], [ 2.402265605828735, 48.849935935637852 ], [ 2.4018112992578, 48.850930146811216 ], [ 2.404292249569254, 48.851226719617003 ], [ 2.404009957371654, 48.852316225882014 ], [ 2.404095562822753, 48.85233823665412 ], [ 2.406126037250999, 48.85270717232769 ] ] ] ] } },
{ "type": "Feature", "properties": { "code_iris": "751208007", "nom_iris": "Charonne 7", "type_iris": "H", "arr": "20e", "n": 28, "prix_med": 113.5, "pct_multi": 42.9, "pct_entire": 89.3, "ratio_lh": 1.22 }, "geometry": { "type": "MultiPolygon", "coordinates": [ [ [ [ 2.40970310988235, 48.853338228925423 ], [ 2.410660653408498, 48.853505731070953 ], [ 2.411359133528384, 48.849341581009121 ], [ 2.411360533943849, 48.849096964192555 ], [ 2.411242379537773, 48.849061308097227 ], [ 2.409264351938471, 48.849003892391714 ], [ 2.408934985572615, 48.850529364772605 ], [ 2.407506034121397, 48.850357715882744 ], [ 2.40701698160548, 48.851659351733545 ], [ 2.406284300667074, 48.851495633979866 ], [ 2.406126037250999, 48.85270717232769 ], [ 2.40970310988235, 48.853338228925423 ] ] ] ] } },
{ "type": "Feature", "properties": { "code_iris": "751208008", "nom_iris": "Charonne 8", "type_iris": "H", "arr": "20e", "n": 3, "prix_med": 112.0, "pct_multi": 33.3, "pct_entire": 100.0, "ratio_lh": 1.0 }, "geometry": { "type": "MultiPolygon", "coordinates": [ [ [ [ 2.415437076791711, 48.854386239524707 ], [ 2.416341130298895, 48.849233783557054 ], [ 2.414338843982989, 48.849272564091564 ], [ 2.413070580540313, 48.84911256006783 ], [ 2.413053651359118, 48.849163740070217 ], [ 2.411497826578455, 48.849127318195656 ], [ 2.411360533943849, 48.849096964192555 ], [ 2.411359133528384, 48.849341581009121 ], [ 2.410660653408498, 48.853505731070953 ], [ 2.413001537722837, 48.853911152256472 ], [ 2.413183936029361, 48.8536890086082 ], [ 2.413430571221354, 48.853571503955656 ], [ 2.413826583446288, 48.853501496767102 ], [ 2.414067510022021, 48.853527858540602 ], [ 2.414386668842344, 48.853626550581382 ], [ 2.414529909937257, 48.853735173301004 ], [ 2.414663964752124, 48.853933685678918 ], [ 2.414671200917188, 48.854138772349422 ], [ 2.415437076791711, 48.854386239524707 ] ] ] ] } },
{ "type": "Feature", "properties": { "code_iris": "751208009", "nom_iris": "Charonne 9", "type_iris": "H", "arr": "20e", "n": 5, "prix_med": 74.0, "pct_multi": 20.0, "pct_entire": 100.0, "ratio_lh": 1.0 }, "geometry": { "type": "MultiPolygon", "coordinates": [ [ [ [ 2.414777613619788, 48.858254699816335 ], [ 2.415286455935682, 48.855177828333709 ], [ 2.415437076791711, 48.854386239524707 ], [ 2.414671200917188, 48.854138772349422 ], [ 2.414663964752124, 48.853933685678918 ], [ 2.414529909937257, 48.853735173301004 ], [ 2.414386668842344, 48.853626550581382 ], [ 2.414067510022021, 48.853527858540602 ], [ 2.413826583446288, 48.853501496767102 ], [ 2.413430571221354, 48.853571503955656 ], [ 2.413183936029361, 48.8536890086082 ], [ 2.413001537722837, 48.853911152256472 ], [ 2.410660653408498, 48.853505731070953 ], [ 2.410127597396623, 48.856170568868087 ], [ 2.410402390883936, 48.85633650351663 ], [ 2.411179968187346, 48.85699685474539 ], [ 2.411465416649302, 48.857064810564211 ], [ 2.411481843788328, 48.857179108229133 ], [ 2.413469988661504, 48.857818411097021 ], [ 2.413765308573701, 48.857857630697339 ], [ 2.414432070595024, 48.85783301559136 ], [ 2.414471033849807, 48.858246904699584 ], [ 2.414633672540043, 48.858207229889409 ], [ 2.414777613619788, 48.858254699816335 ] ] ] ] } },
{ "type": "Feature", "properties": { "code_iris": "751208010", "nom_iris": "Charonne 10", "type_iris": "H", "arr": "20e", "n": 10, "prix_med": 103.5, "pct_multi": 50.0, "pct_entire": 80.0, "ratio_lh": 1.0 }, "geometry": { "type": "MultiPolygon", "coordinates": [ [ [ [ 2.410660653408498, 48.853505731070953 ], [ 2.40970310988235, 48.853338228925423 ], [ 2.408982384506084, 48.85476103734829 ], [ 2.407868116774633, 48.855430938439774 ], [ 2.408229868771051, 48.855739405333857 ], [ 2.409271396552414, 48.856677173795752 ], [ 2.409714999732078, 48.8563789812819 ], [ 2.410127597396623, 48.856170568868087 ], [ 2.410660653408498, 48.853505731070953 ] ] ] ] } },
{ "type": "Feature", "properties": { "code_iris": "751208011", "nom_iris": "Charonne 11", "type_iris": "H", "arr": "20e", "n": 6, "prix_med": 90.5, "pct_multi": 16.7, "pct_entire": 100.0, "ratio_lh": 1.0 }, "geometry": { "type": "MultiPolygon", "coordinates": [ [ [ [ 2.405862311786862, 48.856115291860462 ], [ 2.405776226383778, 48.856254263140009 ], [ 2.405876594422222, 48.856297030804399 ], [ 2.407576243059744, 48.857727323375769 ], [ 2.409271396552414, 48.856677173795752 ], [ 2.408229868771051, 48.855739405333857 ], [ 2.408058872055885, 48.855795218412204 ], [ 2.405862311786862, 48.856115291860462 ] ] ] ] } },
{ "type": "Feature", "properties": { "code_iris": "751208012", "nom_iris": "Charonne 12", "type_iris": "H", "arr": "20e", "n": 42, "prix_med": 94.5, "pct_multi": 21.4, "pct_entire": 92.9, "ratio_lh": 1.05 }, "geometry": { "type": "MultiPolygon", "coordinates": [ [ [ [ 2.405862311786862, 48.856115291860462 ], [ 2.408058872055885, 48.855795218412204 ], [ 2.408229868771051, 48.855739405333857 ], [ 2.407868116774633, 48.855430938439774 ], [ 2.408982384506084, 48.85476103734829 ], [ 2.40970310988235, 48.853338228925423 ], [ 2.406126037250999, 48.85270717232769 ], [ 2.405271952043735, 48.855418063215566 ], [ 2.404940183560651, 48.856185355567995 ], [ 2.405667877861965, 48.856074755046222 ], [ 2.405862311786862, 48.856115291860462 ] ] ] ] } },
{ "type": "Feature", "properties": { "code_iris": "751208013", "nom_iris": "Charonne 13", "type_iris": "H", "arr": "20e", "n": 49, "prix_med": 100.0, "pct_multi": 20.4, "pct_entire": 87.8, "ratio_lh": 1.07 }, "geometry": { "type": "MultiPolygon", "coordinates": [ [ [ [ 2.404940183560651, 48.856185355567995 ], [ 2.405271952043735, 48.855418063215566 ], [ 2.406126037250999, 48.85270717232769 ], [ 2.404095562822753, 48.85233823665412 ], [ 2.40262688022139, 48.853965031059417 ], [ 2.402880858814554, 48.854279272079751 ], [ 2.403058493102383, 48.85459582966282 ], [ 2.403854609840538, 48.855054868717716 ], [ 2.404403101385761, 48.855955148752891 ], [ 2.404751804008241, 48.85621139903612 ], [ 2.404940183560651, 48.856185355567995 ] ] ] ] } },
{ "type": "Feature", "properties": { "code_iris": "751208014", "nom_iris": "Charonne 14", "type_iris": "H", "arr": "20e", "n": 39, "prix_med": 105.0, "pct_multi": 30.8, "pct_entire": 71.8, "ratio_lh": 1.22 }, "geometry": { "type": "MultiPolygon", "coordinates": [ [ [ [ 2.40262688022139, 48.853965031059417 ], [ 2.404095562822753, 48.85233823665412 ], [ 2.404009957371654, 48.852316225882014 ], [ 2.399538003488761, 48.851537513426315 ], [ 2.399364756298522, 48.851907176420028 ], [ 2.400782298457655, 48.852953932733698 ], [ 2.401538963550453, 48.853402897680034 ], [ 2.40262688022139, 48.853965031059417 ] ] ] ] } },
{ "type": "Feature", "properties": { "code_iris": "751208015", "nom_iris": "Charonne 15", "type_iris": "H", "arr": "20e", "n": 45, "prix_med": 95.0, "pct_multi": 17.8, "pct_entire": 88.9, "ratio_lh": 1.02 }, "geometry": { "type": "MultiPolygon", "coordinates": [ [ [ [ 2.398394619444394, 48.851301535998793 ], [ 2.397079060811191, 48.852991089519364 ], [ 2.397173808357269, 48.853047326604951 ], [ 2.398467089915238, 48.853405481031238 ], [ 2.399444651161782, 48.853725163759442 ], [ 2.399930323257634, 48.854036976464869 ], [ 2.401477080349513, 48.855230963827147 ], [ 2.40262688022139, 48.853965031059417 ], [ 2.401538963550453, 48.853402897680034 ], [ 2.400782298457655, 48.852953932733698 ], [ 2.399364756298522, 48.851907176420028 ], [ 2.399538003488761, 48.851537513426315 ], [ 2.398394619444394, 48.851301535998793 ] ] ] ] } },
{ "type": "Feature", "properties": { "code_iris": "751208016", "nom_iris": "Charonne 16", "type_iris": "H", "arr": "20e", "n": 38, "prix_med": 106.5, "pct_multi": 15.8, "pct_entire": 89.5, "ratio_lh": 1.0 }, "geometry": { "type": "MultiPolygon", "coordinates": [ [ [ [ 2.397079060811191, 48.852991089519364 ], [ 2.396012785487526, 48.854331138914525 ], [ 2.398669844126095, 48.85508558452679 ], [ 2.399442596353639, 48.855322396551038 ], [ 2.400637105333197, 48.855624271111623 ], [ 2.400740485622769, 48.855523162604811 ], [ 2.400877408530245, 48.855468088684702 ], [ 2.40105194208619, 48.855460868299495 ], [ 2.401210967879583, 48.855498537441946 ], [ 2.401477080349513, 48.855230963827147 ], [ 2.399930323257634, 48.854036976464869 ], [ 2.399444651161782, 48.853725163759442 ], [ 2.398467089915238, 48.853405481031238 ], [ 2.397173808357269, 48.853047326604951 ], [ 2.397079060811191, 48.852991089519364 ] ] ] ] } },
{ "type": "Feature", "properties": { "code_iris": "751208017", "nom_iris": "Charonne 17", "type_iris": "H", "arr": "20e", "n": 31, "prix_med": 90.0, "pct_multi": 25.8, "pct_entire": 90.3, "ratio_lh": 1.0 }, "geometry": { "type": "MultiPolygon", "coordinates": [ [ [ [ 2.403920665249356, 48.857620134693668 ], [ 2.404552172541353, 48.856864230737486 ], [ 2.404940183560651, 48.856185355567995 ], [ 2.404751804008241, 48.85621139903612 ], [ 2.404403101385761, 48.855955148752891 ], [ 2.403854609840538, 48.855054868717716 ], [ 2.403058493102383, 48.85459582966282 ], [ 2.402880858814554, 48.854279272079751 ], [ 2.40262688022139, 48.853965031059417 ], [ 2.401477080349513, 48.855230963827147 ], [ 2.401210967879583, 48.855498537441946 ], [ 2.40105194208619, 48.855460868299495 ], [ 2.400877408530245, 48.855468088684702 ], [ 2.400740485622769, 48.855523162604811 ], [ 2.400637105333197, 48.855624271111623 ], [ 2.400638493845277, 48.855859007765496 ], [ 2.400804828808559, 48.855972259216053 ], [ 2.401072903116679, 48.856008675828257 ], [ 2.401305514327804, 48.855928898615844 ], [ 2.402229135252558, 48.856560361007887 ], [ 2.403920665249356, 48.857620134693668 ] ] ] ] } },
{ "type": "Feature", "properties": { "code_iris": "751208018", "nom_iris": "Charonne 18", "type_iris": "H", "arr": "20e", "n": 18, "prix_med": 78.5, "pct_multi": 11.1, "pct_entire": 94.4, "ratio_lh": 1.0 }, "geometry": { "type": "MultiPolygon", "coordinates": [ [ [ [ 2.406009625624646, 48.858854530654803 ], [ 2.406331947592201, 48.858557547707612 ], [ 2.407576243059744, 48.857727323375769 ], [ 2.405876594422222, 48.856297030804399 ], [ 2.405776226383778, 48.856254263140009 ], [ 2.405862311786862, 48.856115291860462 ], [ 2.405667877861965, 48.856074755046222 ], [ 2.404940183560651, 48.856185355567995 ], [ 2.404552172541353, 48.856864230737486 ], [ 2.403920665249356, 48.857620134693668 ], [ 2.405836085349028, 48.858893240291863 ], [ 2.405896627500643, 48.858843177582031 ], [ 2.406009625624646, 48.858854530654803 ] ] ] ] } },
{ "type": "Feature", "properties": { "code_iris": "751208019", "nom_iris": "Charonne 19", "type_iris": "H", "arr": "20e", "n": 22, "prix_med": 123.5, "pct_multi": 13.6, "pct_entire": 81.8, "ratio_lh": 1.0 }, "geometry": { "type": "MultiPolygon", "coordinates": [ [ [ [ 2.406009625624646, 48.858854530654803 ], [ 2.406224247127948, 48.859038162690794 ], [ 2.407263890793875, 48.859545150719029 ], [ 2.408482880456408, 48.860104278572486 ], [ 2.409052940513529, 48.860556766481253 ], [ 2.409230865022706, 48.860612504865202 ], [ 2.409336114962119, 48.860706556041336 ], [ 2.409352137182538, 48.860615801501012 ], [ 2.410127597396623, 48.856170568868087 ], [ 2.409714999732078, 48.8563789812819 ], [ 2.409271396552414, 48.856677173795752 ], [ 2.407576243059744, 48.857727323375769 ], [ 2.406331947592201, 48.858557547707612 ], [ 2.406009625624646, 48.858854530654803 ] ] ] ] } },
{ "type": "Feature", "properties": { "code_iris": "751208020", "nom_iris": "Charonne 20", "type_iris": "H", "arr": "20e", "n": 7, "prix_med": 110.0, "pct_multi": 14.3, "pct_entire": 85.7, "ratio_lh": 1.0 }, "geometry": { "type": "MultiPolygon", "coordinates": [ [ [ [ 2.409352137182538, 48.860615801501012 ], [ 2.411203190393366, 48.860731045592836 ], [ 2.411569599793694, 48.858701231171651 ], [ 2.411481843788328, 48.857179108229133 ], [ 2.411465416649302, 48.857064810564211 ], [ 2.411179968187346, 48.85699685474539 ], [ 2.410402390883936, 48.85633650351663 ], [ 2.410127597396623, 48.856170568868087 ], [ 2.409352137182538, 48.860615801501012 ] ] ] ] } },
{ "type": "Feature", "properties": { "code_iris": "751208021", "nom_iris": "Charonne 21", "type_iris": "H", "arr": "20e", "n": 1, "prix_med": 60.0, "pct_multi": 0.0, "pct_entire": 0.0, "ratio_lh": 1.0 }, "geometry": { "type": "MultiPolygon", "coordinates": [ [ [ [ 2.414701692063775, 48.858704000544719 ], [ 2.414777613619788, 48.858254699816335 ], [ 2.414633672540043, 48.858207229889409 ], [ 2.414471033849807, 48.858246904699584 ], [ 2.414432070595024, 48.85783301559136 ], [ 2.413765308573701, 48.857857630697339 ], [ 2.413469988661504, 48.857818411097021 ], [ 2.411481843788328, 48.857179108229133 ], [ 2.411569599793694, 48.858701231171651 ], [ 2.411203190393366, 48.860731045592836 ], [ 2.409352137182538, 48.860615801501012 ], [ 2.409336114962119, 48.860706556041336 ], [ 2.40873391082897, 48.863926822107388 ], [ 2.408742229271848, 48.864515031520327 ], [ 2.409007739196652, 48.864541524426585 ], [ 2.410957601593311, 48.864972027849447 ], [ 2.411378545279628, 48.864995683010839 ], [ 2.411846232183755, 48.865105003611539 ], [ 2.413883736160339, 48.86526159132859 ], [ 2.413977335687163, 48.865181109189805 ], [ 2.414117481122137, 48.863507225403652 ], [ 2.414370428780846, 48.860649457770577 ], [ 2.414701692063775, 48.858704000544719 ] ] ] ] } },
{ "type": "Feature", "properties": { "code_iris": "751208022", "nom_iris": "Charonne 22", "type_iris": "H", "arr": "20e", "n": 14, "prix_med": 81.5, "pct_multi": 14.3, "pct_entire": 85.7, "ratio_lh": 1.0 }, "geometry": { "type": "MultiPolygon", "coordinates": [ [ [ [ 2.405873145987859, 48.861858559155067 ], [ 2.40633232848506, 48.862351878542533 ], [ 2.408203742670079, 48.864279441022411 ], [ 2.408540563596726, 48.864388127500831 ], [ 2.408506533214125, 48.8645039741495 ], [ 2.408742229271848, 48.864515031520327 ], [ 2.40873391082897, 48.863926822107388 ], [ 2.409336114962119, 48.860706556041336 ], [ 2.409230865022706, 48.860612504865202 ], [ 2.409052940513529, 48.860556766481253 ], [ 2.408482880456408, 48.860104278572486 ], [ 2.407263890793875, 48.859545150719029 ], [ 2.407235908003843, 48.859728478245387 ], [ 2.407011235920174, 48.860187829052407 ], [ 2.406793885493401, 48.860482635778844 ], [ 2.406464740544948, 48.861138423428919 ], [ 2.405873145987859, 48.861858559155067 ] ] ] ] } },
{ "type": "Feature", "properties": { "code_iris": "751208023", "nom_iris": "Charonne 23", "type_iris": "H", "arr": "20e", "n": 45, "prix_med": 95.0, "pct_multi": 42.2, "pct_entire": 88.9, "ratio_lh": 1.25 }, "geometry": { "type": "MultiPolygon", "coordinates": [ [ [ [ 2.407263890793875, 48.859545150719029 ], [ 2.406224247127948, 48.859038162690794 ], [ 2.406009625624646, 48.858854530654803 ], [ 2.405896627500643, 48.858843177582031 ], [ 2.405836085349028, 48.858893240291863 ], [ 2.403920665249356, 48.857620134693668 ], [ 2.402143560963579, 48.85914825031454 ], [ 2.404316060619388, 48.860349815653564 ], [ 2.404805785747011, 48.860792031181759 ], [ 2.404875022851394, 48.861054983653538 ], [ 2.404972971325988, 48.861071658874906 ], [ 2.405627923231294, 48.861727836220993 ], [ 2.40581523510449, 48.861797116377431 ], [ 2.405873145987859, 48.861858559155067 ], [ 2.406464740544948, 48.861138423428919 ], [ 2.406793885493401, 48.860482635778844 ], [ 2.407011235920174, 48.860187829052407 ], [ 2.407235908003843, 48.859728478245387 ], [ 2.407263890793875, 48.859545150719029 ] ] ] ] } },
{ "type": "Feature", "properties": { "code_iris": "751208024", "nom_iris": "Charonne 24", "type_iris": "H", "arr": "20e", "n": 42, "prix_med": 108.0, "pct_multi": 21.4, "pct_entire": 90.5, "ratio_lh": 1.02 }, "geometry": { "type": "MultiPolygon", "coordinates": [ [ [ [ 2.400804828808559, 48.855972259216053 ], [ 2.399341796847571, 48.857563962801322 ], [ 2.399482260556796, 48.857675287347398 ], [ 2.402143560963579, 48.85914825031454 ], [ 2.403920665249356, 48.857620134693668 ], [ 2.402229135252558, 48.856560361007887 ], [ 2.401305514327804, 48.855928898615844 ], [ 2.401072903116679, 48.856008675828257 ], [ 2.400804828808559, 48.855972259216053 ] ] ] ] } },
{ "type": "Feature", "properties": { "code_iris": "751208025", "nom_iris": "Charonne 25", "type_iris": "H", "arr": "20e", "n": 26, "prix_med": 91.5, "pct_multi": 11.5, "pct_entire": 88.5, "ratio_lh": 1.0 }, "geometry": { "type": "MultiPolygon", "coordinates": [ [ [ [ 2.398669844126095, 48.85508558452679 ], [ 2.398055579112765, 48.855523176593998 ], [ 2.397878810600218, 48.85572374115047 ], [ 2.397128579397311, 48.856838751821201 ], [ 2.397817955136182, 48.856979823031381 ], [ 2.398851425764261, 48.857302488638013 ], [ 2.399341796847571, 48.857563962801322 ], [ 2.400804828808559, 48.855972259216053 ], [ 2.400638493845277, 48.855859007765496 ], [ 2.400637105333197, 48.855624271111623 ], [ 2.399442596353639, 48.855322396551038 ], [ 2.398669844126095, 48.85508558452679 ] ] ] ] } },
{ "type": "Feature", "properties": { "code_iris": "751208026", "nom_iris": "Charonne 26", "type_iris": "H", "arr": "20e", "n": 48, "prix_med": 105.5, "pct_multi": 16.7, "pct_entire": 91.7, "ratio_lh": 1.02 }, "geometry": { "type": "MultiPolygon", "coordinates": [ [ [ [ 2.396012785487526, 48.854331138914525 ], [ 2.394345091773725, 48.85651981725605 ], [ 2.395390895547421, 48.856716666861992 ], [ 2.396250509121196, 48.856750685530166 ], [ 2.397128579397311, 48.856838751821201 ], [ 2.397878810600218, 48.85572374115047 ], [ 2.398055579112765, 48.855523176593998 ], [ 2.398669844126095, 48.85508558452679 ], [ 2.396012785487526, 48.854331138914525 ] ] ] ] } }
]
}
